pdbid,predicted,real,set
11gs,6.807269096374513,5.82,training
13gs,5.6653242111206055,4.62,training
16pk,4.740987777709961,5.22,training
184l,5.689488410949707,4.72,training
185l,4.647904396057129,3.54,training
186l,6.228239059448242,4.85,training
187l,4.156613826751709,3.37,training
188l,4.591792583465576,3.33,training
1a07,5.174021244049072,6.4,training
1a08,6.360222816467285,5.62,training
1a09,7.4816856384277335,6.7,training
1a0q,6.925153732299805,7.57,training
1a0t,4.897660255432129,1.3,training
1a1b,6.0106611251831055,6.4,training
1a1c,6.053702354431152,6.4,training
1a1e,6.345804214477539,6.0,training
1a28,8.190997123718263,8.29,training
1a2c,7.128277778625487,6.3,training
1a37,5.664289474487305,6.92,training
1a3e,6.66806697845459,8.46,training
1a42,8.520631790161133,9.89,training
1a46,8.359525680541992,5.7,training
1a4g,6.919713020324707,8.4,training
1a4h,6.290440559387207,5.92,training
1a4k,7.323929786682129,8.0,training
1a4m,10.203755378723145,13.0,training
1a4q,7.38234806060791,5.44,training
1a4r,5.12177848815918,6.66,training
1a4w,8.027743339538574,5.92,training
1a50,7.770397186279298,6.7,training
1a52,7.677121162414551,9.86,training
1a5g,8.350028038024902,10.15,training
1a5h,7.001616477966309,6.3,training
1a5v,5.114269256591797,3.1,training
1a61,7.967089653015138,8.62,training
1a69,6.451045036315918,5.3,training
1a7c,5.423622131347656,4.0,training
1a7t,3.3782591819763184,1.64,training
1a7x,8.379826545715332,9.7,training
1a85,5.538286209106445,4.52,training
1a86,5.547563552856445,4.0,training
1a8i,4.9456214904785165,5.52,training
1a8t,7.810981750488281,5.8,training
1a99,6.384245872497559,5.7,training
1a9m,7.092788696289063,6.92,training
1a9u,6.97148323059082,7.32,training
1aaq,7.818131446838379,8.4,training
1abf,6.752236366271973,5.42,training
1abt,6.907464027404785,5.85,training
1acj,7.104395866394043,8.09,training
1ad8,8.298173904418945,6.6,training
1add,7.756827354431152,6.74,training
1ado,4.685717582702637,6.0,training
1af2,4.9558753967285165,3.1,training
1af6,4.652049064636231,1.82,training
1afk,5.601875305175781,6.62,training
1ag9,7.97817325592041,9.0,training
1agm,9.02843952178955,12.0,training
1agw,5.768739700317383,4.7,training
1aht,4.487055778503418,6.21,training
1ahx,3.56412124633789,3.92,training
1ahy,3.0580968856811523,3.36,training
1ai4,3.3862767219543457,2.5,training
1ai5,4.080946922302246,3.72,training
1ai6,3.893876552581787,3.97,training
1ai7,3.4172234535217285,4.09,training
1aj6,7.042081832885742,5.92,training
1aj7,6.459169387817383,3.87,training
1ajn,3.735785007476807,2.63,training
1ajp,3.7415800094604488,2.23,training
1ajq,3.6596558094024663,4.31,training
1ajv,8.522197723388674,7.72,training
1ajx,7.4895057678222665,7.91,training
1akq,8.490842819213867,9.1,training
1akr,8.177933692932129,9.09,training
1akt,8.005115509033201,8.49,training
1aku,8.047898292541504,6.13,training
1akv,8.386488914489746,11.59,training
1akw,7.8966007232666025,8.59,training
1al7,7.3369178771972665,7.8,training
1al8,6.535813331604004,5.32,training
1alw,4.023996353149413,6.52,training
1amn,8.224100112915039,13.82,training
1amw,4.622154235839844,4.54,training
1anf,4.544140815734863,5.46,training
1ao0,5.975860595703125,4.96,training
1ao8,6.767881393432617,8.22,training
1apb,6.120250701904298,5.82,training
1apv,6.9601097106933585,9.0,training
1apw,7.382762908935548,8.0,training
1aq1,7.667996406555176,8.15,training
1aq7,7.392013549804687,6.05,training
1aqc,6.69719123840332,5.34,training
1aqi,5.829819679260254,5.62,training
1aqj,5.79405403137207,6.47,training
1at5,4.619314193725586,4.19,training
1at6,5.383974075317383,4.07,training
1atr,5.621903419494629,6.96,training
1au0,7.135907173156737,7.66,training
1au2,7.686234474182129,7.89,training
1auj,8.541666984558105,8.25,training
1avd,11.200254440307617,15.0,training
1avn,3.56925106048584,3.9,training
1avp,5.451889991760254,7.92,training
1aw1,3.109027862548828,1.05,training
1awf,6.906913757324219,6.01,training
1awh,7.360595703125,6.08,training
1awi,6.304964065551758,4.05,training
1ax0,3.3404004573822017,3.13,training
1ax1,3.488133430480957,3.29,training
1ax2,4.067030906677246,3.99,training
1axr,3.9828035831451416,3.27,training
1axs,7.4387712478637695,7.77,training
1axz,3.376365423202514,3.2,training
1ayu,7.003783226013184,9.15,training
1ayv,8.106672286987305,8.0,training
1aze,5.271324157714844,4.22,training
1azg,5.067240238189697,4.8,training
1azl,8.431864738464355,8.62,training
1azm,6.647940635681152,6.1,training
1azx,7.1937198638916025,9.4,training
1b05,6.719327926635742,7.12,training
1b0f,8.273282051086426,7.7,training
1b0h,7.137448310852051,6.7,training
1b11,7.216683387756348,7.39,training
1b2h,5.770240783691406,4.54,training
1b2i,4.979991912841797,5.51,training
1b2m,6.247164726257324,3.73,training
1b38,5.652165412902832,6.6,training
1b39,5.604846000671387,6.92,training
1b3f,6.471531867980957,6.89,training
1b3h,6.3545494079589835,6.21,training
1b3l,6.194683074951173,5.89,training
1b40,7.80218505859375,7.28,training
1b42,3.716385841369629,4.01,training
1b46,6.335925102233888,5.28,training
1b4d,4.589434146881104,4.81,training
1b4h,6.2255401611328125,5.46,training
1b4z,6.461821556091309,5.23,training
1b51,5.9950828552246085,7.37,training
1b52,6.995696067810059,7.12,training
1b55,6.749382972717285,7.4,training
1b56,6.620988845825195,6.1,training
1b58,7.192994117736816,6.59,training
1b5g,8.207059860229492,8.0,training
1b5h,6.20672607421875,6.01,training
1b5i,5.626339912414551,7.05,training
1b5j,6.662432670593263,7.43,training
1b6j,8.229128837585451,7.92,training
1b6l,8.562642097473145,8.3,training
1b6m,8.254035949707031,8.4,training
1b6p,8.615524291992188,8.52,training
1b74,3.100549459457397,1.3,training
1b7h,6.7249412536621085,8.02,training
1b8n,8.111071586608888,10.52,training
1b8o,8.624093055725098,10.64,training
1b8y,7.4112300872802725,7.85,training
1b9j,5.623504638671875,5.96,training
1b9s,5.704663276672362,3.18,training
1b9t,6.304059028625487,5.1,training
1b9v,6.2241973876953125,3.65,training
1ba8,7.727083206176758,9.0,training
1bap,5.464616775512695,6.85,training
1bb0,8.035819053649902,8.36,training
1bbz,6.2520694732666025,5.82,training
1bcd,6.860563278198242,8.7,training
1bcj,4.235801696777344,3.7,training
1bdl,6.838703155517577,5.85,training
1bdq,7.991228103637695,6.34,training
1bdr,8.416898727416992,6.68,training
1bgo,7.9267520904541025,8.46,training
1bhf,5.3309645652771,4.38,training
1bhx,7.763400077819824,6.84,training
1bil,7.6553707122802725,9.3,training
1bim,6.422382354736327,8.92,training
1bio,3.2023127079010014,5.54,training
1biw,7.052962303161621,6.98,training
1bji,6.989349365234375,8.7,training
1bjr,6.360353469848633,7.68,training
1bju,5.379731178283691,4.8,training
1bjv,6.546375274658202,5.54,training
1bkj,5.919411659240723,6.77,training
1bkm,6.054279327392577,5.74,training
1bky,3.2035744190216064,3.84,training
1bl4,7.380935668945312,8.74,training
1bl6,6.614556312561035,6.8,training
1bl7,7.285065650939941,7.72,training
1bm2,6.537564277648926,6.96,training
1bm6,7.1874027252197275,7.89,training
1bma,6.583281517028809,4.59,training
1bmb,6.137205123901367,6.15,training
1bmk,6.4545440673828125,7.6,training
1bmm,6.9881534576416025,7.1,training
1bmn,7.371723175048827,8.44,training
1bmq,8.370984077453612,7.42,training
1bn1,8.312717437744139,9.34,training
1bn3,8.51240348815918,9.89,training
1bnm,8.704479217529299,10.0,training
1bnt,8.437046051025389,9.8,training
1bnu,8.72125244140625,9.7,training
1bnv,8.408319473266603,8.77,training
1bnw,8.544658660888674,9.08,training
1bo5,5.261202335357666,3.6,training
1bp0,7.0545759201049805,5.4,training
1bq3,6.892820358276367,5.4,training
1bq4,5.003134727478027,5.22,training
1bqm,7.370104789733888,7.35,training
1bqn,6.7849483489990225,6.22,training
1bqo,7.749114990234375,7.74,training
1br5,4.890307426452637,2.7,training
1br6,6.765170097351074,3.22,training
1br8,5.221869468688965,4.74,training
1bra,3.723230600357056,1.82,training
1bsk,7.286099433898926,4.12,training
1bt6,5.973525047302246,5.7,training
1btn,5.7423458099365225,4.4,training
1bug,6.170445442199707,4.37,training
1bux,5.6418800354003915,4.85,training
1bv7,8.982314109802246,10.3,training
1bv9,9.103673934936523,9.96,training
1bwa,9.057801246643066,8.6,training
1bwb,9.003602981567383,8.42,training
1bwn,6.248090744018555,7.06,training
1bxl,5.954798698425293,6.47,training
1bxo,8.211836814880371,10.0,training
1bxq,7.683799743652344,7.38,training
1bzf,7.612257957458496,8.3,training
1bzh,5.9742937088012695,6.77,training
1bzj,5.144662857055664,4.66,training
1bzs,6.997862815856934,8.0,training
1c12,7.65363597869873,8.72,training
1c1u,7.618490219116211,8.25,training
1c1v,8.188783645629883,7.64,training
1c29,6.484496116638184,6.33,training
1c2t,7.269793510437013,6.59,training
1c3b,5.618639945983887,7.57,training
1c3e,7.225430488586426,6.59,training
1c3i,6.585542678833008,5.8,training
1c3r,6.118711471557617,6.4,training
1c3x,5.772529602050781,3.68,training
1c4u,8.054804801940918,10.37,training
1c4v,8.24343204498291,10.8,training
1c4y,7.516509056091309,7.92,training
1c50,7.705734252929687,6.48,training
1c5c,6.437971115112305,6.96,training
1c5f,6.814089775085449,6.07,training
1c5n,4.224077224731444,4.7,training
1c5p,3.4629836082458496,4.68,training
1c5t,3.909435272216797,4.1,training
1c5x,5.1628456115722665,6.68,training
1c6y,9.926751136779783,9.51,training
1c7e,6.379234313964844,6.3,training
1c7f,6.760089874267577,9.52,training
1c83,5.0915207862854,4.85,training
1c84,4.529919624328613,5.0,training
1c85,3.83747124671936,4.64,training
1c86,4.3170738220214835,4.7,training
1c87,4.561325550079347,4.2,training
1c88,4.929701805114746,5.29,training
1c8k,5.401746273040772,6.0,training
1c8l,8.056118965148926,8.16,training
1c8v,6.146498680114746,6.33,training
1c9d,6.063298225402832,6.3,training
1ca8,7.653247833251952,9.49,training
1caq,7.954201698303223,7.72,training
1cbr,7.215513229370117,9.4,training
1cbx,5.466724395751953,6.35,training
1ce5,3.694121837615967,4.74,training
1cea,4.41263484954834,4.96,training
1ceb,5.515826225280762,6.0,training
1cgl,7.037508010864258,6.87,training
1ch8,5.424673080444336,7.0,training
1ci7,6.973312377929688,7.05,training
1cil,8.292519569396973,9.43,training
1cim,8.031960487365723,8.82,training
1cin,8.168493270874022,8.73,training
1ciz,7.739410400390625,7.44,training
1cj1,6.737306594848633,8.8,training
1cka,4.9829673767089835,5.72,training
1ckb,5.221263885498047,5.28,training
1clu,6.046385765075684,8.27,training
1cnw,7.629709243774414,7.72,training
1cnx,8.166133880615233,7.37,training
1cny,6.777173042297362,7.85,training
1cp6,4.800606727600098,5.0,training
1cpi,7.515383720397949,7.41,training
1cqp,5.918195724487305,5.62,training
1cr6,7.352460861206055,8.51,training
1cs4,6.223268508911133,5.57,training
1csh,6.905067443847656,7.55,training
1csi,7.119650840759277,8.8,training
1csr,6.5706329345703125,7.38,training
1css,6.976719856262207,6.1,training
1ct8,7.761819839477539,6.52,training
1ctr,6.27298641204834,6.0,training
1ctt,4.614817142486572,4.52,training
1cw2,6.8033409118652335,6.15,training
1cwb,7.089449882507324,7.89,training
1cwc,7.204146385192871,7.8,training
1cx9,6.379265785217285,6.75,training
1cyn,7.0916805267333975,7.68,training
1czc,3.0180411338806152,2.82,training
1cze,3.0762104988098145,2.62,training
1czk,8.939870834350586,8.82,training
1czl,8.663942337036133,9.15,training
1czo,6.689676284790039,4.55,training
1czq,6.708344459533691,4.54,training
1czr,8.561448097229004,9.0,training
1d04,6.668631553649902,4.59,training
1d09,5.324101448059082,7.57,training
1d1p,5.3733673095703125,3.6,training
1d2e,6.033028602600098,6.0,training
1d2s,7.602313041687013,9.74,training
1d3d,7.760783195495605,9.09,training
1d3q,7.627626419067383,6.54,training
1d3v,6.293314933776856,6.96,training
1d4h,9.571648597717283,10.0,training
1d4i,8.931150436401367,8.85,training
1d4j,8.981701850891113,8.36,training
1d4k,9.140228271484377,9.22,training
1d4l,9.055519104003906,8.77,training
1d4p,7.472599983215332,6.3,training
1d4t,6.076462745666504,6.19,training
1d4w,6.574591636657715,6.92,training
1d5j,8.373809814453125,9.15,training
1d5r,4.081738471984863,1.82,training
1d6n,3.8661704063415527,4.5,training
1d6s,6.036636352539063,4.11,training
1d6v,7.6666669845581055,6.17,training
1d6w,7.911824226379394,5.96,training
1d7i,3.4967799186706543,3.6,training
1d7j,3.0086021423339844,3.3,training
1d7x,8.294157028198242,8.52,training
1d8e,7.215797424316406,6.6,training
1d8f,7.99547004699707,7.74,training
1d8m,8.007907867431639,8.51,training
1dar,5.323013305664063,4.96,training
1db1,9.127493858337402,9.26,training
1db4,7.395708084106445,7.24,training
1db5,7.502528190612793,6.82,training
1dbb,7.955629348754883,9.0,training
1dbj,8.376727104187013,7.68,training
1dbk,8.623658180236816,8.1,training
1ddm,5.307557106018066,5.77,training
1det,4.693563461303711,4.3,training
1df8,9.70758056640625,9.7,training
1dfo,8.37214469909668,6.7,training
1dg9,5.109338283538818,2.74,training
1dgm,4.469429969787598,5.05,training
1dhi,7.057246208190918,7.26,training
1dhj,7.248527526855469,6.55,training
1di8,6.156596183776856,6.0,training
1di9,5.7081260681152335,5.3,training
1dif,9.112975120544434,10.66,training
1dis,8.631263732910156,11.0,training
1dkd,6.9385528564453125,5.7,training
1dl7,5.363428115844727,6.49,training
1dm2,7.447138786315918,7.15,training
1dmb,5.113985538482666,5.74,training
1dmp,8.637492179870605,9.55,training
1dmt,8.5157470703125,8.7,training
1doj,8.417217254638674,8.96,training
1dpu,5.713084220886231,6.0,training
1dqn,6.6409912109375,8.0,training
1dqx,7.558807373046875,11.05,training
1drj,6.130064010620117,7.4,training
1drk,5.806507110595702,6.82,training
1dth,7.815947532653809,8.22,training
1dtq,7.720454216003418,8.22,training
1dtt,7.903079032897949,8.3,training
1dub,6.6135826110839835,5.8,training
1duv,9.249139785766602,11.8,training
1dva,7.2908668518066415,8.07,training
1dwc,7.6853065490722665,7.41,training
1dwd,7.8833465576171875,8.18,training
1dx6,6.746636390686035,6.19,training
1dxp,5.950054168701173,7.57,training
1dy4,5.980995178222656,4.36,training
1dzj,7.0580711364746085,5.89,training
1dzk,5.768531799316406,6.1,training
1dzm,5.335911750793457,5.41,training
1dzp,6.071354866027832,5.44,training
1e00,6.1747703552246085,6.1,training
1e02,6.35387134552002,6.15,training
1e03,6.269646644592285,9.4,training
1e06,4.3826560974121085,5.6,training
1e1v,5.514486312866211,4.92,training
1e1x,5.573861122131348,5.89,training
1e1y,5.4768571853637695,5.6,training
1e2k,7.490996360778809,4.94,training
1e2l,6.864209175109862,4.29,training
1e34,5.855682373046875,2.88,training
1e37,6.172323226928711,3.7,training
1e3g,8.498586654663086,9.0,training
1e3v,5.704676628112793,4.34,training
1e4h,6.763825416564941,8.41,training
1e55,5.210127830505371,4.12,training
1e5a,5.860793113708496,7.64,training
1e6q,5.513893127441406,3.15,training
1e6s,4.013991355895996,3.22,training
1e72,4.830531120300293,3.22,training
1e8h,5.20258903503418,5.68,training
1e9h,7.29924201965332,7.46,training
1eas,7.806722640991211,7.74,training
1eat,8.331890106201174,7.82,training
1eb1,7.112525939941406,10.43,training
1eb2,6.7306251525878915,6.01,training
1ebg,7.754201889038086,10.82,training
1ebw,7.703045845031737,9.05,training
1ec2,7.974841117858888,10.0,training
1ecv,4.179180145263672,4.85,training
1eed,6.5124244689941415,4.79,training
1eef,5.093723773956299,2.92,training
1eei,4.386608600616455,3.15,training
1efi,3.4180376529693604,1.92,training
1efy,6.380558967590332,8.22,training
1egh,4.485547065734863,5.7,training
1eix,9.047170639038086,11.06,training
1ej4,6.1573734283447275,7.3,training
1ejn,7.481924057006836,5.62,training
1ek1,6.81497859954834,7.77,training
1ek2,6.6965532302856445,8.2,training
1ekb,7.010698318481445,6.0,training
1ela,6.9942731857299805,6.36,training
1elb,7.816579818725586,7.15,training
1elc,7.797030448913574,6.66,training
1ele,7.168509483337402,6.85,training
1elr,6.011094093322754,4.96,training
1els,8.301778793334961,10.82,training
1em6,6.61607837677002,8.22,training
1ent,6.133119583129883,6.96,training
1enu,6.298336982727051,5.08,training
1eoc,6.846393585205077,6.05,training
1eoj,8.184647560119629,13.77,training
1eol,8.048420906066895,13.42,training
1eou,6.978747367858888,7.44,training
1epo,7.406278610229492,7.96,training
1epp,6.892875671386719,7.16,training
1epq,5.851243019104004,8.19,training
1ero,7.781074523925781,8.23,training
1erq,8.499696731567383,7.89,training
1err,7.968743324279785,8.11,training
1esz,6.9439897537231445,6.52,training
1ets,7.593022346496582,8.22,training
1ett,7.172619819641112,5.89,training
1etz,7.065053939819336,7.24,training
1eub,8.058994293212889,8.72,training
1eve,7.753629684448242,8.24,training
1evh,6.119559288024902,3.22,training
1ew8,3.3271961212158203,2.26,training
1ewj,6.740954399108888,7.49,training
1exv,7.175820350646973,7.35,training
1exw,6.822713851928711,3.9,training
1ezf,7.46624755859375,7.25,training
1ezq,7.842329025268555,9.05,training
1f0q,6.767066955566406,6.0,training
1f0r,7.404973030090332,7.66,training
1f0s,8.259925842285156,7.74,training
1f0t,6.767088890075684,6.0,training
1f0u,6.5219364166259775,7.16,training
1f1j,7.7263145446777335,8.8,training
1f28,7.449246406555176,7.8,training
1f2o,3.9812297821044917,1.91,training
1f2p,4.355345726013184,1.9,training
1f3e,6.728660583496094,6.7,training
1f3j,6.974366188049316,5.22,training
1f40,6.280265808105469,6.0,training
1f47,6.158646583557129,4.67,training
1f4e,5.633552551269531,2.96,training
1f4f,6.737378120422362,4.62,training
1f4g,7.203131675720215,6.48,training
1f4x,5.583089828491211,5.59,training
1f4y,5.6711463928222665,6.08,training
1f57,4.032272338867188,5.64,training
1f5l,5.018075942993164,5.28,training
1f74,5.566812515258789,3.05,training
1f7b,5.43629264831543,4.6,training
1f8a,5.995100975036621,5.0,training
1f8e,4.8336358070373535,4.82,training
1f90,5.84699821472168,7.92,training
1f92,7.645652770996094,6.19,training
1f9e,7.8518428802490225,8.7,training
1f9g,3.1479625701904297,1.28,training
1fao,6.05360221862793,7.37,training
1fax,8.085577964782715,7.39,training
1fbm,7.436076164245605,6.22,training
1fch,6.574424743652344,7.15,training
1fcx,7.855804443359375,7.19,training
1fcz,7.831189155578612,9.22,training
1fd0,7.936290740966798,8.4,training
1fd7,5.488391876220703,1.85,training
1fdq,7.181684494018555,7.27,training
1fe3,7.455185890197754,7.33,training
1ff1,6.036834716796875,4.92,training
1fgi,6.570652961730957,5.0,training
1fh7,5.027510166168213,5.24,training
1fh8,6.3159141540527335,6.89,training
1fh9,5.557609558105469,6.43,training
1fhd,6.367825508117676,6.82,training
1fhr,4.934657573699951,4.0,training
1fig,3.7365834712982178,6.22,training
1fj4,6.49885368347168,4.59,training
1fkb,7.92371940612793,9.7,training
1fkf,7.338478088378906,9.4,training
1fkh,7.13768482208252,8.15,training
1fki,6.751587867736816,7.0,training
1fkw,7.179808616638184,5.05,training
1fl6,5.658113479614258,7.43,training
1flm,7.223719596862793,9.37,training
1flr,7.013253211975098,10.0,training
1fls,7.197242736816406,7.48,training
1fm9,8.478076934814451,9.0,training
1fmb,7.2849483489990225,10.0,training
1fo0,6.087003707885742,5.59,training
1fo2,4.725161552429199,4.7,training
1fo3,5.0701026916503915,6.7,training
1fpc,7.463111877441406,7.0,training
1fpi,5.296786308288574,5.89,training
1fpp,6.767902374267577,8.0,training
1fpy,5.226578712463379,6.0,training
1fq4,7.399111747741699,6.4,training
1fq5,8.918996810913086,8.4,training
1fq6,7.945225715637207,7.86,training
1fq7,7.3674583435058585,5.43,training
1fq8,8.068061828613281,6.03,training
1fsg,5.474945068359375,5.02,training
1fsw,6.030299186706543,6.49,training
1fsy,8.435561180114746,6.82,training
1ft4,5.474313735961914,6.57,training
1ft7,4.876678466796875,5.18,training
1fta,6.6193580627441415,6.36,training
1ftj,5.691661834716798,6.09,training
1ftk,5.7695865631103525,4.84,training
1ftl,6.465916633605957,6.0,training
1fv9,3.9567050933837886,5.0,training
1fvt,6.432878494262695,7.22,training
1fvv,7.471391677856445,8.0,training
1fw0,5.9882917404174805,5.43,training
1fwe,4.070535182952882,5.6,training
1fwu,4.495970726013184,3.7,training
1fwv,4.7126641273498535,3.72,training
1fyr,5.729604721069336,5.62,training
1fzj,6.927050590515138,8.1,training
1fzk,7.4315147399902335,8.4,training
1fzm,7.014039039611816,7.7,training
1fzo,6.906913757324219,7.89,training
1g05,7.970961570739746,8.51,training
1g1d,8.628450393676758,9.44,training
1g1e,6.508553504943848,7.54,training
1g27,6.308098793029785,8.15,training
1g2a,6.752045631408691,8.0,training
1g2k,8.399080276489258,7.96,training
1g2l,8.961434364318848,7.24,training
1g2m,8.790382385253906,7.4,training
1g2o,9.943904876708984,10.55,training
1g30,8.51943302154541,6.85,training
1g35,8.424517631530763,8.14,training
1g36,7.951895713806152,7.17,training
1g37,8.355134963989258,10.0,training
1g3b,6.327376365661621,5.74,training
1g3c,6.038237571716309,5.8,training
1g3d,6.570539474487305,5.55,training
1g3e,6.044618606567383,5.38,training
1g3f,4.77652645111084,6.37,training
1g3m,7.397992134094237,10.0,training
1g42,5.035888671875,3.01,training
1g45,8.449880599975586,8.64,training
1g46,8.485006332397461,8.8,training
1g49,8.13048267364502,7.8,training
1g4j,8.350997924804688,8.7,training
1g4k,7.454842567443848,5.7,training
1g4o,8.130860328674316,8.25,training
1g50,8.162626266479492,6.28,training
1g52,8.465627670288086,9.54,training
1g53,8.354301452636719,9.04,training
1g5f,3.437553882598877,2.64,training
1g5s,8.128852844238281,7.32,training
1g6g,5.479255676269531,6.28,training
1g6r,6.382072448730469,4.27,training
1g6s,4.816471576690674,5.15,training
1g74,7.290827751159668,6.52,training
1g7f,5.903282165527344,5.47,training
1g7g,6.4180450439453125,6.6,training
1g7p,6.46056079864502,7.05,training
1g7v,5.222747802734375,6.4,training
1g85,6.412899971008301,5.48,training
1g98,5.985352516174316,5.7,training
1g9a,6.537211418151856,5.3,training
1g9b,7.207437515258789,5.3,training
1g9c,6.2850189208984375,5.3,training
1g9d,7.259995460510254,5.3,training
1g9s,4.1934423446655265,3.61,training
1g9t,5.322769165039063,3.28,training
1ga8,3.9153220653533936,1.8,training
1ga9,6.735607147216798,7.08,training
1gaf,6.814780235290527,8.0,training
1gag,5.701404571533202,6.12,training
1gah,8.676455497741701,12.0,training
1gai,8.356410980224611,8.0,training
1gar,7.67048454284668,10.0,training
1gbq,5.2675628662109375,2.46,training
1gbt,4.252981185913087,2.0,training
1gca,6.561288833618164,6.7,training
1gcz,6.286125183105469,5.13,training
1gfw,7.1191253662109375,7.82,training
1gfy,5.548029899597168,5.08,training
1gfz,3.768752336502075,4.0,training
1ggd,6.4451446533203125,5.8,training
1ggn,5.4262733459472665,5.51,training
1ghw,6.074003219604492,4.2,training
1ghy,7.257293701171875,8.1,training
1ghz,5.996562004089356,4.8,training
1gi1,6.6032676696777335,5.47,training
1gi4,7.487364768981934,7.19,training
1gi6,6.339651107788086,6.22,training
1gi7,5.971554756164551,4.51,training
1gi8,6.117190361022949,5.05,training
1gi9,5.984183311462402,5.22,training
1gj4,7.581893920898437,4.07,training
1gj5,7.581230163574219,4.96,training
1gj6,7.464128494262695,7.0,training
1gj7,7.700095176696777,7.89,training
1gjb,7.384415626525879,6.35,training
1gjc,7.137361526489258,6.35,training
1gjd,6.615242958068848,5.22,training
1gmy,7.479985237121582,7.35,training
1gni,6.708783149719237,8.07,training
1gnj,6.888922691345215,7.04,training
1gnm,7.497979164123535,6.25,training
1gno,7.3510494232177725,7.7,training
1gny,3.900317668914795,4.14,training
1gpy,3.7404193878173833,4.7,training
1gqs,4.434928894042969,6.3,training
1gsf,5.336091995239258,5.0,training
1gsz,7.851961135864258,7.21,training
1gt1,6.662675857543945,6.0,training
1gt3,7.365882873535156,6.46,training
1gt4,7.932785034179687,6.52,training
1gt5,5.78570556640625,6.1,training
1gu1,4.597168922424316,4.52,training
1gu3,4.2787723541259775,4.32,training
1gui,5.45236873626709,6.28,training
1guw,5.852436065673827,5.72,training
1gux,5.6961870193481445,6.96,training
1gvk,4.943463802337647,3.05,training
1gvu,6.870868682861327,9.0,training
1gvw,6.408129692077638,6.96,training
1gvx,7.66388988494873,7.22,training
1gwm,4.566164970397949,4.1,training
1gwq,5.8351078033447275,7.12,training
1gwr,5.407193660736084,6.6,training
1gwv,4.1498985290527335,2.57,training
1gww,4.908710479736328,3.59,training
1gx0,5.269413948059082,4.22,training
1gx4,4.817343711853027,3.24,training
1gym,3.671164989471436,2.7,training
1gyx,3.258272647857666,2.48,training
1gyy,3.6801786422729488,3.64,training
1gz3,4.743485450744629,3.7,training
1gz4,5.256307601928711,3.7,training
1gz9,4.362267971038818,3.51,training
1gzc,3.4520418643951416,3.49,training
1gzg,4.5486488342285165,3.05,training
1gzv,5.3626980781555185,6.57,training
1h00,6.9184226989746085,4.42,training
1h01,7.243507385253906,4.66,training
1h07,7.686894416809082,5.52,training
1h08,6.322421073913574,4.55,training
1h0r,4.1853790283203125,3.7,training
1h0w,5.357771873474121,4.89,training
1h1b,7.178977012634277,9.8,training
1h1h,4.982695579528809,5.22,training
1h1p,5.5569496154785165,4.92,training
1h1q,7.266345977783202,6.0,training
1h1r,7.248811721801758,5.64,training
1h1s,7.869978904724121,8.22,training
1h24,5.867657661437987,6.3,training
1h25,6.142478942871094,5.74,training
1h26,6.100720405578612,5.54,training
1h27,5.595940589904785,5.6,training
1h28,5.9387454986572275,6.52,training
1h2k,4.2131314277648935,2.92,training
1h2t,7.086655616760254,7.89,training
1h2u,6.705554008483888,7.89,training
1h35,8.197124481201174,7.54,training
1h36,7.6885643005371085,7.74,training
1h37,7.801502227783202,7.23,training
1h39,7.330609321594237,6.54,training
1h3a,8.384518623352049,6.55,training
1h3b,8.301198959350586,6.85,training
1h3c,7.818830490112305,6.51,training
1h3h,5.230582237243652,6.66,training
1h4n,4.2557573318481445,4.92,training
1h4w,3.851444959640503,4.66,training
1h5u,7.881694793701173,6.75,training
1h5v,4.655866622924805,3.93,training
1h60,6.113333702087402,4.7,training
1h61,5.65855884552002,4.89,training
1h62,5.50357723236084,4.77,training
1h6e,5.699830055236816,6.15,training
1h6h,5.3164777755737305,5.3,training
1h79,5.522019386291504,4.89,training
1h7a,6.0117692947387695,4.72,training
1h8l,7.012200355529785,7.47,training
1h8s,7.492505073547362,5.81,training
1h8y,6.6375179290771475,7.7,training
1h9l,6.617177963256836,3.12,training
1h9z,5.673832893371582,5.42,training
1ha2,5.848434448242188,5.54,training
1haa,6.908708572387695,8.7,training
1hbj,8.049208641052246,8.52,training
1hbv,8.015476226806639,6.37,training
1hc9,7.116690635681152,8.72,training
1hdq,5.701380729675293,5.82,training
1hdt,7.608420372009277,7.76,training
1hee,6.267341613769531,5.34,training
1hef,8.987007141113281,9.0,training
1heg,7.591483116149902,7.74,training
1hge,4.4983391761779785,2.27,training
1hgi,4.81594181060791,2.68,training
1hgj,4.477560043334961,1.66,training
1hgt,7.239430427551269,6.82,training
1hi4,4.92878532409668,4.49,training
1hih,8.058503150939941,8.05,training
1hii,8.52552318572998,7.28,training
1him,7.035038948059082,7.7,training
1hiv,8.745927810668945,9.0,training
1hiy,4.830015182495117,3.08,training
1hk1,6.30263614654541,5.64,training
1hk2,6.4632568359375,6.77,training
1hk3,6.434954643249513,6.59,training
1hk4,6.067315101623535,5.31,training
1hk5,6.300753593444824,5.24,training
1hkj,7.771181106567383,8.59,training
1hkk,7.2894182205200195,7.4,training
1hkm,7.484516143798827,8.72,training
1hlf,5.194444179534912,5.64,training
1hlk,5.68775749206543,5.0,training
1hmr,5.743888854980469,6.55,training
1hms,5.804844856262207,6.37,training
1hn2,6.625750541687013,6.0,training
1hn4,6.3079586029052725,3.82,training
1hos,7.8304080963134775,8.55,training
1hp0,6.43723201751709,6.7,training
1hp5,7.021975517272949,6.55,training
1hpo,8.054030418395996,9.22,training
1hps,8.76018238067627,9.22,training
1hpv,8.946393966674805,9.22,training
1hpx,8.501334190368652,11.26,training
1hq5,6.426582336425781,5.65,training
1hqf,5.4113502502441415,5.0,training
1hqg,3.738101482391357,3.0,training
1hqh,4.789286613464356,6.3,training
1hrn,7.297126770019531,8.05,training
1hs6,6.151458740234375,5.38,training
1hsg,9.24803352355957,9.42,training
1hte,6.105664253234862,5.64,training
1htf,7.394036293029785,6.83,training
1htg,8.008689880371094,8.42,training
1hti,3.9090056419372563,5.13,training
1hty,2.9544038772583012,1.4,training
1hv5,7.071022033691406,8.3,training
1hvh,8.485475540161133,7.96,training
1hvi,8.731511116027832,10.92,training
1hvj,8.991488456726074,11.4,training
1hvl,8.638253211975098,9.95,training
1hvr,8.88554859161377,9.51,training
1hvy,7.224669456481934,6.54,training
1hwr,8.125140190124513,8.33,training
1hww,7.013753890991211,7.7,training
1hxk,4.737028121948242,3.4,training
1hy7,7.829795837402344,5.39,training
1hyo,4.762628555297852,4.07,training
1hyv,4.6590614318847665,2.3,training
1hyz,5.2505364418029785,3.42,training
1i00,6.560985565185548,6.34,training
1i1e,5.694680213928223,5.03,training
1i2s,3.4114906787872314,3.31,training
1i32,6.884066581726074,5.7,training
1i33,6.9762020111083975,4.12,training
1i37,7.840121269226074,9.57,training
1i3z,7.041025161743164,6.88,training
1i41,6.152626991271973,4.57,training
1i43,4.1261510848999015,3.7,training
1i48,6.076692581176758,5.7,training
1i5d,6.4772233963012695,8.0,training
1i5h,5.395698547363281,4.28,training
1i6v,7.443096160888673,5.0,training
1i72,6.775240898132324,7.26,training
1i7c,6.0350446701049805,6.4,training
1i7g,6.645400047302246,6.0,training
1i7i,7.320055961608888,6.7,training
1i7m,5.027743339538574,9.64,training
1i7z,7.641295433044434,6.4,training
1i8h,5.383797645568848,4.54,training
1i8i,6.580317497253418,7.66,training
1i8j,5.414268493652344,4.41,training
1i8z,8.448285102844237,8.9,training
1i90,8.478866577148438,8.89,training
1i91,7.881696701049805,8.94,training
1i9l,7.786061286926269,8.48,training
1i9n,8.317402839660645,8.66,training
1i9o,8.111156463623049,8.42,training
1i9p,8.277474403381348,8.41,training
1iau,6.912215232849121,7.1,training
1ibc,7.210176467895508,10.25,training
1ibg,7.8455705642700195,8.55,training
1icj,4.804642200469972,2.22,training
1ida,8.586709976196289,8.7,training
1idb,9.274362564086914,7.96,training
1idg,6.660051345825195,7.19,training
1ie9,9.30045223236084,10.19,training
1iem,7.5397138595581055,7.7,training
1iep,7.116921424865723,7.0,training
1iew,5.091851234436035,4.59,training
1if7,8.311993598937987,10.52,training
1if8,8.265224456787111,9.64,training
1igb,7.017871856689452,6.4,training
1ih0,6.9329261779785165,5.0,training
1iht,7.225468635559082,8.46,training
1ihy,5.713045120239258,3.74,training
1ii5,6.1699466705322275,6.62,training
1iig,3.1556062698364262,1.57,training
1iih,3.318455696105957,2.89,training
1iiq,8.031711578369139,7.48,training
1ijr,6.4720659255981445,5.44,training
1ik4,5.917178153991699,7.41,training
1ikt,5.668549537658691,3.4,training
1ikv,7.152833938598633,6.28,training
1ikw,7.958765983581543,8.6,training
1ikx,7.791003227233888,8.15,training
1iky,7.881340026855469,8.26,training
1il3,4.028292655944823,2.55,training
1il4,4.203323841094972,2.85,training
1il5,4.2899513244628915,2.66,training
1il9,4.103632926940918,3.4,training
1ilh,7.487093925476074,7.39,training
1ilq,6.855330467224121,4.89,training
1imx,5.549741744995117,3.52,training
1inc,7.0152435302734375,9.34,training
1ind,7.21314811706543,10.05,training
1inf,4.892397880554199,5.0,training
1ing,3.87834906578064,2.0,training
1inh,4.7815351486206055,2.3,training
1inq,7.212820053100586,6.27,training
1iq1,5.725301742553711,7.46,training
1irs,6.270112037658691,5.22,training
1is0,5.941550254821777,7.0,training
1it6,8.196648597717285,8.39,training
1iup,3.289788246154785,2.54,training
1ivp,7.9185237884521475,7.52,training
1iwq,6.3037662506103525,8.06,training
1iyl,7.259417533874513,9.0,training
1izi,8.526200294494629,6.59,training
1j01,5.119871616363525,6.47,training
1j07,6.963351249694824,7.68,training
1j15,3.677794933319092,3.84,training
1j17,6.8791913986206055,5.22,training
1j19,6.2609920501708975,7.79,training
1j1a,8.071199417114258,7.54,training
1j36,7.1595726013183585,7.74,training
1j4k,4.9353742599487305,4.0,training
1j4p,5.325528144836426,4.99,training
1j4q,5.620783805847168,6.44,training
1j4r,7.637944221496582,7.72,training
1j5i,5.644132614135742,3.64,training
1j7z,6.24122428894043,7.7,training
1j80,6.391496658325195,6.52,training
1j81,6.3241376876831055,7.1,training
1jak,5.4935302734375,5.57,training
1jao,6.1975603103637695,5.92,training
1jaq,5.208275318145752,4.48,training
1jbd,6.698143005371094,6.92,training
1jd0,7.892387390136719,8.24,training
1jd5,6.456918716430664,6.62,training
1jd6,6.4050140380859375,7.39,training
1jdj,4.230059623718262,2.3,training
1jet,6.0427350997924805,7.25,training
1jeu,6.50539493560791,6.82,training
1jfh,4.229310989379884,2.05,training
1jg0,6.4618024826049805,5.3,training
1jgl,7.293251037597656,8.7,training
1jh1,5.6877946853637695,4.39,training
1jif,6.477719306945801,6.2,training
1jii,8.190699577331543,9.0,training
1jij,7.514901161193848,8.52,training
1jik,7.945322036743164,9.7,training
1jil,7.77515983581543,8.4,training
1jiz,7.414067268371582,8.7,training
1jj9,6.463907241821289,5.77,training
1jje,6.96295166015625,8.43,training
1jjk,7.65449333190918,11.06,training
1jjt,7.330638885498048,8.05,training
1jk7,8.049309730529785,8.52,training
1jld,7.367445945739746,6.73,training
1jlq,6.895303726196289,8.15,training
1jlr,5.256011962890625,3.33,training
1jlx,5.7795515060424805,5.8,training
1jm4,5.266081809997559,5.0,training
1jmf,6.51171875,5.77,training
1jmg,6.228872299194336,6.07,training
1jmi,6.260371208190918,6.06,training
1jmq,4.922839164733887,4.4,training
1jn2,5.744738578796388,4.09,training
1jn4,5.5750017166137695,4.95,training
1joc,4.156021595001222,4.62,training
1joj,5.705231666564941,4.22,training
1jp5,7.464503288269043,9.22,training
1jpl,5.415549278259277,5.0,training
1jq3,6.349761962890625,6.7,training
1jq8,7.865821838378906,6.0,training
1jq9,7.1061038970947275,8.45,training
1jqd,6.247185707092285,5.16,training
1jqe,6.953113555908202,6.44,training
1jr1,7.695477485656737,8.22,training
1jrs,6.101941108703612,6.4,training
1jsv,7.098676681518555,5.7,training
1jt1,5.071917533874512,3.4,training
1jtq,6.754008293151856,8.07,training
1juf,6.969736099243164,5.85,training
1juj,6.821417808532715,6.96,training
1juq,4.673250675201416,4.25,training
1jut,7.045055389404298,7.32,training
1juy,7.938399314880371,7.66,training
1jvp,7.218559265136719,5.8,training
1jvu,5.436995506286621,5.15,training
1jwm,5.957245826721191,3.57,training
1jws,6.207369804382324,4.85,training
1jwt,7.469748497009277,7.85,training
1jwu,6.263289451599121,5.34,training
1jyc,5.984668731689452,4.34,training
1jyi,5.591341018676758,4.0,training
1jys,3.304972648620605,3.52,training
1jzs,7.254989624023437,6.6,training
1k03,3.7175004482269287,6.0,training
1k06,4.622866630554199,5.34,training
1k08,4.231843948364259,5.34,training
1k1j,6.91951847076416,7.55,training
1k1l,7.011752128601074,6.9,training
1k1m,6.849220275878906,7.4,training
1k1n,6.906023979187013,6.82,training
1k1o,6.578681945800781,6.17,training
1k1p,7.199981689453125,7.92,training
1k1y,5.892143249511719,3.22,training
1k21,6.809173583984375,8.38,training
1k22,7.245826721191406,8.4,training
1k27,8.107765197753906,9.0,training
1k2i,3.484404325485229,3.11,training
1k2v,7.610882759094237,4.44,training
1k3n,5.1975064277648935,4.99,training
1k3q,5.646708488464356,6.52,training
1k3t,5.051216125488281,4.19,training
1k6t,8.339241981506348,7.62,training
1k6v,7.355628967285156,6.92,training
1k9q,5.263826847076416,3.15,training
1k9r,4.826502799987793,3.3,training
1ka7,6.3054046630859375,6.22,training
1kak,5.008252143859863,4.59,training
1kat,6.710820198059082,6.0,training
1kav,5.589192390441895,5.82,training
1kc5,5.9241485595703125,7.0,training
1kc7,5.065118789672852,5.52,training
1kcs,5.902314186096191,7.0,training
1kdk,8.523735046386719,9.05,training
1kds,5.804399490356445,5.77,training
1kdv,6.2707176208496085,6.22,training
1kdw,4.468464374542236,5.54,training
1kdy,6.377997398376465,6.38,training
1kdz,7.119783401489258,8.22,training
1ke0,5.151191711425781,5.38,training
1ke1,6.799741744995117,7.25,training
1ke2,6.351107597351074,7.35,training
1ke3,6.3926029205322275,6.7,training
1ke5,6.525242805480957,6.25,training
1ke6,7.756972312927246,8.24,training
1ke7,7.542851448059082,8.05,training
1ke8,7.347298622131348,6.0,training
1ke9,6.495132446289063,6.18,training
1kf0,5.173713684082031,2.55,training
1kf6,7.586316108703612,6.7,training
1kfy,7.379371643066406,5.28,training
1kjr,5.633261680603027,6.06,training
1kkq,7.7572898864746085,6.62,training
1kl3,6.6754798889160165,5.86,training
1kl5,6.341128349304199,5.99,training
1klg,6.113808631896973,7.89,training
1kll,6.437013626098633,5.2,training
1klu,5.8578529357910165,7.6,training
1kmv,7.0679121017456055,6.95,training
1kna,5.155090808868408,5.15,training
1kne,5.199585437774658,5.6,training
1koj,5.591232299804688,6.7,training
1kqb,3.5264477729797363,4.0,training
1kr3,6.831690788269043,5.0,training
1ksn,8.492533683776855,9.4,training
1kti,4.012005805969238,3.43,training
1ktt,7.152188301086426,5.82,training
1kug,5.8156700134277335,3.8,training
1kui,4.940977096557617,3.77,training
1kuk,5.037664890289307,3.91,training
1kv1,6.736422538757324,5.94,training
1kv2,7.915130615234375,10.0,training
1kv5,4.2634973526000985,4.22,training
1kvo,8.072861671447754,7.89,training
1kwq,8.514211654663086,9.21,training
1kwr,7.610560417175293,6.6,training
1kyn,6.119917869567871,5.39,training
1kyv,6.6509151458740225,5.92,training
1kz8,5.957123756408691,6.08,training
1l0a,5.415468692779541,4.62,training
1l2s,5.552596092224121,4.59,training
1l2z,5.5809974670410165,3.69,training
1l5q,3.6001904010772705,3.97,training
1l5r,5.985672950744629,4.77,training
1l5s,4.069317817687988,3.26,training
1l6m,6.319951057434082,8.1,training
1l6s,5.442665100097656,4.41,training
1l6y,4.896801948547363,3.66,training
1l7x,3.644627332687378,4.04,training
1l83,3.8564605712890634,3.4,training
1l8g,6.381125450134277,6.22,training
1la3,6.059062957763673,4.0,training
1laf,7.2803239822387695,7.85,training
1lag,6.3705081939697275,6.3,training
1lan,6.072611808776856,7.22,training
1lb6,6.729440689086914,4.08,training
1lbf,4.955926895141602,7.85,training
1lcj,5.8204345703125,9.0,training
1ld7,7.589805603027344,8.96,training
1ld8,7.226077079772949,8.46,training
1lee,7.605612754821777,7.74,training
1leg,7.764358520507812,7.95,training
1lek,7.813719749450684,8.89,training
1lev,5.5503273010253915,5.6,training
1lf2,7.236329078674316,7.52,training
1lf3,7.745624542236327,7.0,training
1lf8,5.5015602111816415,5.46,training
1lf9,8.749564170837402,12.0,training
1lfo,6.298601150512695,6.7,training
1lgt,6.7068443298339835,6.1,training
1lgw,4.261221408843993,4.0,training
1lhc,8.08320140838623,10.4,training
1lhd,7.744224548339844,9.62,training
1lhe,8.109216690063478,9.54,training
1lhf,8.059678077697754,8.09,training
1lhg,7.805282592773437,7.1,training
1lhu,8.673402786254883,8.83,training
1lhv,7.936070442199707,8.91,training
1lhw,7.78786563873291,9.08,training
1li2,3.837593317031861,4.04,training
1li3,3.974599123001098,4.25,training
1ljt,6.418083190917969,5.15,training
1lke,9.122482299804688,7.52,training
1lkk,6.213610649108888,6.85,training
1lkl,5.512852668762207,5.81,training
1lkx,5.9059648513793945,5.15,training
1ll4,7.661185264587402,7.22,training
1llb,7.070757865905763,6.05,training
1lnm,8.311702728271483,8.7,training
1los,4.7359113693237305,7.19,training
1lox,6.33074951171875,5.52,training
1lpk,8.336698532104492,7.55,training
1lq2,8.066110610961914,8.77,training
1lqd,7.978598594665527,8.05,training
1lqe,6.472908973693848,5.82,training
1lqf,6.640744209289551,8.3,training
1lrh,5.94481372833252,6.82,training
1lrt,4.735933303833008,5.64,training
1lt5,3.3706068992614746,2.7,training
1lt6,4.2550439834594735,3.3,training
1lv8,6.852663993835449,5.46,training
1lvc,5.621359825134277,6.0,training
1lvk,5.872429847717285,5.92,training
1lvu,5.048622131347656,5.32,training
1lxf,5.225396633148193,4.1,training
1lxh,5.736586570739746,7.19,training
1lyb,7.260429382324219,11.42,training
1lyx,3.3641676902771,4.54,training
1lzo,3.2150754928588867,4.54,training
1m0b,7.924805641174316,8.82,training
1m0q,5.353877067565918,3.89,training
1m13,7.70150089263916,7.57,training
1m1b,4.827418327331543,4.66,training
1m21,6.578603744506836,6.52,training
1m2x,5.359258651733398,4.15,training
1m48,5.962898254394531,5.09,training
1m4h,7.292463302612305,9.52,training
1m51,6.67589282989502,4.73,training
1m5b,7.443246841430664,8.01,training
1m5c,7.357179641723633,6.3,training
1m5d,7.067644119262695,5.04,training
1m5e,6.850308418273926,7.7,training
1m5f,6.859330177307129,7.83,training
1m5w,4.544872283935547,4.27,training
1m6p,4.342700004577637,5.1,training
1m74,4.5550947189331055,7.0,training
1m7d,7.03917407989502,6.23,training
1m7i,7.420516014099121,5.4,training
1m7q,8.130126953125,8.59,training
1m7y,8.06453800201416,10.96,training
1m83,5.3961992263793945,3.4,training
1m9n,6.401524543762207,6.92,training
1mai,5.991262435913086,6.68,training
1mau,5.512735366821289,11.3,training
1maw,5.1800971031188965,1.1,training
1mcz,3.3725175857543945,3.0,training
1mdl,3.736344814300537,3.09,training
1me3,7.565983772277832,7.19,training
1me4,7.609159469604492,6.84,training
1me7,6.435911178588867,7.19,training
1me8,6.201836585998535,7.19,training
1mem,7.68886661529541,7.94,training
1mes,8.715732574462889,7.7,training
1met,8.58533763885498,9.4,training
1meu,8.552942276000978,6.1,training
1mf4,6.3636741638183585,7.99,training
1mfa,5.815983772277832,5.04,training
1mfd,5.710610389709473,5.31,training
1mfg,4.884448051452637,4.3,training
1mfi,5.215670585632324,5.59,training
1mh5,8.336911201477049,9.21,training
1mhw,7.925915718078612,7.35,training
1mik,7.409710884094237,6.35,training
1mj7,7.975602149963379,8.35,training
1mkd,7.3551883697509775,6.8,training
1ml1,3.3348817825317383,4.28,training
1mm6,7.0564470291137695,7.7,training
1mm7,5.993578910827638,7.7,training
1mmp,7.646902084350586,6.07,training
1mmq,7.607884407043457,7.52,training
1mmr,7.053936004638673,5.4,training
1mn9,5.484865188598633,4.62,training
1mnc,7.415695190429687,10.34,training
1mns,4.560135841369629,4.17,training
1moq,4.3464884757995605,3.46,training
1mpa,6.793818473815918,8.04,training
1mpl,5.706585884094237,3.77,training
1mq1,5.988606452941895,6.59,training
1mq5,8.219283103942871,9.0,training
1mqd,6.729022979736327,6.77,training
1mqg,6.808837890625,6.28,training
1mqh,6.505105972290039,6.52,training
1mqi,6.608393669128418,7.63,training
1mqj,6.127017021179199,5.32,training
1mrn,5.882184982299805,4.52,training
1mrs,5.5209083557128915,3.96,training
1mrw,9.478714942932127,9.7,training
1ms0,4.566071510314941,2.91,training
1ms6,8.450826644897461,9.52,training
1ms7,6.923255920410156,6.77,training
1msm,9.673238754272461,10.48,training
1msn,8.586332321166992,9.09,training
1mto,5.591014862060547,6.96,training
1mtr,8.121426582336426,8.4,training
1mu6,7.584677696228027,8.38,training
1mu8,7.763436317443848,9.0,training
1mue,8.28215503692627,8.64,training
1mui,9.615625381469727,11.89,training
1mv0,5.121735095977783,4.03,training
1mwn,5.72287654876709,6.7,training
1mx1,5.659843444824219,4.0,training
1mxl,5.586366653442383,3.81,training
1mxo,8.461932182312013,9.0,training
1mxu,6.552098274230957,5.4,training
1my2,7.281573295593263,7.77,training
1my3,7.0255231857299805,5.4,training
1my4,6.783642768859862,6.98,training
1my8,7.11384391784668,7.46,training
1mzc,7.440442085266112,10.22,training
1mzs,7.525284767150879,5.15,training
1n0t,5.938231468200684,4.91,training
1n1g,4.838983535766602,2.3,training
1n1t,5.340797424316406,3.85,training
1n1v,4.710088729858398,3.85,training
1n3i,9.999567985534668,8.89,training
1n3w,5.3140525817871085,6.96,training
1n43,10.124505996704102,10.55,training
1n46,8.373815536499022,10.52,training
1n4h,6.979264259338379,6.55,training
1n4k,5.4341163635253915,10.05,training
1n4m,6.677470207214356,6.72,training
1n51,7.105237007141112,4.85,training
1n5r,6.127540588378906,5.66,training
1n5z,6.347760200500487,4.36,training
1n7i,6.6559410095214835,6.59,training
1n7j,4.2945947647094735,6.43,training
1n7m,7.219074249267577,5.71,training
1n7t,6.539578437805176,6.82,training
1n8u,5.7868099212646475,6.03,training
1n8v,5.940666198730469,6.03,training
1n94,7.611542701721191,8.96,training
1n95,7.611238479614258,8.92,training
1n9a,7.096977233886719,8.66,training
1n9m,10.73020076751709,10.96,training
1nax,8.071590423583983,6.43,training
1nc6,8.00789737701416,8.0,training
1nd5,5.699186325073242,8.4,training
1nde,7.7352561950683585,7.82,training
1ndj,10.386397361755373,12.16,training
1ndv,8.208255767822267,5.92,training
1ndw,7.132641792297362,5.23,training
1ndy,7.216870307922362,6.17,training
1ndz,8.284403800964355,8.11,training
1nf8,6.963602066040039,7.82,training
1nfs,6.974143028259277,9.92,training
1nfx,8.293828010559082,8.52,training
1nfy,8.475950241088867,8.89,training
1ngw,7.53128719329834,7.68,training
1nhg,6.010475158691406,7.3,training
1nhv,6.662228584289551,5.66,training
1nhw,5.593086242675781,4.84,training
1nhx,4.056290626525879,5.68,training
1nhz,8.125729560852049,6.08,training
1ni1,7.62045955657959,9.05,training
1nj1,6.1730499267578125,7.6,training
1nj5,7.132966995239258,7.3,training
1nja,6.813854217529298,6.31,training
1njb,5.383702278137207,5.8,training
1njc,5.3010358810424805,5.55,training
1njd,5.286961555480957,5.57,training
1nje,5.113192558288574,3.8,training
1njf,5.875393867492676,5.99,training
1njj,4.448854446411133,2.1,training
1njs,7.680047035217285,7.82,training
1njt,5.88529109954834,4.82,training
1nju,7.250973701477051,7.3,training
1nki,4.434779167175293,6.7,training
1nkm,6.858105659484862,7.3,training
1nl4,7.66367244720459,9.41,training
1nl6,8.957568168640137,11.32,training
1nl9,7.276559829711914,5.96,training
1nlj,8.538699150085451,9.8,training
1nlo,6.661402702331543,5.47,training
1nlp,5.639653205871582,4.96,training
1nlt,5.354224681854248,4.92,training
1nm6,7.518738746643066,10.05,training
1nmk,7.602038383483888,8.24,training
1nms,8.121529579162598,6.7,training
1nnb,4.603199005126953,5.0,training
1nnk,7.411048889160156,5.46,training
1nnu,5.9920854568481445,6.82,training
1nny,7.1304359436035165,7.66,training
1no6,5.472606658935547,4.41,training
1no9,4.684079170227051,7.62,training
1noi,4.787833213806152,3.15,training
1noj,3.7318618297576895,3.15,training
1nok,3.930572032928467,3.15,training
1nox,6.8230323791503915,7.05,training
1npa,8.547120094299316,8.7,training
1npv,8.738720893859862,8.24,training
1npw,8.547120094299316,8.7,training
1npz,8.228114128112793,7.89,training
1nq0,8.67131519317627,10.32,training
1nq7,7.384368896484375,6.8,training
1nqc,8.037200927734375,7.3,training
1ntk,6.2732601165771475,10.49,training
1ntv,5.988661766052246,5.82,training
1nu1,6.667048454284668,7.19,training
1nu3,4.736968040466309,4.0,training
1nu8,7.833574295043945,5.42,training
1nvr,8.664443969726562,8.11,training
1nw5,5.406197547912598,5.21,training
1nw7,4.6982460021972665,5.09,training
1nwl,5.194860935211182,2.39,training
1nxy,5.053162097930908,7.19,training
1ny0,7.2800559997558585,5.85,training
1ny2,5.10595703125,2.76,training
1nym,5.198628902435303,5.4,training
1nyx,6.755398750305176,7.04,training
1nyy,7.052163124084473,4.68,training
1nz7,7.0831546783447275,7.12,training
1nzl,6.791419982910156,7.15,training
1nzq,7.501174926757812,7.96,training
1nzv,6.686110496520996,6.4,training
1o0d,7.393566131591798,8.21,training
1o0f,4.600339889526367,5.3,training
1o0o,4.5802106857299805,5.1,training
1o1s,7.2958717346191415,7.31,training
1o2g,7.6471290588378915,6.12,training
1o2h,7.105598449707031,7.17,training
1o2j,6.890266418457031,6.92,training
1o2k,6.81256103515625,6.92,training
1o2p,7.3596858978271475,4.85,training
1o2q,7.5697021484375,7.68,training
1o2r,7.516655921936035,5.21,training
1o2s,5.740851402282715,5.47,training
1o2t,6.913111686706543,7.85,training
1o2u,6.271542549133301,5.85,training
1o2v,6.622235298156737,5.85,training
1o2w,6.353978157043457,5.85,training
1o2x,6.585309982299805,5.85,training
1o2y,6.8137855529785165,5.85,training
1o30,7.217947006225586,6.77,training
1o32,5.383055210113525,5.74,training
1o34,5.442548751831055,5.74,training
1o35,6.428387641906737,5.0,training
1o36,6.863112449645996,5.96,training
1o37,7.209933280944824,6.82,training
1o39,7.021515846252441,7.13,training
1o3b,6.720451354980469,7.13,training
1o3c,6.717099189758301,7.13,training
1o3e,6.894896507263184,7.96,training
1o3g,6.4589033126831055,7.96,training
1o3h,6.961604118347168,7.3,training
1o3i,6.6996402740478525,7.3,training
1o3j,6.580309867858888,6.77,training
1o3k,6.27440071105957,6.77,training
1o3l,6.406402587890625,6.54,training
1o3p,7.3698883056640625,6.66,training
1o41,3.529704093933105,3.05,training
1o42,6.7790164947509775,8.05,training
1o43,6.701587677001952,5.66,training
1o44,6.803638458251952,8.52,training
1o45,7.708514213562013,9.6,training
1o46,6.68386173248291,8.0,training
1o47,7.3782405853271475,8.4,training
1o48,6.5032243728637695,6.35,training
1o49,7.296886444091798,6.36,training
1o4a,6.340371131896973,6.92,training
1o4b,7.928115844726562,5.7,training
1o4d,3.2976114749908447,3.52,training
1o4e,3.959890127182007,3.3,training
1o4f,3.868508100509644,3.52,training
1o4g,3.766205549240112,2.3,training
1o4h,3.693516254425049,2.44,training
1o4i,4.737699508666992,2.64,training
1o4j,4.493059158325195,2.36,training
1o4k,4.848243236541748,2.92,training
1o4l,2.98976993560791,1.4,training
1o4m,2.714738368988037,1.4,training
1o4n,2.6628384590148926,1.4,training
1o4o,3.4442646503448486,2.46,training
1o4p,3.473552703857422,2.6,training
1o4q,3.3952229022979736,2.49,training
1o4r,3.9679381847381587,2.41,training
1o5c,7.248891830444336,5.22,training
1o5f,7.626275062561035,6.07,training
1o5g,8.235830307006836,4.96,training
1o5m,8.036312103271483,8.72,training
1o5p,8.072174072265625,10.0,training
1o5r,8.552080154418945,8.12,training
1o6h,7.346832275390625,6.73,training
1o6i,3.887915134429932,3.19,training
1o6q,8.155341148376465,7.64,training
1o6r,7.642501831054687,7.1,training
1o79,7.475319862365723,6.39,training
1o7o,4.767125129699707,4.49,training
1o86,7.906097412109375,9.57,training
1o8b,4.02219295501709,2.68,training
1o9d,6.063081741333008,5.6,training
1o9e,5.075783729553223,4.18,training
1o9k,6.440620422363281,6.47,training
1oai,4.912613868713379,5.0,training
1oar,7.359298706054687,7.4,training
1oay,6.581974983215332,5.92,training
1oba,3.209784030914306,2.44,training
1obx,4.6877617835998535,5.72,training
1ocn,5.686887741088867,6.39,training
1od8,6.092702865600586,5.1,training
1odj,5.491921424865723,4.1,training
1ody,9.337686538696287,8.1,training
1oe0,5.881681442260742,5.16,training
1oe7,4.026926040649413,5.52,training
1oe8,4.111506462097168,5.52,training
1oeb,5.387685298919678,6.93,training
1ofz,3.4982891082763667,4.62,training
1ogd,3.292812824249268,3.03,training
1ogu,7.694182395935059,7.47,training
1ogz,6.5560035705566415,5.85,training
1oh4,5.647185325622559,3.74,training
1oi9,7.38178825378418,7.16,training
1oim,6.098786354064941,5.32,training
1oiq,7.334485054016112,5.54,training
1oir,7.362076759338379,7.49,training
1oit,7.554122924804687,8.52,training
1oiu,7.855471611022949,6.68,training
1oiy,7.405366897583008,7.19,training
1oj5,5.548996925354004,6.1,training
1ok7,5.893250465393066,5.92,training
1oko,4.78792667388916,4.54,training
1okv,4.949375629425049,6.17,training
1okw,5.335050582885742,5.25,training
1okx,7.7488908767700195,6.8,training
1oky,8.188252449035645,8.19,training
1okz,8.1644287109375,8.3,training
1ol1,5.155860900878906,4.68,training
1ol2,5.079595565795898,6.28,training
1ols,5.45883846282959,5.82,training
1olx,5.927119255065918,4.33,training
1om1,8.154009819030763,6.77,training
1om2,5.50673770904541,4.7,training
1om9,5.087927341461182,4.15,training
1ong,6.006854057312013,8.05,training
1onh,4.2266845703125,8.21,training
1onp,6.135560989379883,7.52,training
1ony,7.072846412658691,6.77,training
1opi,5.509940147399902,7.3,training
1oq5,8.556891441345215,7.68,training
1oqp,6.8305320739746085,7.3,training
1orw,6.8813114166259775,7.6,training
1os5,6.879629135131836,6.85,training
1osg,7.020113945007324,7.52,training
1oss,3.2404279708862305,4.79,training
1osv,7.111533164978027,3.48,training
1ouk,8.279407501220701,9.89,training
1ouy,8.235219955444336,8.37,training
1ov3,7.385952949523926,6.72,training
1ove,8.261160850524902,9.13,training
1ow4,5.659309387207031,5.68,training
1ow6,5.11802864074707,5.4,training
1ow7,5.468119621276856,5.4,training
1ow8,5.724809646606445,5.4,training
1owd,7.0699825286865225,8.2,training
1owe,6.082053184509277,6.2,training
1owi,6.8951072692871085,7.55,training
1owj,6.9568519592285165,7.32,training
1owk,7.173344612121582,7.63,training
1ox9,5.473993301391602,5.21,training
1oxg,6.54742431640625,10.57,training
1oxn,5.037101745605469,5.68,training
1oxq,5.910661697387695,6.3,training
1oxr,4.001905441284181,5.19,training
1oy7,5.353768825531006,5.36,training
1oyn,8.059480667114258,6.26,training
1oyq,7.5238447189331055,6.96,training
1oz0,7.946429252624513,7.7,training
1ozv,3.804365873336792,1.44,training
1p01,7.803919792175293,9.46,training
1p02,6.200929641723633,7.17,training
1p03,6.587442398071289,8.19,training
1p04,7.376502990722656,7.4,training
1p05,7.291547775268555,5.96,training
1p06,7.02674674987793,6.27,training
1p0y,4.015705585479736,1.0,training
1p10,6.5451393127441415,6.7,training
1p17,4.72288703918457,2.82,training
1p19,4.444945335388184,4.11,training
1p28,3.8713872432708736,5.42,training
1p2a,6.693961143493652,7.92,training
1p2g,4.8626976013183585,2.13,training
1p4r,7.7187137603759775,8.1,training
1p4u,5.236886024475098,5.3,training
1p57,6.411516189575195,4.4,training
1p5e,6.204188346862793,4.81,training
1p6d,5.973167419433594,2.94,training
1p6e,5.715693473815918,2.92,training
1p7m,4.487958908081055,4.38,training
1p93,7.501144409179687,7.72,training
1pau,7.3205528259277335,9.46,training
1pb8,5.238073348999023,5.15,training
1pbk,7.324343681335449,9.05,training
1pcg,5.447858810424805,7.6,training
1pdq,5.901612281799316,5.3,training
1pdz,2.768169641494751,3.7,training
1pf7,9.30876350402832,10.14,training
1pf8,7.7195491790771475,7.51,training
1pfy,7.196253776550293,8.15,training
1pg2,4.531884670257568,4.96,training
1pgp,4.188426017761231,5.7,training
1ph0,6.903696060180664,6.92,training
1phw,3.5515453815460205,3.3,training
1pi4,7.084151268005371,7.43,training
1pi5,7.516135215759277,7.77,training
1pig,7.466571807861327,9.15,training
1pip,5.057391166687012,5.0,training
1pk0,4.925617218017578,7.57,training
1pkx,6.133254051208496,6.92,training
1pl0,7.4322757720947275,8.22,training
1pme,7.297242164611816,9.4,training
1pmn,7.741903305053711,8.15,training
1pmu,7.078163146972656,6.23,training
1pmv,5.98139762878418,6.82,training
1pmx,6.05461311340332,5.14,training
1pop,7.23974609375,9.0,training
1pot,6.243618965148926,5.49,training
1ppc,7.064347267150879,6.16,training
1pph,6.574694633483888,5.92,training
1ppl,8.076605796813965,8.55,training
1ppm,6.763274192810059,5.8,training
1ppw,5.69882869720459,4.3,training
1ppx,6.359431266784668,7.28,training
1pq3,7.992300033569336,7.52,training
1pq6,8.557183265686035,8.1,training
1pqc,8.002961158752441,7.0,training
1pr1,5.612643241882324,5.3,training
1pr5,5.1463584899902335,3.92,training
1prl,5.100687503814697,4.23,training
1prm,5.183474540710449,4.23,training
1pro,8.388570785522461,11.3,training
1pu7,4.237541198730469,3.1,training
1pu8,4.53128719329834,3.1,training
1pum,3.241039276123047,3.05,training
1pun,5.1679229736328125,7.28,training
1puq,6.052237510681152,7.28,training
1pus,6.0728492736816415,7.28,training
1pw6,6.031645774841309,5.22,training
1pwp,6.217867851257324,6.3,training
1pwq,5.866375923156737,4.96,training
1pwu,7.125131607055664,5.68,training
1pwy,5.0689191818237305,4.05,training
1pxh,6.867623329162598,8.74,training
1pxi,6.1878318786621085,4.77,training
1pxj,5.681974411010742,4.89,training
1pxk,7.146562576293945,5.66,training
1pxl,6.642088890075684,6.05,training
1pxm,6.2698326110839835,7.22,training
1pxo,7.516645431518555,8.7,training
1pxp,7.1472434997558585,6.66,training
1py1,5.480328559875488,4.4,training
1py2,7.2121381759643555,7.22,training
1py5,7.214983940124513,7.29,training
1pye,7.331959724426269,6.41,training
1pyg,6.212965965270996,5.52,training
1pyn,5.856263160705566,5.49,training
1pyw,5.986851692199707,7.7,training
1pzi,3.7873828411102295,4.22,training
1pzj,5.302131652832031,3.49,training
1pzo,5.550395965576172,3.32,training
1pzp,6.341456413269043,3.31,training
1q0b,7.270144462585449,5.17,training
1q1g,9.133493423461914,8.57,training
1q1m,6.328265190124513,5.16,training
1q1y,7.047707557678223,7.7,training
1q3d,7.532032012939452,7.82,training
1q3w,7.499685287475586,8.4,training
1q41,7.134860038757324,7.66,training
1q4k,5.538345336914063,6.55,training
1q4l,7.264101028442383,7.4,training
1q4w,6.1953067779541025,6.46,training
1q4x,9.270292282104492,9.48,training
1q54,5.183106899261475,5.85,training
1q5k,5.966438293457031,7.42,training
1q5l,5.785240173339844,3.22,training
1q63,6.993102073669434,5.85,training
1q66,6.504231452941895,5.77,training
1q6j,7.716163635253906,7.8,training
1q6k,7.131206512451173,7.59,training
1q6m,7.6593990325927725,7.89,training
1q6n,7.522785186767577,7.64,training
1q6p,7.9692840576171875,8.52,training
1q6s,8.498159408569336,7.92,training
1q6t,8.456743240356445,8.3,training
1q72,5.8213090896606445,6.85,training
1q83,9.116490364074707,12.39,training
1q8w,6.8220977783203125,5.24,training
1q95,8.716195106506348,7.57,training
1q9d,5.34613561630249,4.6,training
1q9m,7.329829216003418,6.48,training
1qan,4.907660007476807,4.48,training
1qaq,6.5329341888427725,4.74,training
1qaw,6.6377668380737305,5.12,training
1qb1,7.586997032165527,6.77,training
1qb6,6.7493953704833975,6.06,training
1qbo,7.086261749267577,7.74,training
1qbq,7.647919654846191,8.3,training
1qbs,8.424247741699219,9.47,training
1qbt,9.147958755493164,10.62,training
1qbv,6.215968132019043,5.39,training
1qca,6.807567596435548,5.27,training
1qcp,7.063403129577638,7.52,training
1qf0,7.855062484741211,7.38,training
1qf4,6.610102653503418,6.18,training
1qf5,7.3678998947143555,7.37,training
1qfs,7.8863582611083975,9.48,training
1qft,5.996663093566895,8.77,training
1qhc,6.2741661071777335,7.57,training
1qhr,6.594420433044434,6.89,training
1qiw,7.177253723144531,7.74,training
1qj1,7.454638481140138,8.05,training
1qj6,7.352231025695801,7.74,training
1qj7,7.141854286193848,8.1,training
1qja,6.472670555114746,6.38,training
1qjb,6.59760856628418,6.38,training
1qji,6.919731140136719,4.85,training
1qk3,5.889843940734862,5.15,training
1qkb,7.086779594421388,7.35,training
1qkn,7.9759464263916025,8.47,training
1qku,8.225377082824707,9.59,training
1ql9,7.86639404296875,5.35,training
1qm4,5.665695190429688,4.3,training
1qm5,5.818717956542969,5.82,training
1qng,6.836104393005371,7.89,training
1qnh,6.337225914001465,6.06,training
1qon,7.555050849914551,8.96,training
1qpb,3.229722261428833,1.36,training
1qpe,6.919178009033202,7.7,training
1qpf,7.190936088562013,7.57,training
1qpl,7.792787551879883,8.51,training
1qq9,3.7850630283355713,2.06,training
1qr3,7.3938941955566415,6.59,training
1qs4,5.697522163391112,5.64,training
1qsc,5.123274803161621,3.68,training
1qti,7.108807563781737,6.44,training
1qtn,5.392486572265625,7.3,training
1qvt,5.521914482116699,4.38,training
1qvu,5.15929651260376,4.46,training
1qw7,4.776922225952148,3.6,training
1qwe,5.349501609802246,5.92,training
1qwf,5.584199905395508,6.35,training
1qwu,4.219965934753418,3.22,training
1qx1,4.584123611450195,2.12,training
1qxk,5.8628435134887695,5.05,training
1qxl,8.307353019714355,7.96,training
1qxw,5.32911491394043,5.15,training
1qxy,6.190300941467285,4.8,training
1qxz,5.965137481689452,4.72,training
1qy1,8.236835479736326,6.52,training
1qy2,7.170561790466309,5.74,training
1qy5,4.327162265777588,6.7,training
1qyg,7.581560134887695,6.85,training
1r0x,5.052337646484375,3.83,training
1r10,5.473856925964356,3.83,training
1r17,6.38127326965332,6.42,training
1r1h,8.035707473754883,8.92,training
1r1i,7.160543441772461,8.54,training
1r2b,5.382438659667969,4.94,training
1r4w,5.481040000915527,4.05,training
1r58,5.982443809509277,6.96,training
1r5g,6.434967994689941,7.52,training
1r5h,5.674123764038086,6.74,training
1r5n,5.709874153137207,5.42,training
1r5v,6.252402305603027,4.48,training
1r5w,6.3670902252197275,5.54,training
1r6g,9.075963973999023,9.21,training
1r6z,6.711475372314452,5.0,training
1r78,7.603730201721191,8.52,training
1r9l,5.345338821411133,5.4,training
1rbo,6.696451187133789,12.72,training
1rbp,8.225431442260742,6.72,training
1rd4,7.583220481872559,7.74,training
1rdi,3.0612926483154297,2.06,training
1rdj,2.9976470470428467,1.66,training
1rdl,3.1101183891296387,2.24,training
1rdn,3.1369965076446533,1.84,training
1rdt,7.4657649993896475,6.7,training
1re1,6.086228370666504,5.21,training
1re8,7.6216325759887695,9.52,training
1rej,6.802518844604492,8.3,training
1rek,7.174680709838867,6.7,training
1rev,8.122250556945799,7.48,training
1rgj,6.785330772399902,8.31,training
1rgk,4.013058662414552,4.31,training
1rgl,4.2546119689941415,4.43,training
1rhj,7.992222785949707,8.04,training
1rhk,8.629684448242188,9.11,training
1rhm,6.11646842956543,5.76,training
1rhq,6.299302101135254,7.75,training
1rhr,7.217796325683594,8.1,training
1rhu,8.302165031433105,8.52,training
1rin,3.162550210952759,3.15,training
1riw,7.715230941772461,7.55,training
1rjk,8.624869346618652,10.0,training
1rlp,4.900881290435791,5.1,training
1rlq,4.938067436218262,5.1,training
1rm8,6.723222732543945,9.0,training
1rne,8.172401428222656,8.7,training
1rnm,4.920586109161377,3.07,training
1rnt,5.979506492614746,5.19,training
1ro6,7.652760505676269,6.46,training
1ros,8.383187294006348,8.77,training
1rp7,6.070343971252441,8.52,training
1rpa,3.0288455486297607,6.0,training
1rpf,4.227574348449707,3.99,training
1rq2,2.8088250160217285,2.52,training
1rri,6.946235656738281,5.82,training
1rrw,4.344106674194337,4.55,training
1rry,4.912833213806152,4.1,training
1rs2,5.233937740325928,4.3,training
1rs4,7.453733444213867,7.17,training
1rsd,7.8426876068115225,6.52,training
1rsi,5.558794021606445,4.42,training
1rst,6.824955940246582,4.43,training
1rt1,7.8131465911865225,8.1,training
1rt2,7.5654869079589835,8.22,training
1rt9,8.395599365234375,10.25,training
1rtf,3.2163517475128174,3.04,training
1rth,7.418928146362305,6.4,training
1rti,6.571197509765625,4.77,training
1rtl,6.374275207519531,5.59,training
1ru1,5.422799110412598,4.74,training
1ru2,5.945768356323242,6.49,training
1rv1,7.694287300109862,6.85,training
1rw8,7.401266098022461,6.76,training
1rwq,8.055462837219237,10.0,training
1rww,8.351183891296388,8.3,training
1rwx,7.355629920959473,7.37,training
1rxp,6.265495300292969,7.14,training
1ryf,6.080655097961426,8.8,training
1ryh,5.844605445861816,7.56,training
1rzx,4.988996505737305,4.1,training
1s17,6.8332462310791025,8.3,training
1s26,5.284208297729492,3.07,training
1s39,6.296354293823242,7.7,training
1s3k,6.024515151977539,6.62,training
1s4d,6.832832336425781,6.49,training
1s50,6.169441223144531,7.2,training
1s5q,6.459755897521973,5.28,training
1s5z,4.079699516296387,3.21,training
1s63,7.648816108703612,9.05,training
1s64,8.048711776733397,8.4,training
1s9t,5.445939064025879,6.82,training
1s9v,6.609975814819336,4.0,training
1sb1,8.302487373352049,6.89,training
1sc8,7.30802059173584,7.44,training
1sdt,9.987741470336914,9.27,training
1sdv,9.215643882751463,8.74,training
1sfi,7.577707290649414,10.0,training
1shc,6.588955879211426,7.28,training
1shd,5.448931694030762,6.17,training
1siv,7.4656267166137695,8.08,training
1sj0,8.741334915161133,9.1,training
1sje,6.479250907897949,8.22,training
1sjh,6.3330135345458975,8.05,training
1skj,5.751890182495117,5.15,training
1sld,7.0604286193847665,6.57,training
1sle,5.843179702758789,6.17,training
1slg,6.879715919494629,3.9,training
1sm2,8.321879386901855,8.0,training
1sm3,5.494176864624023,4.62,training
1sme,7.874649047851562,11.22,training
1snk,8.860111236572266,9.6,training
1so2,8.217264175415039,9.57,training
1soj,6.4084510803222665,6.62,training
1sps,6.186951637268066,8.52,training
1sqb,7.8198890686035165,7.95,training
1sqc,6.357744216918945,6.85,training
1sqi,7.072834968566895,7.7,training
1sqn,8.292588233947754,9.4,training
1sqo,5.841374397277832,7.46,training
1sqp,8.211134910583496,8.2,training
1sqq,6.896134376525879,7.82,training
1sr7,9.049520492553713,10.1,training
1sre,6.985047340393066,3.85,training
1srg,6.286888122558594,5.3,training
1sri,6.8002052307128915,6.08,training
1stc,8.597912788391112,8.1,training
1std,7.795350074768066,10.33,training
1stp,11.452000617980955,13.4,training
1str,6.104218482971191,4.77,training
1sts,6.0237998962402335,5.0,training
1sv3,3.5272824764251713,4.35,training
1sve,7.982522010803223,8.3,training
1svg,8.403782844543457,8.7,training
1svh,7.824410438537598,6.44,training
1sw1,6.803361892700195,7.3,training
1sw2,4.233674049377441,7.22,training
1swg,8.097280502319336,7.36,training
1swi,3.109170198440552,3.1,training
1swk,10.46079921722412,12.0,training
1swn,9.133559226989746,12.0,training
1swp,9.873143196105957,11.0,training
1swr,9.359182357788086,6.92,training
1syh,6.804733276367188,6.41,training
1syo,4.813656806945801,9.0,training
1sz0,5.028212070465088,9.0,training
1szm,7.819755554199219,5.53,training
1t08,6.3054847717285165,5.51,training
1t13,5.826295852661133,7.38,training
1t1r,4.322599411010741,5.4,training
1t1s,5.7542009353637695,5.15,training
1t29,5.667235374450684,6.05,training
1t2v,5.546261787414551,6.4,training
1t32,7.561251640319824,7.42,training
1t37,5.3838958740234375,4.35,training
1t3t,5.231420516967773,4.96,training
1t46,7.864677429199219,6.43,training
1t48,5.9004783630371085,3.46,training
1t49,6.36290454864502,4.66,training
1t4e,7.2252559661865225,7.1,training
1t4j,7.00004768371582,5.1,training
1t4s,3.1949105262756348,2.44,training
1t5a,3.7107787132263184,4.62,training
1t69,6.631157875061035,6.32,training
1t79,5.312178134918213,6.04,training
1t7d,5.945378303527832,6.03,training
1t7f,5.586581230163574,5.74,training
1t7r,7.635693550109862,5.96,training
1ta2,7.795363426208496,8.52,training
1tbz,8.318642616271973,9.8,training
1tc1,3.7616028785705566,2.7,training
1tcw,7.258882522583008,6.02,training
1tcx,7.750997543334961,6.95,training
1td7,5.283203125,4.37,training
1tet,6.118492126464844,6.08,training
1tfq,5.158324718475342,7.92,training
1tft,5.121485710144043,8.3,training
1tfz,7.701385498046875,8.15,training
1tg5,7.759068489074707,7.92,training
1thl,7.7779541015625,6.42,training
1thr,6.019999504089356,5.38,training
1ths,5.6342411041259775,7.54,training
1thz,5.829713821411133,5.15,training
1tjp,5.486581802368164,4.42,training
1tka,6.074946403503418,6.1,training
1tkc,5.803767204284668,4.85,training
1tkt,7.642088890075684,6.15,training
1tkx,7.478873252868652,7.54,training
1tkz,7.519021034240723,6.62,training
1tl1,7.3937931060791025,6.42,training
1tl3,7.304871559143066,6.2,training
1tl7,6.2554988861083975,7.92,training
1tl9,6.24107551574707,5.52,training
1tlo,5.175483703613281,4.0,training
1tmb,8.223543167114258,6.74,training
1tmm,6.315956115722656,6.64,training
1tmn,8.158563613891603,7.3,training
1tng,3.884059190750122,2.93,training
1tni,4.0324182510375985,4.0,training
1tnj,3.5846529006958012,1.96,training
1tnk,3.6794109344482417,1.49,training
1tnl,3.587482690811157,1.88,training
1toi,4.83090353012085,4.05,training
1toj,4.095898628234863,3.39,training
1tok,3.5345036983489986,2.47,training
1tom,6.99184513092041,8.3,training
1tou,6.7411041259765625,6.0,training
1tow,6.574113845825195,6.24,training
1tps,7.373148918151855,8.0,training
1tpw,4.1293067932128915,3.3,training
1tpz,5.317981719970703,6.19,training
1tq4,6.005633354187013,6.19,training
1tqf,7.301698684692383,5.85,training
1tr7,4.790101051330566,6.82,training
1trd,4.003677368164063,5.4,training
1tsi,4.357973098754884,3.48,training
1tsl,5.751422882080077,6.15,training
1tsm,6.2798213958740225,6.0,training
1tsv,5.567421913146973,4.8,training
1tsy,5.451262474060059,4.96,training
1tt1,7.066587448120117,8.15,training
1ttm,7.650035858154298,7.35,training
1ttv,5.8882808685302725,6.8,training
1tu6,9.673783302307127,9.08,training
1tv6,8.188726425170897,5.4,training
1tve,5.1893157958984375,5.68,training
1tvo,7.639057159423827,6.85,training
1tvr,8.136170387268066,7.48,training
1tx7,4.217270851135254,4.6,training
1txr,7.159799575805664,7.74,training
1tyn,7.778470993041992,9.7,training
1tyr,5.681351661682129,7.0,training
1tze,7.115496635437013,6.83,training
1u0g,5.265688896179199,6.15,training
1u0h,6.366461753845215,6.96,training
1u1w,5.253291130065918,5.85,training
1u2r,5.623414039611816,5.41,training
1u2y,3.299736976623535,1.74,training
1u32,7.988587379455566,7.01,training
1u3q,8.017629623413086,8.46,training
1u3r,7.690216064453125,8.3,training
1u3s,8.425606727600098,8.85,training
1u59,8.149501800537111,7.25,training
1u65,7.424150466918945,7.58,training
1u6q,6.1603546142578125,5.88,training
1u71,6.6825361251831055,7.48,training
1u8t,5.73634147644043,4.26,training
1u9e,7.313834190368652,8.24,training
1u9l,6.0430870056152335,5.02,training
1u9q,7.592074394226074,8.33,training
1u9v,6.742691993713379,8.22,training
1u9w,7.044046401977539,8.46,training
1u9x,7.443478584289551,8.15,training
1ua4,5.18413782119751,4.22,training
1ucn,5.913786888122559,5.22,training
1udt,8.332708358764647,9.3,training
1udu,7.7211761474609375,9.05,training
1uef,6.536969184875487,5.49,training
1ugw,3.4698200225830083,3.09,training
1ugx,4.3056230545043945,5.91,training
1ugy,4.0293684005737305,3.72,training
1uh1,5.145538806915283,5.48,training
1uj0,5.131159782409668,4.57,training
1uj5,4.288722038269043,3.05,training
1uj6,4.234514236450194,3.05,training
1ujj,5.015131950378418,6.1,training
1ujk,5.1547393798828125,6.57,training
1uk0,7.275472640991211,8.1,training
1uk1,7.529810905456543,7.22,training
1ukh,5.618054389953613,6.38,training
1ukt,5.2710161209106445,2.25,training
1ule,4.679028034210205,5.92,training
1ulg,3.7452089786529537,4.21,training
1umw,5.66777229309082,6.55,training
1ung,6.820993423461914,6.8,training
1unh,6.519227981567383,7.0,training
1unl,7.489298820495605,6.7,training
1uod,4.491051197052002,3.11,training
1uom,8.21028995513916,7.72,training
1uou,7.07103443145752,7.7,training
1upk,5.47982120513916,6.4,training
1urc,5.509737014770508,4.72,training
1urg,4.447914123535156,5.82,training
1urw,7.476763725280763,8.52,training
1usk,5.589730262756348,6.4,training
1usn,8.169295310974121,7.74,training
1utc,6.281628608703612,4.55,training
1uti,6.039339065551758,5.62,training
1utj,3.5145716667175293,3.84,training
1utl,3.695621252059937,2.47,training
1utm,3.6039092540740967,3.01,training
1utn,3.570463895797729,3.49,training
1utp,3.5613181591033936,1.44,training
1utr,7.843445777893066,8.0,training
1utt,6.473616600036621,4.0,training
1utz,7.342282295227051,5.85,training
1uu3,7.977156639099121,6.12,training
1uu7,7.808014869689941,4.85,training
1uu8,7.100151062011719,5.05,training
1uu9,7.227419853210449,5.4,training
1uv5,8.062197685241701,8.3,training
1uvr,7.6991024017333975,6.0,training
1uvs,6.803933143615723,5.4,training
1uvt,6.625330924987793,7.64,training
1uvu,5.564240455627441,5.0,training
1uw6,7.638233184814452,7.34,training
1uwb,8.002144813537598,8.34,training
1uwf,5.428859233856201,6.82,training
1uwh,8.025240898132324,7.66,training
1uwt,5.785585403442383,5.97,training
1uwu,6.446579933166504,5.98,training
1ux7,3.4679696559906006,3.0,training
1uxa,3.6761629581451416,2.3,training
1uxb,3.765272617340088,2.15,training
1uy6,6.0611572265625,3.7,training
1uy7,6.100579261779785,3.7,training
1uy8,6.109957695007324,4.12,training
1uy9,6.59459400177002,4.82,training
1uyc,6.849190711975098,4.39,training
1uyd,6.4574832916259775,3.7,training
1uye,6.447539329528809,3.7,training
1uyf,6.908763885498048,4.52,training
1uyg,6.6474342346191415,4.27,training
1uyh,6.579221725463867,4.84,training
1uyi,6.7473182678222665,5.39,training
1uyk,6.2870750427246085,4.77,training
1uym,6.030719757080077,6.0,training
1uys,6.7513484954833975,3.6,training
1uz1,6.466433525085449,6.89,training
1uz8,5.7645301818847665,4.96,training
1uze,7.2900943756103525,8.9,training
1v0l,6.346223831176758,7.55,training
1v0m,5.484038352966309,5.1,training
1v0n,6.262721061706543,7.55,training
1v0o,6.674498558044434,5.26,training
1v0p,7.383570671081543,6.89,training
1v11,5.228125095367432,3.98,training
1v16,5.345133304595947,3.87,training
1v1k,6.899507522583008,4.46,training
1v1m,5.273458480834961,3.94,training
1v2h,4.342029571533203,5.3,training
1v2j,3.840811967849731,3.25,training
1v2l,3.3465733528137207,4.29,training
1v2m,3.562689781188965,4.29,training
1v2n,7.3868675231933585,5.9,training
1v2p,6.880267143249513,4.73,training
1v2q,6.696335792541504,4.13,training
1v2t,6.966046333312987,4.71,training
1v2v,3.6158018112182617,3.37,training
1v2w,6.15528678894043,4.01,training
1v3x,8.314778327941895,7.62,training
1v41,4.283233642578125,4.7,training
1v79,8.729528427124022,7.89,training
1v7a,7.67733097076416,8.01,training
1vcj,6.8952293395996085,4.59,training
1vcu,4.420390129089356,3.85,training
1vea,7.216697692871094,7.52,training
1veb,7.4481773376464835,7.41,training
1vfn,5.370874881744385,5.6,training
1vgc,7.078080177307129,5.92,training
1vij,9.231230735778807,9.52,training
1vik,9.22304916381836,9.52,training
1vj5,6.189780235290527,6.92,training
1vj6,5.506261825561523,5.1,training
1vj9,7.443510055541992,7.55,training
1vja,7.700834274291992,7.7,training
1vjb,6.789782524108888,7.89,training
1vjc,4.4446749687194815,3.58,training
1vjd,5.406639099121094,3.54,training
1vjy,8.259127616882324,7.64,training
1vkj,5.37980842590332,4.85,training
1vot,7.3299198150634775,6.6,training
1vr1,6.108912467956543,6.89,training
1vrt,7.337410926818848,7.1,training
1vru,7.473761558532715,7.0,training
1vsn,7.330965042114258,9.7,training
1vwf,5.8326663970947275,6.51,training
1vwl,6.807591438293457,5.63,training
1vwn,7.322589874267577,5.82,training
1vyf,6.8523597717285165,8.05,training
1vyg,7.240577697753906,8.0,training
1vyj,6.234190940856934,7.0,training
1vyq,5.823588371276856,5.3,training
1vyw,6.2292537689208975,7.43,training
1vyz,5.808075904846191,6.54,training
1w0x,6.354001045227051,5.3,training
1w0y,6.805771827697754,6.42,training
1w10,7.422104835510254,7.55,training
1w11,7.692633628845215,8.22,training
1w12,7.333953857421875,7.85,training
1w13,7.74166202545166,8.7,training
1w14,7.3666038513183585,8.52,training
1w1d,6.060829162597656,6.52,training
1w1g,6.056875228881836,7.68,training
1w1p,4.258157253265382,2.3,training
1w1t,6.492597579956055,2.96,training
1w1v,4.945307731628418,2.2,training
1w1y,6.000933647155763,2.62,training
1w22,7.318256378173827,6.76,training
1w25,5.938981056213379,6.3,training
1w2g,6.51318359375,4.57,training
1w2h,5.38747501373291,5.0,training
1w2k,6.643309593200684,6.46,training
1w2x,6.906811714172362,5.14,training
1w31,4.644211769104004,3.6,training
1w3j,6.487608909606934,6.32,training
1w4l,8.517716407775879,8.4,training
1w4p,4.010421752929688,4.74,training
1w51,7.456499099731445,6.3,training
1w5v,8.749980926513674,8.15,training
1w5y,9.232278823852539,8.48,training
1w6h,8.116181373596191,9.3,training
1w6j,6.974255561828612,8.19,training
1w6r,7.036406517028809,6.15,training
1w6y,5.903149604797362,5.36,training
1w70,4.070423603057861,3.7,training
1w76,7.2103633880615225,6.15,training
1w7g,6.652462959289551,5.1,training
1w7h,4.4234819412231445,3.0,training
1w7x,7.952524185180664,8.4,training
1w80,4.675189018249512,4.54,training
1w82,7.693423271179199,6.71,training
1w83,7.828693389892577,7.19,training
1w84,4.909819602966309,4.46,training
1w8l,3.881730079650879,0.49,training
1w8m,3.4788541793823238,1.6,training
1w96,7.5785770416259775,8.41,training
1w9u,6.0122480392456055,6.09,training
1waw,7.08582878112793,7.89,training
1wax,5.345845699310303,4.07,training
1way,5.015172481536865,3.4,training
1wb0,5.622647285461426,5.35,training
1wbg,3.8916075229644775,3.0,training
1wbn,6.759428024291992,6.46,training
1wbo,3.624280452728272,3.0,training
1wbs,7.378263473510742,6.2,training
1wbt,7.218017578125,6.47,training
1wbv,6.461001396179199,3.79,training
1wbw,5.618810653686523,4.36,training
1wc1,5.631318092346191,4.0,training
1wc6,5.6546669006347665,4.0,training
1wcc,3.637928724288941,3.46,training
1wcq,5.95473575592041,6.26,training
1wdn,7.036147117614746,6.3,training
1wdq,4.408927917480469,1.98,training
1wdr,4.933157444000244,2.52,training
1wdy,6.977346420288086,7.89,training
1we2,3.0988545417785645,4.36,training
1wht,4.617156028747559,3.7,training
1wkm,4.112244606018066,0.82,training
1wok,5.989083290100098,7.48,training
1wqv,6.822725296020508,6.89,training
1ws4,3.612452745437622,3.0,training
1ws5,3.3577139377593994,3.03,training
1wss,6.788128852844237,7.77,training
1wtg,7.091797828674316,7.03,training
1wu1,8.57819938659668,7.74,training
1wug,5.18802547454834,5.8,training
1wum,5.248641014099121,5.29,training
1wun,6.920866012573242,7.21,training
1wuq,6.075641632080077,8.27,training
1wv7,7.21929931640625,7.26,training
1wva,5.488365173339844,6.57,training
1wvc,5.943580627441406,4.46,training
1wvj,7.4086761474609375,6.73,training
1wxz,8.203511238098145,8.07,training
1wzy,6.490111351013184,6.25,training
1x07,4.531173706054688,3.28,training
1x0n,6.616366386413574,7.7,training
1x11,6.7480573654174805,6.49,training
1x1z,6.6231746673583975,11.06,training
1x6u,4.559560775756836,3.22,training
1x70,7.232693672180176,7.74,training
1x76,7.966462135314941,8.72,training
1x78,8.018256187438965,7.85,training
1x7a,7.637847900390625,7.89,training
1x7b,8.327805519104004,8.39,training
1x7e,7.732230186462402,5.97,training
1x7q,6.124997138977051,6.73,training
1x7r,7.936715126037598,8.05,training
1x81,7.289693832397461,9.19,training
1x8b,8.302289009094237,7.01,training
1x8d,4.014481067657472,2.21,training
1x8j,6.7983503341674805,6.96,training
1x8r,6.867561340332031,6.12,training
1x8s,5.595892906188965,5.1,training
1x9d,4.240273952484132,3.96,training
1xa5,7.510167121887207,6.5,training
1xap,7.7463111877441415,8.7,training
1xb7,5.78709602355957,6.22,training
1xbb,6.496936798095702,5.3,training
1xbc,8.01600170135498,7.92,training
1xbo,6.787280082702638,6.04,training
1xdd,7.144306182861327,6.7,training
1xdg,7.100018501281737,7.3,training
1xff,3.929969310760498,4.82,training
1xfv,5.477896690368652,3.89,training
1xge,4.68720006942749,4.68,training
1xgi,6.3655052185058585,4.85,training
1xgj,5.80870246887207,6.0,training
1xh3,6.06624698638916,5.51,training
1xh6,7.666897773742676,7.32,training
1xh7,7.448868751525879,6.82,training
1xh8,7.483057975769043,5.77,training
1xh9,7.643280982971191,7.77,training
1xhm,6.250842094421388,6.33,training
1xhy,6.784013748168945,6.18,training
1xk5,6.4728355407714835,6.0,training
1xk9,5.762450218200684,6.85,training
1xka,6.956184387207031,6.88,training
1xlx,7.703993797302246,7.6,training
1xlz,7.766977310180664,6.02,training
1xm4,8.442205429077147,10.39,training
1xm6,7.37751579284668,6.38,training
1xmu,8.243472099304201,9.08,training
1xmy,7.5679073333740225,7.3,training
1xn0,7.315671920776367,6.24,training
1xn2,7.619879722595215,10.52,training
1xn3,7.302021026611327,7.4,training
1xnx,7.3696088790893555,6.38,training
1xnz,7.5105533599853525,6.62,training
1xo2,7.329506874084473,6.07,training
1xoe,7.925577163696289,7.39,training
1xog,6.5887813568115225,6.39,training
1xom,7.9844932556152335,7.96,training
1xon,8.235682487487793,10.68,training
1xoq,8.480795860290527,9.17,training
1xor,8.369095802307129,6.41,training
1xos,7.6834611892700195,4.7,training
1xot,7.55207347869873,5.42,training
1xoz,7.400053024291992,8.92,training
1xp0,8.125794410705566,9.0,training
1xp1,8.62122631072998,9.3,training
1xp6,8.425522804260254,9.4,training
1xp9,8.101150512695312,8.89,training
1xpc,8.575275421142576,8.77,training
1xpz,7.777585029602051,7.08,training
1xq0,7.914702415466309,6.34,training
1xqc,8.426329612731934,7.2,training
1xr8,6.606001853942871,6.7,training
1xr9,6.253145217895508,7.15,training
1xs7,6.753680229187013,7.6,training
1xsc,5.151357173919678,4.3,training
1xt3,5.086957931518555,5.7,training
1xt8,6.015188217163086,6.85,training
1xuc,7.26332950592041,7.14,training
1xud,8.303725242614746,8.1,training
1xuo,7.2759761810302725,7.16,training
1xur,7.09873104095459,5.18,training
1xws,8.021546363830566,8.0,training
1xxe,7.252656936645508,5.41,training
1xxh,5.6111717224121085,6.11,training
1xxi,5.749480247497559,5.52,training
1xz8,5.260538101196289,4.52,training
1xzx,9.436241149902344,10.22,training
1y0l,7.6978092193603525,9.0,training
1y0x,9.077520370483398,8.7,training
1y19,4.920639991760254,6.77,training
1y1m,3.681484460830689,1.82,training
1y1z,4.644654273986816,3.08,training
1y20,5.274489402770996,5.32,training
1y2a,6.096698760986327,7.34,training
1y2b,4.935806274414063,4.09,training
1y2c,7.297131538391112,6.57,training
1y2d,6.055044174194336,5.7,training
1y2e,7.401640892028809,6.8,training
1y2f,4.960814476013184,4.92,training
1y2g,5.0496039390563965,4.08,training
1y2h,8.071621894836426,7.25,training
1y2j,7.812335968017577,7.48,training
1y2k,8.234737396240233,7.68,training
1y3a,7.094531059265138,5.41,training
1y3g,7.466264724731445,7.4,training
1y3n,5.855914115905763,5.55,training
1y3p,5.568312644958496,4.82,training
1y3v,7.749688148498535,5.64,training
1y3w,7.424531936645508,5.77,training
1y3x,7.384755134582519,5.14,training
1y3y,6.501347541809082,5.64,training
1y4z,5.6044511795043945,7.24,training
1y57,6.193087577819824,5.79,training
1y6a,6.838540077209473,7.66,training
1y6b,7.6752052307128915,7.42,training
1y8o,5.094156265258789,5.89,training
1y8p,5.388856887817383,6.08,training
1y91,7.912778854370117,7.23,training
1y98,5.3929710388183585,5.43,training
1ya4,6.502293586730957,4.82,training
1ybg,6.7070274353027335,4.8,training
1ybo,4.867123603820801,3.8,training
1yc5,3.703604698181152,3.0,training
1yci,6.199522972106934,4.08,training
1ycm,6.595986366271973,8.0,training
1yda,7.3766584396362305,6.55,training
1ydb,7.518157005310059,8.24,training
1ydk,5.340581893920898,5.89,training
1yds,6.692231178283691,5.92,training
1yej,6.854386329650879,7.46,training
1yet,6.027925491333008,5.92,training
1yfz,5.458097457885742,4.35,training
1yhm,5.858115196228027,3.83,training
1yhs,9.22579574584961,8.0,training
1yi3,7.05157470703125,5.4,training
1yid,5.665550231933594,5.0,training
1yk7,7.8678932189941415,7.72,training
1ykp,3.971553325653076,2.96,training
1ykr,7.32418155670166,6.25,training
1ylv,5.544893264770508,2.7,training
1yly,7.8647727966308585,7.82,training
1ym1,7.931200981140138,6.24,training
1ym2,6.853790283203125,8.0,training
1ym4,6.558243751525879,7.41,training
1yms,7.035898208618164,5.92,training
1ymx,6.951996803283691,4.85,training
1ynd,8.142324447631836,8.44,training
1yon,5.097055435180664,4.21,training
1you,8.231108665466309,9.06,training
1yp9,7.517579078674316,5.11,training
1ype,7.6541404724121085,8.1,training
1ypg,7.6983585357666025,8.0,training
1ypj,7.802781105041504,7.02,training
1yq7,6.147348403930664,7.09,training
1yqj,7.876526832580566,8.14,training
1yqy,7.46259880065918,7.62,training
1yrs,6.207231521606445,6.35,training
1ysg,4.464057922363281,3.52,training
1ysi,6.7155046463012695,7.44,training
1yt7,9.068378448486328,9.89,training
1yt9,9.137009620666504,8.3,training
1yuc,7.55750560760498,6.91,training
1yvf,7.3041954040527335,7.0,training
1yvh,5.913422584533691,7.37,training
1yvx,5.399397850036621,5.1,training
1yvz,6.0132036209106445,5.36,training
1yw2,7.026627540588379,6.85,training
1yw7,5.536948204040527,5.85,training
1yw8,7.279183387756348,8.0,training
1ywh,6.610789299011231,7.79,training
1ywi,5.3187761306762695,3.43,training
1ywr,8.06910514831543,7.89,training
1yxd,4.648694515228272,5.3,training
1yy4,7.760998725891112,8.6,training
1yy6,5.2030677795410165,6.07,training
1yye,8.456704139709473,8.57,training
1yyr,5.988933563232423,6.29,training
1yys,6.9663639068603525,6.33,training
1yyy,6.547209739685059,5.09,training
1yz3,7.222886085510254,8.81,training
1z1h,9.580269813537598,8.4,training
1z1r,9.472577095031738,9.22,training
1z2b,7.8189945220947275,6.4,training
1z34,6.339533805847168,3.38,training
1z3c,4.731332778930664,4.0,training
1z3j,6.4100894927978525,8.0,training
1z3t,4.4257097244262695,3.94,training
1z3v,4.374845504760741,4.11,training
1z4n,4.77059268951416,4.52,training
1z4u,6.9918622970581055,7.15,training
1z5m,7.604512214660644,7.52,training
1z6d,3.9643783569335938,2.34,training
1z6f,6.06005859375,4.89,training
1z6j,8.221701622009277,8.03,training
1z6p,7.264378547668457,6.05,training
1z6q,7.270671844482423,6.7,training
1z9h,6.095869064331055,3.0,training
1z9y,8.73995304107666,7.19,training
1zaf,7.871975898742676,7.7,training
1zaj,4.866899490356445,5.1,training
1zc9,5.100482940673828,3.22,training
1zd2,5.955212593078612,3.3,training
1zd3,4.920723915100098,3.3,training
1zd4,4.76088809967041,3.6,training
1zd5,6.002226829528809,4.87,training
1zdp,6.03358268737793,5.74,training
1ze8,7.43203067779541,7.68,training
1zeo,7.2786216735839835,6.68,training
1zfp,6.008906364440918,7.59,training
1zgb,8.108670234680176,8.06,training
1zge,7.658519744873048,7.3,training
1zgi,8.124238967895508,5.34,training
1zgv,7.664506912231445,6.0,training
1zh7,5.673892021179199,6.3,training
1zhk,6.043580055236816,4.45,training
1zhl,6.078164100646973,5.0,training
1zkk,5.876646995544434,4.48,training
1zkl,6.289566993713379,5.09,training
1zkn,4.967998504638672,4.51,training
1zky,7.046546936035156,6.25,training
1zls,5.255869388580322,7.0,training
1zlu,5.299517631530762,7.0,training
1zlv,5.422070503234863,6.15,training
1zlw,4.945915699005127,5.89,training
1zm6,4.914877414703369,4.35,training
1zm7,5.620589256286621,3.0,training
1zoe,8.265043258666992,7.4,training
1zog,7.880903244018555,7.15,training
1zoh,8.099255561828612,7.0,training
1zom,7.702766418457031,7.52,training
1zp5,7.443483352661133,2.92,training
1zpa,8.748236656188965,8.4,training
1zpb,7.331153869628906,6.07,training
1zpc,7.74245548248291,6.6,training
1zrz,7.512444496154785,5.24,training
1zs0,6.2696571350097665,6.15,training
1zsb,6.4520673751831055,0.6,training
1zsf,8.971501350402832,9.92,training
1zsh,6.046536445617676,7.07,training
1zsr,8.925225257873535,9.82,training
1ztq,7.5143680572509775,8.89,training
1zub,5.99269962310791,6.57,training
1zuc,8.789321899414062,8.77,training
1zvx,7.956321716308594,9.22,training
1zxc,7.41092586517334,8.1,training
1zxv,6.22499942779541,6.1,training
1zyj,6.672390937805176,5.82,training
1zyr,5.894227027893066,5.74,training
1zz1,7.031760215759277,6.02,training
1zz2,6.810746192932129,5.22,training
1zz3,5.288341999053955,6.54,training
1zzl,7.506308555603027,8.3,training
1zzz,6.344176292419434,5.14,training
220l,3.4871177673339844,3.4,training
223l,3.952965259552002,3.4,training
2a0c,6.393683433532715,7.3,training
2a0t,5.144535541534424,4.82,training
2a25,4.9767723083496085,4.62,training
2a29,5.173100471496582,2.85,training
2a2g,6.644142150878906,7.0,training
2a2x,7.397603034973144,7.69,training
2a31,3.7079572677612314,1.01,training
2a3a,4.286386489868163,2.82,training
2a3b,3.5102028846740723,3.33,training
2a3c,6.271328926086426,4.43,training
2a3i,7.974327087402344,6.05,training
2a3w,6.0406494140625,5.42,training
2a3x,6.196393966674805,6.92,training
2a4g,6.766940116882324,7.18,training
2a4l,7.3552589416503915,6.4,training
2a4m,4.310583591461182,4.52,training
2a4q,7.8588008880615225,7.18,training
2a4r,7.3551597595214835,7.82,training
2a4w,5.277754783630371,8.29,training
2a4z,6.92193603515625,6.6,training
2a58,6.431947708129883,4.92,training
2a5u,7.0099849700927725,8.1,training
2a8g,6.354368209838867,3.69,training
2a8h,7.414586067199707,7.17,training
2aa6,8.446138381958008,9.41,training
2aa9,2.770469188690185,2.92,training
2aac,5.0961570739746085,2.22,training
2aay,2.747337818145752,2.92,training
2ad5,5.079772472381592,3.96,training
2ada,9.66247844696045,13.0,training
2adm,5.310641288757324,5.7,training
2adu,6.437019348144531,7.74,training
2aeb,6.060892105102539,8.3,training
2aei,7.722533226013184,7.07,training
2ael,6.58741569519043,6.29,training
2aez,4.697298049926758,2.46,training
2afw,5.4026875495910645,4.77,training
2afx,4.653733253479004,5.15,training
2agv,5.820603370666504,7.7,training
2ai7,5.8338356018066415,6.4,training
2ai8,5.750510215759277,6.8,training
2aia,7.454119682312013,5.41,training
2aie,6.525256156921388,5.66,training
2aig,6.845609664916992,5.0,training
2ajb,7.960711479187013,5.5,training
2ajd,8.505513191223145,10.8,training
2ajl,7.838422775268555,7.89,training
2alv,6.1951236724853525,4.15,training
2am1,7.21162223815918,6.0,training
2am2,6.8599796295166025,5.1,training
2am4,5.397756576538086,3.72,training
2am9,8.017595291137695,8.41,training
2ama,8.031608581542969,8.0,training
2amv,6.522848129272461,8.8,training
2an5,5.426506996154785,5.68,training
2ank,7.170300483703612,7.33,training
2anl,6.118853569030763,6.96,training
2anm,7.072552680969237,8.74,training
2ans,6.923736572265625,5.92,training
2ao6,8.993429183959961,9.28,training
2aoc,6.8091793060302725,4.89,training
2aod,7.072159767150879,5.66,training
2aof,5.834352493286133,4.55,training
2aog,6.3289546966552725,6.28,training
2aoh,6.1807289123535165,4.44,training
2aoi,5.7853050231933585,4.01,training
2aoj,6.4849491119384775,4.66,training
2aou,6.948716163635254,7.73,training
2aov,7.177101135253906,7.04,training
2aow,6.374807357788086,7.42,training
2aox,6.423196792602539,7.42,training
2aq7,4.338912963867188,3.3,training
2aq9,6.720290184020996,7.3,training
2aqb,4.032658576965332,3.3,training
2aqu,9.065295219421387,9.32,training
2arm,4.6786770820617685,7.68,training
2asu,4.849387645721436,9.0,training
2ate,5.194552421569824,7.07,training
2ath,8.508094787597656,6.82,training
2auc,6.30778694152832,4.08,training
2aux,7.1133880615234375,9.3,training
2auz,8.116125106811522,9.46,training
2avi,11.027986526489258,15.22,training
2avq,6.1567115783691415,4.39,training
2avv,8.630749702453612,9.26,training
2aw1,7.952341079711914,7.37,training
2ax6,7.210477828979492,7.57,training
2ax9,7.535155296325684,9.52,training
2axi,4.22525691986084,6.85,training
2ay1,4.222916603088379,2.29,training
2ay2,4.0476040840148935,1.88,training
2ay3,4.068918228149413,3.55,training
2ay4,3.9116487503051762,2.91,training
2ay5,4.5472612380981445,2.59,training
2ay6,5.374821662902832,3.11,training
2ay7,3.923069715499878,2.3,training
2ay8,4.167804718017578,2.24,training
2ay9,4.176039695739746,2.16,training
2ayp,7.071246147155763,8.15,training
2ayr,8.658449172973633,9.29,training
2az5,7.576955795288086,5.27,training
2az8,6.927043914794923,8.22,training
2az9,7.167794227600098,7.66,training
2azb,6.139463424682617,7.19,training
2azc,7.98832893371582,6.74,training
2azm,4.878987789154053,5.66,training
2azr,3.507246732711792,3.64,training
2b07,6.6326637268066415,6.43,training
2b17,5.614619255065918,6.21,training
2b1g,6.130481719970702,6.64,training
2b1i,6.874094009399414,6.82,training
2b1p,7.351622581481934,8.52,training
2b1q,3.0740582942962646,1.59,training
2b1r,3.4818630218505864,1.0,training
2b1v,6.394266128540039,5.74,training
2b1z,7.284945487976074,7.1,training
2b2v,5.344947814941406,4.77,training
2b4l,4.41722297668457,4.77,training
2b4m,4.1901912689208975,3.53,training
2b52,7.668291091918945,8.1,training
2b53,7.3230934143066415,6.22,training
2b54,7.740551948547362,7.7,training
2b55,8.078789710998535,7.02,training
2b5j,7.780372619628906,9.1,training
2b7a,7.996350288391112,9.0,training
2b7f,7.07280158996582,7.3,training
2b8l,7.742301940917969,7.82,training
2b8v,6.901102066040039,7.01,training
2b9a,6.312766075134277,8.05,training
2baj,6.963935852050781,8.4,training
2bak,7.632676124572754,7.43,training
2bal,7.7708797454833975,6.31,training
2ban,7.826748847961426,9.0,training
2bb7,6.879607200622559,5.67,training
2bba,7.259909629821777,7.15,training
2bbb,8.550175666809082,8.62,training
2bcd,7.7050514221191415,10.22,training
2bdf,7.237686157226562,7.17,training
2bdj,7.720124244689941,9.35,training
2bdl,7.863154411315918,7.82,training
2bdy,8.085716247558594,7.77,training
2be2,7.951287269592285,8.7,training
2bed,7.458762168884277,8.15,training
2bes,4.340604782104491,4.24,training
2bet,3.516852140426636,2.77,training
2bfq,5.333036422729492,6.89,training
2bfr,5.213390350341797,5.25,training
2bgd,7.526537895202638,5.0,training
2bge,4.3695287704467765,2.8,training
2bgn,6.386606216430664,5.7,training
2bgr,4.4540605545043945,3.6,training
2bj4,7.74105167388916,4.47,training
2bjm,4.91611385345459,3.7,training
2bks,7.441906929016112,7.43,training
2bkt,7.374077796936035,7.64,training
2bkz,8.055208206176758,8.15,training
2bmc,8.173418998718263,7.57,training
2bmg,8.173789024353027,7.74,training
2bmk,5.154147148132324,5.62,training
2bmv,4.041719913482666,2.0,training
2bmz,3.445531845092773,3.7,training
2bo4,3.5861656665802,4.61,training
2boi,4.1225194931030265,4.32,training
2bow,5.109142303466797,4.0,training
2bpm,6.555586814880371,8.7,training
2bpv,8.501694679260254,7.67,training
2bpx,8.744424819946289,9.4,training
2bq6,8.430551528930664,10.15,training
2bq7,7.860943794250487,7.05,training
2bqv,8.277229309082031,8.05,training
2bqw,7.944662094116211,8.52,training
2br6,3.777323484420776,2.96,training
2br8,8.146499633789062,7.49,training
2brc,6.62621021270752,5.05,training
2brg,6.706733703613281,5.21,training
2brh,6.2870826721191415,4.64,training
2brm,7.030503273010254,5.89,training
2brn,6.84984302520752,5.26,training
2bro,7.065457344055176,5.85,training
2brp,7.135581016540527,4.0,training
2bt9,3.579402446746826,6.19,training
2btr,6.631608009338379,7.02,training
2bts,6.5319414138793945,7.7,training
2bu5,7.323332786560059,7.78,training
2bua,5.025688648223877,4.52,training
2bub,7.2019290924072275,7.05,training
2buc,7.575605392456055,7.0,training
2buv,4.42923641204834,4.0,training
2bv4,4.2205753326416025,3.22,training
2bve,5.410906791687012,3.67,training
2bvs,5.030823707580566,4.1,training
2bvx,7.552274703979492,8.7,training
2bw7,7.386283874511719,5.7,training
2bxt,8.219947814941406,8.52,training
2bxu,8.604188919067383,7.15,training
2byh,7.4509429931640625,6.59,training
2byi,7.39130973815918,6.34,training
2byp,7.646526336669923,9.06,training
2bys,8.639430046081543,9.52,training
2bz5,6.695159912109375,6.15,training
2bz6,6.927196502685548,7.09,training
2bz8,6.137486457824707,5.6,training
2bza,3.203669786453247,2.8,training
2bzz,5.525637626647949,6.43,training
2c02,4.41838264465332,4.04,training
2c0o,9.011178016662598,5.91,training
2c1a,6.964393615722656,6.77,training
2c1b,7.288215637207031,6.4,training
2c1n,6.05075740814209,4.11,training
2c1q,10.05703067779541,13.0,training
2c2l,5.307453632354736,5.55,training
2c3j,7.878801345825195,6.18,training
2c3k,8.033831596374513,7.59,training
2c3l,6.4526920318603525,5.07,training
2c4f,7.986198425292969,7.7,training
2c4g,6.815516471862793,5.94,training
2c4v,4.246446609497069,2.6,training
2c4w,7.109609603881836,4.7,training
2c57,4.4114413261413565,3.43,training
2c5n,7.460963249206543,6.66,training
2c5o,5.365761280059815,5.19,training
2c5x,8.354353904724121,6.6,training
2c5y,8.080710411071777,6.6,training
2c68,7.625857353210449,5.74,training
2c69,6.95773983001709,4.59,training
2c6c,7.583094596862793,7.52,training
2c6e,8.059693336486816,9.1,training
2c6g,4.840413093566895,3.37,training
2c6i,7.3308773040771475,4.96,training
2c6k,7.274797439575195,6.14,training
2c6l,7.7663631439208975,6.57,training
2c6m,7.224116325378418,6.46,training
2c6n,7.537858963012695,6.88,training
2c6o,7.5139007568359375,8.22,training
2c80,5.690409660339356,5.33,training
2c8w,7.9058189392089835,8.43,training
2c8x,7.766092300415039,6.66,training
2c8y,6.251920700073242,4.0,training
2c90,4.245774269104004,3.48,training
2c93,6.571852684020996,4.92,training
2c94,5.4420576095581055,6.82,training
2c97,6.149559020996094,6.14,training
2c9b,5.478799819946289,5.54,training
2c9d,5.988129615783691,6.32,training
2c9t,7.3339481353759775,7.48,training
2ca8,4.620657444000244,4.66,training
2cbr,6.584317207336426,6.85,training
2cbs,7.143878936767577,8.22,training
2cbu,7.807868003845215,5.68,training
2cbz,5.506840705871582,3.93,training
2cc7,7.298731803894043,8.01,training
2ccb,6.32402229309082,7.45,training
2ccs,7.168647766113281,5.7,training
2cct,6.685262680053711,5.02,training
2ccu,7.659806251525879,6.13,training
2ce9,6.322802543640138,6.03,training
2cej,8.457752227783201,8.62,training
2cem,8.491550445556639,7.92,training
2cen,8.500683784484862,8.3,training
2ceo,6.772407531738281,10.0,training
2cex,4.759405136108398,4.7,training
2cf8,7.9194135665893555,8.1,training
2cfd,8.386113166809082,7.49,training
2cfg,7.967560768127441,7.44,training
2cgf,5.869307518005371,6.41,training
2cgu,5.881077766418457,4.87,training
2cgv,6.489071846008301,4.56,training
2cgw,6.6933345794677725,4.76,training
2cgx,4.925836086273193,4.81,training
2chm,7.575119972229004,8.26,training
2chw,7.903754234313965,4.77,training
2chx,7.643486976623535,7.74,training
2chz,8.20130729675293,7.8,training
2ci9,5.829852104187013,7.22,training
2cia,5.884533882141112,6.43,training
2cji,8.564191818237305,8.22,training
2ckm,8.105354309082031,8.82,training
2cle,4.402594566345215,3.55,training
2clf,4.998491287231445,3.55,training
2clh,5.151853561401367,4.06,training
2cli,5.15468692779541,4.3,training
2clk,4.558927536010742,3.79,training
2cll,5.487245559692383,4.3,training
2clm,5.152289867401123,3.55,training
2clo,5.660677909851074,4.06,training
2clv,6.561850547790527,7.88,training
2clx,5.94936466217041,4.88,training
2cm7,7.2123775482177725,6.68,training
2cm8,6.047018051147461,5.87,training
2cma,7.255303382873535,6.73,training
2cmb,7.418172836303711,7.19,training
2cmc,5.499216079711914,5.76,training
2cmf,8.260212898254395,7.55,training
2cmo,6.487113952636719,6.4,training
2cn8,7.678387641906737,5.46,training
2cne,7.3747520446777335,8.77,training
2cnf,7.571136474609375,6.62,training
2cng,6.517365455627441,6.96,training
2cnh,7.296334266662598,7.23,training
2cni,8.320952415466309,7.68,training
2co0,5.615237236022949,5.48,training
2csm,4.027259826660156,4.3,training
2cv3,7.77194881439209,6.57,training
2cvd,7.008871078491211,6.1,training
2d06,6.107118606567383,4.08,training
2d1n,7.4468040466308585,8.15,training
2d1x,7.9271240234375,5.1,training
2d2v,3.600305795669556,1.0,training
2d41,6.75627326965332,6.82,training
2dbl,7.7010555267333975,8.7,training
2ddf,6.488505363464356,7.39,training
2df6,6.273477554321289,5.98,training
2doo,7.032869338989258,7.17,training
2dq7,8.448439598083496,8.32,training
2dri,6.0277957916259775,6.89,training
2ds1,8.806556701660156,8.47,training
2dua,4.3708105087280265,4.77,training
2duv,7.623125076293945,7.06,training
2dw7,4.133298873901366,4.7,training
2dwx,5.152531623840332,3.74,training
2dxs,7.1531620025634775,7.34,training
2e1w,7.475625991821289,7.96,training
2e2b,7.069594383239746,7.96,training
2e2p,5.582898139953613,4.74,training
2e2r,8.15103816986084,8.26,training
2e5y,5.182798862457275,5.85,training
2e7l,5.662178039550781,7.54,training
2e91,5.726687431335449,6.59,training
2e93,7.165794372558594,6.96,training
2e95,7.801513671875,7.1,training
2e98,6.791227340698242,6.23,training
2e99,6.952164649963379,6.16,training
2e9a,6.920783042907715,6.04,training
2e9c,6.489664077758789,5.96,training
2e9d,5.544777870178223,5.89,training
2e9n,7.579446792602539,8.21,training
2e9o,7.683354377746582,7.7,training
2e9u,7.3133182525634775,8.1,training
2e9v,8.264740943908691,7.9,training
2ea2,7.25313663482666,7.8,training
2ea4,7.326826095581055,7.34,training
2eep,6.25081729888916,7.06,training
2eg7,4.777074813842773,5.89,training
2eg8,5.9562034606933585,4.5,training
2eh8,6.843634605407715,7.96,training
2ei6,8.231847763061522,7.39,training
2emt,6.1351318359375,6.7,training
2epn,6.487744331359862,7.22,training
2er0,7.258862495422362,6.38,training
2er6,6.794818878173827,7.22,training
2er9,7.211194038391112,7.4,training
2erz,6.872542381286621,5.66,training
2esm,7.747756004333496,6.28,training
2etk,6.8189897537231445,6.82,training
2etm,7.557600975036621,6.67,training
2etr,6.55682373046875,6.82,training
2euf,8.052862167358397,7.82,training
2euk,6.958763122558594,6.6,training
2eum,6.4230079650878915,6.7,training
2evc,7.323748588562013,6.54,training
2evm,7.685386657714844,6.16,training
2evo,6.343503952026367,7.17,training
2ew5,7.019637107849121,5.9,training
2ew6,5.985211372375487,4.97,training
2ewa,7.33406925201416,7.94,training
2ewb,6.793498992919923,6.1,training
2ewp,7.9631195068359375,7.1,training
2ews,5.777486801147461,6.62,training
2ewy,7.328967094421388,6.15,training
2exc,7.501980781555176,6.63,training
2exg,4.888786315917969,4.3,training
2exm,5.167213439941406,4.11,training
2ez5,5.185237407684326,5.52,training
2f01,10.016910552978516,13.0,training
2f0z,6.444127082824707,4.77,training
2f10,5.9078922271728525,3.48,training
2f14,6.646098136901856,9.19,training
2f18,4.3816118240356445,4.1,training
2f1a,4.538017272949219,3.14,training
2f1b,5.959388732910156,3.0,training
2f1g,7.786436080932617,7.54,training
2f2c,7.285435676574707,6.35,training
2f35,5.38525390625,5.4,training
2f3e,7.69876766204834,6.81,training
2f3f,7.298676490783691,6.72,training
2f3k,7.909327507019043,7.89,training
2f3r,6.089500427246094,6.3,training
2f4b,8.225397109985353,7.3,training
2f4j,7.950019836425781,5.66,training
2f5t,4.238660812377931,5.17,training
2f6j,5.439260482788086,5.57,training
2f6t,5.486968994140625,4.62,training
2f6v,5.972822189331055,4.43,training
2f6y,5.652270317077638,3.87,training
2f6z,6.721323013305664,5.32,training
2f70,6.380703926086426,4.47,training
2f71,6.245732307434082,5.6,training
2f7i,6.631718635559082,7.1,training
2f7o,5.625584602355957,7.44,training
2f7p,7.430672645568848,6.6,training
2f80,9.72640323638916,8.18,training
2f81,10.405522346496582,10.52,training
2f89,6.608752250671388,6.48,training
2f8g,9.616995811462402,8.7,training
2f8i,5.105852127075195,7.26,training
2f94,6.134897232055664,6.71,training
2f9b,6.9458961486816415,6.52,training
2f9k,6.513735771179199,7.07,training
2f9u,7.544868469238281,7.39,training
2f9v,6.711530685424805,7.82,training
2fah,2.962032556533813,1.3,training
2fai,7.418222427368164,6.24,training
2fb8,8.342639923095701,9.8,training
2fci,6.971388816833496,7.15,training
2fda,6.664314270019531,6.3,training
2fdd,9.496499061584473,8.32,training
2fde,9.98049259185791,9.15,training
2feq,7.547015190124513,8.86,training
2fes,7.682215690612793,9.01,training
2ff1,6.877685546875,8.21,training
2ff2,9.542853355407717,8.21,training
2fgh,6.142970085144043,6.55,training
2fgi,7.289532661437987,7.34,training
2fgu,7.814798355102539,9.18,training
2fgv,8.050252914428711,6.12,training
2fhy,5.884112358093263,5.96,training
2fie,6.937721252441406,5.46,training
2fix,5.511198997497559,6.24,training
2fj0,7.538504600524902,7.66,training
2fjm,7.2338666915893555,6.85,training
2fjn,7.303071022033691,7.41,training
2fjp,8.24629020690918,8.37,training
2fkf,4.660299777984619,2.92,training
2fky,7.5299110412597665,8.59,training
2fl2,7.058701515197754,8.7,training
2fl5,7.1419334411621085,8.74,training
2fl6,7.256466865539551,7.42,training
2flb,6.645930290222168,5.74,training
2flh,5.7006263732910165,3.97,training
2flu,5.493499755859375,7.7,training
2fm0,8.304654121398926,9.4,training
2fm2,7.564719200134277,8.15,training
2fm5,8.480081558227539,7.37,training
2fme,6.996583938598633,6.98,training
2fo4,7.305354118347168,7.22,training
2fou,5.877167701721191,7.1,training
2fov,7.8728904724121085,7.55,training
2foy,8.118254661560059,6.92,training
2fpz,3.993998289108277,3.96,training
2fq6,7.736523628234862,7.1,training
2fqo,6.1875247955322275,6.43,training
2fqt,5.858107566833496,6.14,training
2fqw,6.911589622497559,6.68,training
2fqx,6.162083625793457,7.15,training
2fr3,7.2950849533081055,8.7,training
2fr8,4.617425918579102,3.15,training
2frd,5.629651069641112,4.54,training
2fs8,8.218820571899414,7.6,training
2fs9,7.831249237060548,8.52,training
2fsa,5.476799964904785,5.3,training
2fsv,5.011824131011963,4.6,training
2ftd,8.63173770904541,10.39,training
2fts,5.502473831176758,7.05,training
2fu8,5.251062393188477,4.7,training
2fum,6.472231864929199,6.1,training
2fuu,5.318217754364014,5.57,training
2fv5,8.572061538696289,11.7,training
2fv9,5.778590202331543,7.22,training
2fvc,7.76597785949707,7.49,training
2fw3,5.626708030700684,6.42,training
2fw6,3.4974365234375,2.92,training
2fwp,3.762300729751587,2.92,training
2fwy,6.314332008361816,6.7,training
2fwz,6.293588638305664,7.3,training
2fx6,3.818637609481812,3.7,training
2fx7,6.857337951660156,7.7,training
2fx8,6.232043266296388,6.52,training
2fx9,7.300175666809082,7.77,training
2fxr,8.151188850402832,7.6,training
2fxu,7.214302062988281,8.15,training
2fxv,5.825876235961914,5.35,training
2fys,4.914743423461914,4.36,training
2fyv,5.238266944885254,3.52,training
2fzc,5.029162883758545,2.7,training
2fzz,8.440783500671388,10.52,training
2g00,8.19143009185791,9.74,training
2g01,5.515397071838379,5.91,training
2g0g,7.655316352844237,6.29,training
2g0h,7.85172176361084,7.64,training
2g19,6.886235237121582,5.85,training
2g1q,7.59051513671875,7.36,training
2g1r,7.51423168182373,7.7,training
2g1y,8.338574409484862,7.05,training
2g24,7.017045021057129,5.4,training
2g2r,7.555104255676269,7.89,training
2g5p,7.573140144348144,8.42,training
2g5t,8.332106590270996,9.09,training
2g63,7.177872657775879,8.17,training
2g6p,7.350740432739258,6.22,training
2g6q,5.683448791503906,5.82,training
2g78,6.463518142700195,6.92,training
2g79,6.873026847839356,6.92,training
2g83,5.535246849060059,5.92,training
2g8n,7.640000343322754,7.2,training
2g8r,4.999619483947754,3.99,training
2g94,7.467029571533202,9.52,training
2g96,5.64528751373291,4.28,training
2g97,8.451456069946289,6.82,training
2g9q,4.9733428955078125,6.4,training
2g9r,5.423177719116211,6.08,training
2g9u,5.079620361328125,6.08,training
2g9v,5.364190578460693,5.92,training
2g9x,6.948417663574219,7.35,training
2ga2,6.618425369262695,5.52,training
2gbf,7.7928466796875,7.92,training
2gbg,8.049025535583496,7.25,training
2gbi,7.911846160888673,8.52,training
2gc8,5.062520503997803,5.51,training
2gcd,8.160118103027344,5.52,training
2gd8,8.18038272857666,7.41,training
2gde,7.662545204162598,8.24,training
2gdo,8.254448890686035,9.49,training
2gej,5.729817390441895,6.64,training
2gek,5.88730525970459,7.52,training
2gfa,5.237885475158691,4.98,training
2gfd,6.527884483337402,6.28,training
2gfj,7.094128608703612,3.82,training
2gfk,6.825643539428711,4.52,training
2gfs,6.254403114318848,6.15,training
2gg0,5.79573917388916,5.77,training
2gg2,6.308169364929199,6.6,training
2gg3,6.184502601623535,6.24,training
2gg5,6.239920616149902,6.6,training
2gg7,6.598376274108888,5.76,training
2gg8,6.181806564331055,4.6,training
2gg9,5.956114768981934,5.46,training
2gga,3.973503589630127,1.96,training
2ggb,5.651482582092285,4.92,training
2ggd,3.6523771286010738,3.8,training
2ggu,3.871999502182007,3.03,training
2ggx,5.18574333190918,3.49,training
2gh6,7.644516944885254,4.95,training
2gh7,9.961304664611816,13.0,training
2gh9,6.508059501647949,6.0,training
2ghg,7.563118934631348,8.82,training
2giu,7.851063728332519,8.82,training
2gj4,5.73045539855957,6.5,training
2gj5,6.638044357299805,8.32,training
2gl0,6.8566179275512695,4.82,training
2glm,6.34665584564209,5.37,training
2glp,5.672625541687013,5.01,training
2gm1,8.058318138122559,7.0,training
2gm9,6.652820587158202,7.39,training
2gmk,4.325989723205566,3.23,training
2gmv,7.6420345306396475,6.2,training
2gmx,7.263578414916992,7.11,training
2gnf,5.616218566894531,5.22,training
2gnh,6.562823295593263,6.83,training
2gni,7.214920997619629,5.64,training
2gnj,6.206812858581543,5.22,training
2gnl,6.4345054626464835,7.24,training
2go4,6.761927604675293,5.15,training
2gph,5.982575416564941,5.3,training
2gpp,7.202670097351074,5.7,training
2gqn,6.09140682220459,5.35,training
2gst,7.435915946960449,6.07,training
2gsu,5.9090776443481445,3.59,training
2gtk,7.3732757568359375,6.6,training
2gtv,4.8805036544799805,5.15,training
2gu8,6.748661994934082,8.59,training
2gv2,7.328784942626952,8.3,training
2gv7,7.323689460754394,7.85,training
2gvd,6.358717918395996,7.0,training
2gvf,7.935007095336914,7.6,training
2gvj,8.19566822052002,9.52,training
2gvv,4.180941581726073,3.9,training
2gvz,6.058045387268066,6.89,training
2gyi,5.399042129516602,7.0,training
2gz7,6.857909202575684,6.52,training
2gz8,5.94357967376709,5.52,training
2gzl,5.94333553314209,4.82,training
2h02,7.319457054138184,6.49,training
2h03,6.814369201660156,7.05,training
2h13,5.541426658630371,5.35,training
2h15,7.979130744934082,5.67,training
2h1h,5.279604911804199,4.52,training
2h21,6.9748287200927725,6.54,training
2h23,6.057401657104492,4.67,training
2h2d,5.509584426879883,5.37,training
2h2e,4.716987609863281,3.0,training
2h2g,5.200648307800293,5.04,training
2h2h,5.441632270812988,4.98,training
2h2j,5.6449174880981445,5.38,training
2h3e,7.3183650970458975,5.7,training
2h42,8.251486778259277,8.62,training
2h44,8.356850624084473,5.77,training
2h4n,7.3088321685791025,8.7,training
2h5a,3.7044751644134517,5.1,training
2h5d,7.305798530578612,8.19,training
2h5e,5.470039367675781,8.25,training
2h5i,6.786428451538086,8.89,training
2h5j,7.272112846374513,7.91,training
2h65,7.510922431945801,8.19,training
2h6b,4.474151611328125,5.39,training
2h6k,5.602899551391602,5.06,training
2h6q,5.931256294250487,5.11,training
2h8h,8.760528564453125,8.57,training
2h96,6.567045211791992,6.64,training
2h9m,5.6418113708496085,4.46,training
2h9n,5.7971553802490225,3.94,training
2h9p,5.97158145904541,3.72,training
2h9t,6.38702392578125,4.7,training
2ha0,4.327698707580566,4.43,training
2ha2,4.21185302734375,4.66,training
2ha3,3.809305429458618,3.03,training
2ha4,3.236059665679932,2.7,training
2ha5,4.6730308532714835,4.34,training
2ha6,4.172506332397462,4.32,training
2ha7,4.3679237365722665,3.36,training
2hah,6.788717269897461,8.0,training
2hai,6.448723793029785,6.28,training
2haw,5.387946605682373,4.92,training
2hb3,9.922378540039062,11.35,training
2hb9,6.384187698364258,4.82,training
2hd1,4.458600044250488,3.3,training
2hd6,8.099183082580566,7.8,training
2hdq,2.7260851860046387,1.4,training
2hdr,3.3360342979431152,1.72,training
2hds,3.7149953842163086,2.0,training
2hdu,3.1795053482055664,2.3,training
2hdx,5.789567947387695,6.26,training
2hf8,5.4834632873535165,5.47,training
2hfp,7.579512596130371,8.52,training
2hh5,8.051101684570312,7.49,training
2hha,7.917848587036133,6.91,training
2hiw,8.345130920410156,8.1,training
2hiz,7.218449592590332,6.95,training
2hj4,4.902379035949707,5.37,training
2hjb,3.6546802520751953,4.39,training
2hk5,8.088279724121094,7.34,training
2hkf,7.516090393066406,6.38,training
2hl4,7.167641639709473,7.64,training
2hm1,7.9379615783691415,8.7,training
2hmb,6.442172050476074,5.59,training
2hmh,6.226763725280763,7.15,training
2hmv,5.527209281921387,7.7,training
2hmw,5.442941665649414,7.7,training
2hnc,6.561251640319824,7.22,training
2hnx,7.131696701049805,7.08,training
2hny,7.6582088470458975,5.93,training
2hob,6.75309944152832,5.72,training
2hoc,8.426652908325195,9.52,training
2hog,8.598908424377441,9.52,training
2hpa,3.341202735900879,4.6,training
2hqu,5.00946044921875,5.14,training
2hr6,4.766569137573242,4.82,training
2hrm,4.853034496307373,3.56,training
2hrp,6.677031517028809,8.3,training
2hs1,9.13154125213623,8.48,training
2hs2,8.467995643615723,8.31,training
2hu6,6.5263423919677725,3.81,training
2hug,5.393801689147949,5.97,training
2hvc,8.016841888427733,8.82,training
2hvx,6.311310768127441,7.54,training
2hw2,6.964609146118164,2.97,training
2hwg,3.3558931350708012,3.55,training
2hwh,6.105341911315918,5.7,training
2hwi,6.496227264404298,5.52,training
2hwo,6.023341178894043,6.9,training
2hwp,6.259991645812987,7.14,training
2hxl,7.666947364807129,7.92,training
2hxm,5.319798469543457,5.22,training
2hxq,7.228135108947754,6.84,training
2hy0,8.486241340637207,9.19,training
2hyy,7.23151969909668,6.77,training
2hz0,7.298031806945801,6.48,training
2hz4,6.207085609436035,5.47,training
2hzi,8.405275344848633,7.15,training
2hzl,3.905715942382813,6.57,training
2hzn,6.628203392028809,7.39,training
2i03,8.025954246520996,9.0,training
2i0a,10.398345947265623,11.4,training
2i0d,10.195941925048828,12.1,training
2i0e,7.648777961730957,8.7,training
2i0g,8.647320747375487,9.72,training
2i0h,7.866599082946777,8.05,training
2i0j,7.590778350830077,8.57,training
2i0v,6.626339912414551,6.8,training
2i0y,7.209379196166992,7.62,training
2i19,6.31410026550293,7.8,training
2i1m,7.26650333404541,7.62,training
2i1r,7.147916793823242,5.01,training
2i3h,6.843167304992676,7.4,training
2i3v,4.394545078277588,6.55,training
2i3z,7.879129409790039,8.7,training
2i40,8.03770637512207,5.8,training
2i47,7.360068321228027,8.66,training
2i4d,10.644709587097168,11.68,training
2i4j,7.7934532165527335,6.16,training
2i4p,6.500419616699219,5.7,training
2i4t,8.00605297088623,9.0,training
2i4v,10.179242134094238,11.2,training
2i4w,10.603113174438477,11.59,training
2i4x,9.99623966217041,11.72,training
2i4z,7.491836547851562,5.7,training
2i5f,6.387078285217285,5.12,training
2i5j,5.886922836303711,6.3,training
2i6a,7.619997024536133,9.05,training
2i6b,6.3359432220458975,7.17,training
2i72,7.129803657531737,7.43,training
2i7c,5.60609245300293,5.07,training
2i80,6.0832929611206055,5.4,training
2ica,7.832615852355957,7.7,training
2idk,6.401451110839844,5.54,training
2ie4,7.752568244934082,10.0,training
2ieh,7.440805435180664,6.96,training
2ien,10.09244155883789,9.0,training
2ieo,10.260303497314453,8.49,training
2ig0,4.284870147705078,4.71,training
2igw,3.7440576553344727,1.31,training
2igx,7.691514015197754,7.27,training
2igy,7.216605186462402,6.95,training
2ihj,5.394735336303711,4.59,training
2iit,7.6796016693115225,8.59,training
2iiv,7.369437217712402,8.18,training
2iko,7.117691993713379,5.45,training
2iku,7.889589309692383,7.1,training
2il2,7.414263725280763,7.1,training
2ilp,5.346822261810303,4.82,training
2ima,6.46830940246582,6.52,training
2imb,5.478545188903809,4.22,training
2imd,5.7357988357543945,8.3,training
2in6,8.326234817504883,7.64,training
2io6,8.785649299621582,7.52,training
2ioa,6.4782676696777335,5.49,training
2iog,8.843889236450195,8.1,training
2iok,8.220770835876465,9.0,training
2ipo,6.180122375488281,5.06,training
2iqg,7.945221900939941,8.3,training
2irz,8.208368301391603,7.92,training
2is0,7.814511299133301,6.7,training
2isc,8.369602203369139,8.42,training
2isv,6.446280479431152,7.43,training
2isw,6.139068603515625,7.43,training
2it4,3.898423671722412,1.62,training
2itk,6.672009468078612,7.69,training
2ito,7.372873306274414,6.91,training
2itp,7.450774192810059,7.95,training
2itt,7.644083976745605,8.77,training
2ity,7.63765811920166,7.27,training
2itz,8.080239295959473,8.59,training
2iu0,5.56833553314209,6.89,training
2iuz,5.414518356323242,5.55,training
2iv9,6.502062797546388,4.34,training
2ivu,8.320239067077638,6.43,training
2ivz,6.153559684753418,6.04,training
2iw4,6.655983924865723,9.3,training
2iw6,7.696861267089844,6.85,training
2iw8,7.7351036071777335,6.99,training
2iw9,7.196673393249513,8.05,training
2iws,5.759718894958496,6.36,training
2iwu,5.102300643920898,5.92,training
2iyf,6.19537353515625,3.75,training
2izl,8.911569595336914,6.0,training
2izx,3.667840242385864,9.4,training
2j2i,8.443148612976074,6.7,training
2j2u,8.582389831542969,7.33,training
2j34,8.330180168151855,7.82,training
2j3q,6.166788101196289,6.15,training
2j47,6.446819305419923,5.41,training
2j4a,8.30284595489502,10.6,training
2j4i,8.156572341918945,9.0,training
2j4k,5.554241180419922,4.85,training
2j4q,5.2364678382873535,4.46,training
2j4z,6.924424171447754,7.19,training
2j50,7.474943161010742,7.89,training
2j6m,7.8893795013427725,7.96,training
2j75,6.993725776672362,6.65,training
2j77,6.018115043640138,4.89,training
2j79,6.422177314758301,5.96,training
2j7b,6.84451961517334,6.62,training
2j7d,6.970576286315918,7.13,training
2j7g,7.7498226165771475,7.0,training
2j7w,5.550356864929199,6.66,training
2j7x,9.075716972351074,8.77,training
2j83,6.573871612548827,4.21,training
2j87,5.670717239379883,4.85,training
2j94,8.394747734069824,6.27,training
2j95,8.712611198425293,8.4,training
2j9a,7.462270736694336,5.89,training
2j9h,5.2034950256347665,3.39,training
2j9l,6.0208396911621085,4.0,training
2j9n,3.5106072425842285,4.7,training
2ja3,5.107546806335449,4.0,training
2jaj,4.937371253967285,4.6,training
2jal,4.683748245239258,4.82,training
2jb5,7.623832702636719,9.22,training
2jb6,8.072168350219728,10.96,training
2jbj,9.27441120147705,9.7,training
2jbk,6.052706718444824,6.4,training
2jbl,8.712320327758789,5.89,training
2jbo,7.659931182861327,8.07,training
2jbp,7.927724838256836,8.07,training
2jbu,5.49455451965332,3.4,training
2jbv,5.387140274047852,3.54,training
2jc0,6.1923885345458975,4.7,training
2jdh,5.634076118469237,6.51,training
2jdk,5.996990203857423,6.54,training
2jdl,5.276407241821289,9.43,training
2jdn,5.183403015136719,5.56,training
2jdo,7.081944465637207,6.64,training
2jdp,4.086023807525635,6.6,training
2jds,8.233931541442871,8.2,training
2jdt,6.783672332763673,6.77,training
2jdv,8.299751281738281,8.2,training
2jew,6.277163505554199,6.69,training
2jf4,8.120861053466799,8.15,training
2jfz,6.897632598876952,5.24,training
2jg0,7.1699419021606445,7.82,training
2jg8,4.2025184631347665,6.3,training
2jh5,7.075827598571777,6.44,training
2jh6,6.690110206604004,7.77,training
2jiu,7.301164627075195,7.56,training
2jj3,8.331940650939941,9.55,training
2jjb,6.820808410644531,7.92,training
2jjk,7.764740943908691,8.05,training
2jjr,4.855682373046875,8.2,training
2jk7,6.510326385498048,7.17,training
2jk9,5.8435821533203125,6.82,training
2jke,4.175514221191406,4.23,training
2jkh,7.843939781188965,8.05,training
2jkk,7.781891822814941,8.2,training
2jkm,8.101199150085451,7.75,training
2jko,8.64345645904541,8.11,training
2jkp,4.900294780731201,4.23,training
2jkq,7.694558143615723,8.11,training
2jkr,5.681000709533691,6.07,training
2jkt,5.6467533111572275,6.51,training
2jld,8.700604438781737,10.4,training
2jle,7.482800483703612,6.42,training
2jmj,5.714521408081055,5.04,training
2jnp,7.0614051818847665,6.89,training
2jnw,5.609057426452637,6.11,training
2jo9,5.703782081604004,4.28,training
2joa,5.644314765930176,5.96,training
2jq9,5.514966011047363,4.48,training
2jqi,5.275671482086182,5.0,training
2jqk,5.518254280090332,3.4,training
2jql,5.424215316772461,6.52,training
2jsd,6.80959415435791,7.77,training
2jst,3.622068166732788,2.59,training
2jt5,7.6185550689697275,7.74,training
2jt6,7.6490888595581055,7.6,training
2jup,5.046328544616699,3.81,training
2jxr,8.046967506408691,7.05,training
2k00,5.542538642883301,4.62,training
2k0g,5.144468307495117,6.97,training
2k0x,4.5480613708496085,5.68,training
2k1q,5.953064918518066,6.22,training
2k2g,6.2806453704833975,8.12,training
2k2r,5.00838565826416,2.89,training
2k31,7.066601753234862,8.7,training
2k3w,5.235179424285889,5.24,training
2k46,3.9045097827911377,4.58,training
2k4i,5.119996547698975,3.84,training
2k62,5.998067855834961,4.7,training
2k7l,5.959983825683594,6.15,training
2kaw,5.129127025604248,4.97,training
2kbr,5.888927459716798,4.6,training
2kbs,4.935681343078613,5.0,training
2kce,6.8497676849365225,6.17,training
2kdh,5.241115093231201,2.96,training
2ke1,5.242646217346191,5.3,training
2kff,5.072688102722168,3.61,training
2kfg,5.115401268005371,2.92,training
2kfh,5.160616874694824,2.62,training
2kfx,5.994234085083008,4.0,training
2kgi,5.246674537658691,6.12,training
2khh,5.331557273864746,6.56,training
2kmx,4.9569053649902335,4.08,training
2knh,5.9707984924316415,5.15,training
2ko7,5.6130218505859375,5.19,training
2koh,5.040227890014648,5.22,training
2kp8,5.49400806427002,4.0,training
2kpl,5.5412940979003915,6.64,training
2krd,5.537522315979004,2.7,training
2ks9,4.77825927734375,2.04,training
2ksa,4.875304222106934,3.06,training
2ksb,5.450411796569824,3.12,training
2ksp,5.5363616943359375,4.24,training
2kup,7.342308044433594,6.7,training
2kvm,5.398273944854736,3.96,training
2kwn,6.2027244567871085,5.13,training
2kzu,6.245905876159668,4.22,training
2l0i,5.734661102294923,4.82,training
2l11,5.0885114669799805,4.82,training
2l12,5.468269348144531,4.26,training
2l1b,5.259085655212402,3.96,training
2l1r,4.897892475128174,3.57,training
2l3r,5.790693283081055,4.66,training
2l65,5.717208862304688,4.22,training
2l6e,7.217923164367676,6.0,training
2l6j,4.731805801391602,6.26,training
2l75,5.493533134460449,6.05,training
2l7u,4.954617977142334,3.98,training
2l84,5.0531206130981445,7.72,training
2l8j,5.636532783508301,5.52,training
2l8r,5.287296772003174,3.92,training
2l98,4.669363975524902,3.61,training
2las,5.686307907104492,5.74,training
2lbm,5.413174629211426,6.57,training
2lbv,6.85146427154541,7.59,training
2lcs,5.252259254455566,6.7,training
2lct,6.580744743347168,5.14,training
2lgf,7.052273750305176,5.57,training
2lh8,5.640861511230469,4.18,training
2lha,5.777033805847168,5.19,training
2liq,5.572648048400879,5.85,training
2lk1,4.661276817321777,4.09,training
2lkk,6.857295036315918,6.7,training
2lko,5.641645431518555,5.67,training
2ll6,6.4318790435791025,10.0,training
2ll7,6.407402038574219,8.8,training
2llo,6.319523811340332,5.82,training
2llq,6.438485145568848,5.82,training
2lnw,5.851977348327638,5.85,training
2lo6,5.817944526672362,3.95,training
2loz,5.454970359802246,4.06,training
2lp8,7.625579833984375,7.52,training
2lpr,6.924205780029298,8.89,training
2lsk,6.1204833984375,4.89,training
2lsp,5.445054054260254,3.56,training
2lsr,6.3516197204589835,5.24,training
2lsv,5.6761980056762695,5.27,training
2lto,4.8568153381347665,3.11,training
2ltv,5.205411911010742,5.16,training
2ltw,5.708378791809082,4.22,training
2ltx,5.444416046142578,5.39,training
2lty,6.160003662109375,5.38,training
2ltz,5.72068977355957,5.35,training
2lwi,5.656176567077638,3.11,training
2ly0,5.93897819519043,4.8,training
2lya,5.0534095764160165,4.19,training
2lyb,4.6883697509765625,4.46,training
2lyw,5.573598861694336,4.52,training
2lzg,5.416600227355957,7.77,training
2m0o,5.285478115081787,5.38,training
2m0u,5.461108207702637,6.44,training
2m0v,6.322024345397949,5.97,training
2m3m,5.604898452758789,5.02,training
2m3o,4.742900848388672,5.3,training
2m3z,6.361001014709473,6.57,training
2m41,7.398513793945312,5.1,training
2mas,6.906451225280763,7.52,training
2mc1,6.128530502319336,4.15,training
2mg5,6.252729415893555,6.15,training
2mip,6.817045211791992,8.46,training
2mji,5.1753807067871085,4.25,training
2mkr,5.556010246276856,6.27,training
2mlm,5.2180447578430185,5.21,training
2mnz,5.156228542327881,5.19,training
2mov,4.690820217132568,7.4,training
2mow,5.749148368835449,5.96,training
2mpa,6.76780891418457,8.04,training
2mpm,6.420257568359375,5.89,training
2mps,6.9124488830566415,5.41,training
2ms4,6.152885437011719,4.82,training
2mwo,5.935877799987793,4.7,training
2mwp,5.880630493164063,6.05,training
2nm1,6.8027591705322275,7.47,training
2nmb,5.143159866333008,6.28,training
2nmx,8.567564010620117,5.57,training
2nmy,8.520122528076174,8.37,training
2nmz,7.913969993591309,8.37,training
2nn1,7.257733345031737,5.82,training
2nn8,3.4864282608032227,3.59,training
2nnd,7.355611801147461,6.06,training
2nng,6.877724647521973,5.36,training
2nnk,7.923504829406737,8.37,training
2nno,7.734831809997559,6.4,training
2nnp,7.048240661621094,8.37,training
2nnq,8.411044120788574,8.7,training
2nns,7.135601997375487,6.05,training
2nnv,7.611032485961914,7.52,training
2no3,6.632240295410156,8.05,training
2np8,6.924654006958008,7.38,training
2np9,6.835599899291992,5.57,training
2nq6,7.3526973724365225,5.82,training
2nq7,6.6151161193847665,5.54,training
2nqg,6.300536155700684,6.48,training
2nqi,5.606913566589356,6.11,training
2nsl,4.993267059326172,4.68,training
2nsx,4.1318702697753915,7.2,training
2nt7,7.38353157043457,6.52,training
2nta,5.862109184265138,4.8,training
2ntf,8.580805778503418,6.52,training
2nv7,8.255195617675781,8.3,training
2nw4,7.257382392883301,8.68,training
2nwl,7.254812240600586,8.7,training
2nwn,6.894010543823242,6.3,training
2nww,4.605759620666504,5.48,training
2nxd,6.15806770324707,5.66,training
2nxl,7.273468017578125,6.27,training
2nxm,6.349811553955077,5.19,training
2nyr,7.842842102050781,4.66,training
2o0u,7.337606430053711,5.49,training
2o1c,3.5577995777130127,4.72,training
2o1v,5.649001121520996,5.3,training
2o22,7.350055694580077,7.17,training
2o2u,7.243218421936035,6.4,training
2o3p,6.1225996017456055,5.96,training
2o3z,5.423178195953369,5.7,training
2o48,4.5202836990356445,6.01,training
2o4h,5.3912010192871085,6.52,training
2o4j,9.142557144165039,10.1,training
2o4k,8.820338249206543,10.46,training
2o4l,9.326958656311037,9.22,training
2o4n,9.353992462158203,7.82,training
2o4p,9.201208114624023,10.72,training
2o4r,9.06329345703125,9.4,training
2o4z,5.050940036773682,6.25,training
2o5d,7.480390548706055,5.15,training
2o5k,7.017682075500487,7.82,training
2o63,6.494690895080566,6.11,training
2o64,6.984667778015138,6.47,training
2o65,6.705897331237793,6.19,training
2o7e,5.81175422668457,6.22,training
2o7n,7.339833259582519,7.82,training
2o7v,4.3848533630371085,5.96,training
2o8h,7.053539276123048,7.6,training
2o9a,4.641024589538574,3.81,training
2o9i,7.890992164611816,7.4,training
2o9j,6.3436784744262695,6.92,training
2o9k,5.662243843078612,4.11,training
2o9r,4.3301610946655265,1.68,training
2o9v,4.7197303771972665,3.54,training
2oa0,6.0191192626953125,6.92,training
2oah,7.500985145568848,7.96,training
2oax,8.776987075805664,8.65,training
2oaz,6.929301261901856,8.7,training
2obj,7.288756370544434,7.3,training
2obo,6.991047859191895,7.24,training
2oc0,6.437928199768066,7.82,training
2oc1,7.151074409484862,5.37,training
2oc2,7.9357852935791025,8.52,training
2oc4,7.800961494445801,7.07,training
2oc7,6.7732648849487305,5.85,training
2oc9,8.067496299743652,7.96,training
2odd,5.339197635650635,3.96,training
2oei,4.943482398986816,3.91,training
2of2,7.2174739837646475,6.68,training
2of4,7.098267555236816,7.09,training
2off,6.1976423263549805,6.52,training
2ofu,7.5621089935302725,9.0,training
2ofv,8.423377990722656,9.7,training
2og8,7.48704719543457,9.3,training
2ogy,6.618321418762207,4.48,training
2ogz,7.4434547424316415,7.08,training
2oh0,7.276616096496582,7.74,training
2oh4,7.698747634887695,8.46,training
2ohk,3.5108675956726074,2.7,training
2ohl,4.023336410522462,3.05,training
2ohm,5.126015186309815,3.51,training
2ohp,5.192485809326172,4.03,training
2ohq,5.727546691894531,4.6,training
2ohr,5.51168155670166,4.0,training
2ohs,6.324728012084961,4.4,training
2oht,5.758567810058594,5.04,training
2ohu,7.214813232421875,5.38,training
2ohv,5.1673316955566415,6.46,training
2oi3,6.29051399230957,6.64,training
2oi9,6.137892723083496,5.7,training
2oic,8.272282600402832,8.4,training
2oiq,7.50328254699707,5.0,training
2oj9,8.074368476867676,6.41,training
2ojf,7.428193092346191,6.96,training
2ojg,7.109424591064452,5.64,training
2oji,7.350399971008301,7.07,training
2ojj,7.688669204711914,8.7,training
2ok1,7.1456499099731445,6.26,training
2on3,6.460010528564452,9.0,training
2on6,8.430562973022461,6.76,training
2onb,5.054158687591553,5.57,training
2onc,7.875038146972656,7.89,training
2ony,7.773219108581543,6.68,training
2onz,7.758983612060548,8.89,training
2oo8,7.610435485839844,9.0,training
2ooh,6.176506042480469,5.89,training
2ooz,4.801637649536133,5.15,training
2op3,4.1983642578125,6.31,training
2op9,5.858981132507324,5.66,training
2opb,7.2742042541503915,8.74,training
2oph,7.186835289001465,7.8,training
2opy,6.3376808166503915,4.52,training
2oq6,4.000767707824707,3.6,training
2oqi,7.784554481506348,8.49,training
2oqs,5.247513771057129,5.89,training
2oqv,7.845181465148926,8.4,training
2or4,5.464395523071289,5.02,training
2or9,6.628741264343263,6.3,training
2ork,3.6097488403320312,2.85,training
2os9,3.097337007522583,2.24,training
2osc,7.1992759704589835,7.77,training
2osf,5.0283775329589835,3.83,training
2osm,4.889557838439941,6.2,training
2ot1,5.546242713928223,4.0,training
2ou7,5.5313453674316415,3.81,training
2ov4,5.310518264770508,4.74,training
2ovq,6.2794952392578125,7.15,training
2ovv,7.1759796142578125,7.92,training
2ovx,8.704122543334961,8.7,training
2ovz,8.272337913513184,7.89,training
2ow0,7.869503974914551,6.7,training
2ow1,8.618325233459473,9.0,training
2ow2,6.632706642150879,8.22,training
2ow3,8.393006324768066,8.52,training
2ow6,5.696349143981934,2.7,training
2ow7,5.174874782562256,4.85,training
2ow9,7.268966674804687,7.52,training
2owb,7.7548160552978525,6.36,training
2oxd,7.371105194091798,6.82,training
2oxx,7.789799690246582,6.7,training
2oxy,7.181736946105957,6.52,training
2oyk,4.0486836433410645,5.3,training
2oyl,5.333805561065674,6.3,training
2oym,5.328017234802246,5.0,training
2oz2,8.403072357177733,5.71,training
2oz5,8.068710327148438,6.48,training
2oz6,4.9420509338378915,5.26,training
2oz7,7.9776506423950195,7.85,training
2ozr,8.324817657470701,9.17,training
2p09,6.02593994140625,6.35,training
2p0d,4.704874038696289,7.0,training
2p0x,6.1009578704833975,6.31,training
2p16,8.439350128173826,10.1,training
2p1c,6.3032989501953125,7.68,training
2p2a,7.752120018005371,6.12,training
2p2h,7.3157901763916025,7.17,training
2p2i,7.295283317565918,7.42,training
2p33,7.499707221984862,7.24,training
2p3a,8.506598472595215,7.96,training
2p3b,8.587851524353027,8.48,training
2p3d,8.062314033508299,6.74,training
2p3g,7.9056129455566415,6.9,training
2p3i,4.019540786743163,3.48,training
2p3o,5.889816284179688,2.77,training
2p4i,8.205223083496094,8.0,training
2p4s,9.996587753295898,9.51,training
2p53,6.331890106201173,7.46,training
2p59,6.647978782653809,7.3,training
2p7a,5.267529487609863,6.1,training
2p7g,7.577714920043945,6.53,training
2p7z,8.12164306640625,6.58,training
2p83,6.997067451477051,7.96,training
2p8h,7.344749450683594,7.15,training
2p8n,4.223484992980957,3.15,training
2p8o,4.341782569885254,4.85,training
2p8s,7.420422554016112,7.68,training
2p93,8.251792907714844,8.82,training
2p94,8.255542755126951,9.17,training
2p95,8.609232902526855,9.37,training
2p98,6.027473449707031,6.19,training
2p99,6.7740535736083975,5.94,training
2p9a,5.886150360107423,5.18,training
2pax,5.939861297607423,6.74,training
2pcu,6.0539655685424805,3.04,training
2pe0,6.6391801834106445,7.1,training
2pe1,7.668008804321289,8.3,training
2pe2,7.887795448303223,8.4,training
2peh,5.743865013122559,5.96,training
2pem,4.994380474090576,3.64,training
2pfy,5.782441139221191,6.52,training
2pg2,7.206184387207031,5.77,training
2pgj,5.602414131164551,3.59,training
2pgl,5.668031692504883,3.59,training
2pgz,6.094451904296875,5.74,training
2ph6,7.641600608825684,7.57,training
2ph8,6.651451110839844,5.74,training
2ph9,5.397414684295653,5.89,training
2phb,8.738174438476562,9.49,training
2pix,5.08990478515625,4.3,training
2piy,8.054677963256836,7.7,training
2piz,7.194437026977539,6.77,training
2pj0,7.456466674804687,8.09,training
2pj1,8.057497024536133,8.01,training
2pj2,8.25670337677002,7.92,training
2pj3,7.590923309326173,8.18,training
2pj4,7.66231632232666,7.89,training
2pj5,8.050393104553223,7.82,training
2pj6,7.839174270629883,7.31,training
2pj7,7.5987491607666025,7.77,training
2pj8,7.790393829345702,7.74,training
2pj9,7.7960615158081055,7.92,training
2pja,8.232597351074219,8.66,training
2pjb,7.595596313476562,7.72,training
2pjc,8.156694412231445,8.72,training
2pjl,7.438372611999513,6.72,training
2pjt,7.331277847290039,6.07,training
2pk5,9.911717414855957,10.7,training
2pks,7.202381134033202,4.96,training
2pl0,7.435502052307129,7.21,training
2pl9,5.510899543762207,4.17,training
2pll,7.4926109313964835,8.3,training
2pmc,4.871081829071045,4.19,training
2pmk,6.0261478424072275,5.92,training
2pmn,7.056325912475586,5.2,training
2pnc,5.4527692794799805,3.33,training
2pnx,5.119178771972656,5.1,training
2poq,3.2071893215179443,4.42,training
2pou,8.564632415771483,7.42,training
2pov,8.151708602905272,7.12,training
2pow,8.330936431884767,7.2,training
2pqb,7.171336174011231,7.2,training
2pqj,4.0866899490356445,8.2,training
2pql,4.951598167419434,7.28,training
2pqz,7.286248207092285,5.67,training
2pr9,5.794151306152344,7.37,training
2pre,5.170297622680664,6.65,training
2pri,4.736495018005371,2.91,training
2prj,4.450144767761231,4.49,training
2psj,5.97438907623291,7.7,training
2psv,8.142838478088379,7.24,training
2psx,6.143410682678223,5.77,training
2pt9,6.687745094299316,4.46,training
2ptz,7.083687782287598,7.82,training
2pu0,6.991218566894531,7.82,training
2pu1,6.404925346374513,5.85,training
2pu2,6.210917472839356,4.43,training
2puy,5.08037805557251,4.52,training
2pv1,7.697153091430664,7.14,training
2pv2,6.61419677734375,5.91,training
2pv3,7.284401893615723,5.25,training
2pvj,7.750048637390138,8.1,training
2pvk,8.064611434936522,8.3,training
2pvm,7.8808135986328125,6.44,training
2pvn,8.624618530273438,9.46,training
2pvu,5.9289655685424805,6.31,training
2pvv,4.353623390197754,3.36,training
2pvw,8.57337474822998,9.52,training
2pwd,5.6568851470947275,4.4,training
2pwg,6.166921615600586,4.82,training
2py4,6.036569595336914,6.7,training
2pyi,4.494347095489502,3.75,training
2pym,8.820987701416016,6.82,training
2pyy,5.368049621582031,4.6,training
2pze,5.505667686462402,6.08,training
2pzi,6.561738967895508,6.1,training
2pzy,7.461545944213867,7.47,training
2q11,5.5397796630859375,6.05,training
2q15,7.519923210144043,7.96,training
2q1j,8.522459983825684,9.1,training
2q1l,7.7927608489990225,7.91,training
2q2a,6.180268287658691,7.41,training
2q2c,6.74307918548584,6.38,training
2q2n,8.263444900512695,6.48,training
2q2y,8.241573333740233,8.8,training
2q2z,7.679420471191406,8.7,training
2q38,6.754706382751465,5.23,training
2q3z,6.5207462310791025,7.22,training
2q54,8.939947128295898,9.01,training
2q55,8.741001129150389,8.69,training
2q63,9.035274505615234,7.18,training
2q6b,7.8448734283447275,9.52,training
2q6c,7.583993911743164,7.78,training
2q6h,5.341930389404297,3.6,training
2q70,7.058028221130371,8.08,training
2q72,4.852365493774414,2.68,training
2q7m,7.3658390045166025,8.8,training
2q7o,8.131608009338379,7.92,training
2q7q,3.745110511779785,5.3,training
2q7u,5.560395240783691,8.7,training
2q7y,6.1818599700927725,4.3,training
2q80,6.32695198059082,4.6,training
2q88,5.0185866355896,5.8,training
2q8g,7.633660316467285,7.06,training
2q8h,3.578603982925415,3.0,training
2q8i,4.844362258911133,3.4,training
2q8m,5.511828422546387,4.03,training
2q8s,7.8367671966552725,6.73,training
2q8y,6.697487831115723,3.99,training
2q92,7.377205848693848,5.96,training
2q93,6.946586608886719,6.25,training
2q94,6.794327735900879,6.43,training
2q95,7.226879119873048,5.8,training
2q96,7.039990425109862,5.92,training
2q9m,6.6061458587646475,7.21,training
2q9n,5.7164039611816415,6.37,training
2q9y,6.2245073318481445,4.44,training
2qa8,7.127964973449707,6.0,training
2qaf,4.70076847076416,5.36,training
2qbx,6.943967819213867,5.22,training
2qc6,7.88054084777832,7.0,training
2qcd,4.763458251953125,3.4,training
2qcf,5.2702975273132315,3.49,training
2qcg,5.515594482421875,4.0,training
2qch,4.723130702972412,3.6,training
2qci,9.36281681060791,8.34,training
2qcm,5.775827407836914,3.35,training
2qcn,5.244236946105957,5.0,training
2qd6,9.120403289794922,8.68,training
2qd7,10.600872039794922,9.1,training
2qd9,8.240155220031737,7.89,training
2qdt,4.5039777755737305,5.19,training
2qe2,6.844503402709961,7.77,training
2qe5,5.365765571594238,5.79,training
2qf6,7.712597846984862,6.49,training
2qfo,4.26698637008667,4.7,training
2qg0,7.0409889221191415,5.72,training
2qh6,7.555634498596191,6.0,training
2qhc,8.994699478149414,8.96,training
2qhd,5.4887123107910165,5.38,training
2qhm,6.73579216003418,6.18,training
2qhn,6.052363395690918,6.01,training
2qhr,6.380768775939941,7.39,training
2qhy,8.877469062805176,7.48,training
2qi0,7.562045097351074,7.38,training
2qi1,8.015790939331055,7.3,training
2qi3,8.214033126831055,10.2,training
2qi5,9.748397827148438,10.85,training
2qi7,8.503718376159668,10.21,training
2qic,5.539375305175781,5.48,training
2qiq,6.003941535949707,4.1,training
2qju,5.142374038696289,4.1,training
2qk5,7.384712219238281,8.1,training
2qk8,7.540919303894043,7.91,training
2qki,6.562053680419923,6.41,training
2qky,7.360031127929687,9.61,training
2ql5,6.8683366775512695,8.1,training
2ql7,7.188234329223633,6.26,training
2ql9,7.895230293273926,9.03,training
2qlb,6.576507568359375,5.89,training
2qlf,8.327116012573242,8.85,training
2qlj,8.341794967651367,5.36,training
2qlm,4.703347206115723,5.64,training
2qln,5.2295875549316415,5.43,training
2qlq,7.121513366699219,6.63,training
2qm7,5.557098388671875,5.89,training
2qm9,8.081748962402344,7.77,training
2qmd,8.101542472839355,8.3,training
2qmf,7.639503479003906,8.52,training
2qmg,8.294059753417969,9.15,training
2qn1,5.915675163269043,4.77,training
2qn2,6.1456241607666025,4.55,training
2qn3,4.731879234313965,5.36,training
2qnb,4.6561007499694815,5.34,training
2qnn,8.211460113525389,7.15,training
2qnp,7.465489387512207,6.41,training
2qnx,5.419225692749023,5.62,training
2qnz,6.021637916564941,5.42,training
2qo1,5.658195495605469,5.57,training
2qo8,8.604595184326174,8.47,training
2qoa,6.864664077758789,7.28,training
2qoe,8.076733589172362,7.6,training
2qoh,8.062726020812987,7.7,training
2qp6,7.327656745910644,6.68,training
2qp8,7.811450004577638,8.1,training
2qpj,6.217535972595215,6.35,training
2qpu,4.2206382751464835,3.6,training
2qq7,6.807215690612793,5.24,training
2qqs,5.4625091552734375,6.4,training
2qrg,4.481938362121582,5.18,training
2qrk,4.1940059661865225,4.26,training
2qrq,4.764716148376465,5.1,training
2qry,6.740267753601074,8.64,training
2qt5,5.02548885345459,5.03,training
2qt9,7.9439334869384775,8.64,training
2qta,5.898744583129883,5.76,training
2qtb,7.491154670715332,8.32,training
2qtg,5.645853042602539,5.08,training
2qtn,3.9673805236816406,3.42,training
2qtr,5.660909652709961,5.49,training
2qtt,6.715998649597168,4.32,training
2qtu,8.77107048034668,9.28,training
2qu2,5.765997886657715,5.43,training
2qu3,6.60623836517334,6.23,training
2qu5,8.556053161621094,8.06,training
2qu6,7.695507049560548,8.52,training
2qv7,4.578003883361816,3.66,training
2qve,4.135202407836913,2.32,training
2qw1,3.530789852142334,3.9,training
2qwb,3.7711572647094727,2.74,training
2qwc,4.011398315429688,3.55,training
2qwd,5.020325183868408,4.85,training
2qwe,6.815289497375487,7.48,training
2qwf,6.497783660888673,5.67,training
2qwg,3.854320526123047,3.64,training
2qx0,5.8587589263916025,6.11,training
2qyk,7.762166023254394,5.48,training
2qyl,8.311710357666017,6.19,training
2qyn,8.10542106628418,6.24,training
2qzk,7.43348217010498,7.57,training
2qzl,7.201003074645996,8.1,training
2qzr,8.226957321166992,7.26,training
2qzx,8.060947418212889,8.22,training
2r02,5.568170547485352,5.1,training
2r03,5.469252586364746,5.15,training
2r05,5.408538818359375,5.15,training
2r0u,7.678565979003906,9.0,training
2r0y,3.6096467971801762,3.0,training
2r1w,4.023607730865479,4.6,training
2r1x,4.931180477142334,4.8,training
2r1y,3.512364864349365,4.51,training
2r2l,7.395548820495605,9.0,training
2r2m,7.128427505493164,7.33,training
2r2w,5.315030574798584,4.47,training
2r3c,7.25724983215332,5.66,training
2r3f,7.170595169067383,6.3,training
2r3g,6.5027828216552725,6.1,training
2r3h,6.6412506103515625,4.7,training
2r3i,7.7396907806396475,6.0,training
2r3j,7.718813896179199,8.0,training
2r3k,7.342878341674805,7.0,training
2r3l,7.205850601196289,7.0,training
2r3m,7.794434547424316,8.0,training
2r3n,7.815794944763184,7.15,training
2r3o,7.221022605895996,6.22,training
2r3p,7.933521270751952,6.05,training
2r3t,7.961103439331055,5.85,training
2r3w,7.199135780334473,6.89,training
2r3y,6.235045433044434,5.49,training
2r43,7.099967956542969,6.0,training
2r4b,8.157194137573242,7.18,training
2r4f,8.32327938079834,8.82,training
2r59,7.483002662658691,8.19,training
2r5a,3.7283527851104736,2.6,training
2r5b,7.5425472259521475,8.6,training
2r5d,7.452139854431152,10.15,training
2r5p,8.66337776184082,8.48,training
2r5q,8.458539962768555,8.57,training
2r64,7.573966026306152,7.52,training
2r6f,5.919602394104004,8.0,training
2r6n,7.430438041687013,9.0,training
2r6w,8.066408157348633,9.36,training
2r6y,8.267073631286621,9.49,training
2r75,5.686495780944824,6.15,training
2r7b,7.562517166137695,7.22,training
2r7g,6.543079376220702,6.05,training
2r8q,4.599043846130371,3.24,training
2r9b,7.029757499694824,6.57,training
2r9m,7.993470191955566,8.82,training
2r9s,8.160627365112305,6.82,training
2r9x,5.999571800231934,4.85,training
2ra0,8.410782814025879,7.8,training
2rc8,6.36318302154541,6.52,training
2rc9,6.383079528808594,7.4,training
2rcn,6.1910362243652335,6.0,training
2rcu,5.989640235900879,6.68,training
2rcw,6.399335861206055,8.1,training
2rcx,8.230932235717772,9.0,training
2rd6,7.389786720275879,8.3,training
2reg,5.958168029785156,5.64,training
2rf2,7.648453712463379,8.44,training
2rfh,5.624363899230957,6.82,training
2rfn,8.41887092590332,8.3,training
2rfy,4.130413055419922,5.22,training
2rg5,7.517529487609862,8.51,training
2rg6,7.949494361877441,8.66,training
2rgp,7.986287117004394,7.52,training
2rgu,7.9762001037597665,9.0,training
2ri9,3.99753999710083,3.22,training
2ria,3.4830992221832275,2.57,training
2rib,3.044507503509521,2.82,training
2rin,5.422890186309815,4.0,training
2rio,5.661507606506348,4.69,training
2rip,7.180245399475098,7.19,training
2rjp,7.557826042175293,7.0,training
2rjr,3.542620658874512,1.94,training
2rjs,4.709009647369385,2.28,training
2rk7,2.8923978805541988,4.05,training
2rk8,3.804232358932495,3.64,training
2rke,3.282303810119629,4.08,training
2rkf,8.796838760375977,9.08,training
2rkg,9.634322166442873,8.09,training
2rkn,6.73624324798584,7.22,training
2rku,8.522209167480469,8.3,training
2rl5,8.247513771057129,8.4,training
2rly,4.96401309967041,3.57,training
2rm0,4.833209991455078,4.03,training
2rnw,5.638306617736816,2.98,training
2rnx,5.759316444396973,3.4,training
2rny,5.673370361328125,3.66,training
2rok,5.779078483581543,4.35,training
2rol,5.19010591506958,4.62,training
2rox,6.93525505065918,4.98,training
2rqu,5.968578338623048,4.63,training
2rr4,5.385459899902344,4.78,training
2rt5,5.3334689140319815,6.72,training
2sfp,2.9006388187408447,1.7,training
2sim,4.52977180480957,3.42,training
2srt,6.858094215393066,6.64,training
2std,8.399216651916504,9.85,training
2tmn,6.369672775268555,5.89,training
2toh,5.343791961669922,4.15,training
2tpi,4.421381950378418,4.31,training
2tsr,6.042073249816895,7.54,training
2upj,7.811945915222168,7.39,training
2uue,7.829092025756836,6.13,training
2uuo,5.472848892211914,3.77,training
2uup,6.1837968826293945,3.98,training
2uvm,6.920140266418457,7.1,training
2uw0,7.650032997131348,7.7,training
2uw3,5.297255992889403,4.1,training
2uw4,6.498387336730957,5.28,training
2uw5,6.335883140563965,7.51,training
2uw6,6.941596031188965,6.55,training
2uw7,7.103260040283202,7.74,training
2uw8,5.8407182693481445,4.11,training
2uwd,8.061097145080566,8.35,training
2uwo,8.527786254882812,8.7,training
2uwp,8.463903427124022,6.81,training
2uxi,6.685218811035156,7.3,training
2uxu,6.1655540466308585,4.74,training
2uxx,5.459179878234863,3.3,training
2uxz,8.461803436279299,8.48,training
2uy0,8.688820838928223,6.92,training
2uy3,4.181190013885498,3.22,training
2uy4,3.864152431488037,4.68,training
2uy5,5.736223220825195,5.49,training
2uyi,7.448582649230957,6.32,training
2uym,7.888251304626465,5.51,training
2uyn,4.173418998718262,2.7,training
2uyq,4.220219135284424,5.68,training
2uyw,11.152466773986816,13.0,training
2uz6,7.699654579162598,8.77,training
2uzb,6.550080299377441,6.92,training
2uzd,7.339679718017577,6.74,training
2uze,6.6910457611083975,4.33,training
2uzj,5.4303297996521,4.57,training
2uzl,6.886340141296388,6.21,training
2uzn,7.679014205932617,7.52,training
2uzo,6.678458213806152,4.57,training
2uzv,7.181295394897461,5.87,training
2v0c,6.551026344299316,5.68,training
2v0n,5.654383659362793,6.3,training
2v0z,6.9245052337646475,9.22,training
2v10,7.349315643310548,9.4,training
2v11,7.814513206481934,8.52,training
2v12,6.9691925048828125,9.05,training
2v13,6.82417106628418,7.59,training
2v16,7.441322326660156,8.22,training
2v22,5.388663768768311,5.39,training
2v25,4.081453323364259,5.72,training
2v2c,4.135363578796387,3.41,training
2v2h,3.400497913360596,3.77,training
2v2q,5.465649604797363,4.15,training
2v2v,5.489225387573242,4.07,training
2v3d,4.4873695373535165,3.94,training
2v3e,6.247154235839844,6.52,training
2v3u,4.842294692993164,3.0,training
2v57,5.427748680114746,7.1,training
2v5a,7.365679740905763,6.82,training
2v5x,7.386985778808594,6.66,training
2v6n,3.641111850738525,5.86,training
2v77,7.343188285827638,5.06,training
2v7d,5.849959373474121,6.59,training
2v83,6.0119876861572275,4.47,training
2v85,5.687847137451173,4.46,training
2v86,5.809739112854004,4.46,training
2v87,5.659126281738281,4.6,training
2v8w,5.715487480163574,6.82,training
2v95,8.156176567077638,8.3,training
2v96,5.377057552337647,4.54,training
2va5,6.333922386169434,4.07,training
2va6,7.114246368408202,6.17,training
2va7,7.529309272766112,6.7,training
2vaq,7.576875686645508,8.52,training
2vba,5.736530303955077,4.6,training
2vcb,7.174731254577638,5.26,training
2vcg,6.762866020202638,5.77,training
2vci,8.025020599365233,7.68,training
2vcj,7.5109663009643555,7.68,training
2vcq,6.0636234283447275,6.04,training
2vcw,4.228775978088379,3.05,training
2vcx,6.553610801696777,7.68,training
2vd0,6.818930625915527,4.94,training
2vd1,6.965210914611816,6.86,training
2vd4,5.11152458190918,4.74,training
2vd7,5.016658306121826,5.38,training
2veu,7.3003082275390625,7.0,training
2vev,7.599294662475586,6.52,training
2vew,7.5324974060058585,7.19,training
2vex,7.645079612731934,6.74,training
2vey,7.7908525466918945,7.37,training
2vf6,7.313234329223633,8.52,training
2vfz,6.0689735412597665,3.61,training
2vgc,6.00658130645752,5.24,training
2vgo,7.305931091308594,6.3,training
2vgp,5.944700241088867,6.85,training
2vh0,9.337028503417967,8.51,training
2vhj,5.043402671813965,3.9,training
2vhq,5.342217922210693,3.85,training
2vi5,5.354879379272461,3.96,training
2vie,7.6782264709472665,7.48,training
2vin,3.533522367477417,3.0,training
2vio,4.8913002014160165,4.4,training
2vip,6.337148666381836,5.28,training
2viq,6.602931022644043,5.89,training
2viv,6.676560401916504,6.28,training
2viw,7.2163238525390625,7.14,training
2viy,6.886446952819824,5.74,training
2viz,7.55182933807373,6.22,training
2vj1,3.422197103500366,5.3,training
2vj6,7.613957405090332,7.89,training
2vj7,7.851103782653809,7.4,training
2vj9,7.685903549194336,6.74,training
2vjx,6.297589302062987,4.96,training
2vl1,4.150802135467528,1.35,training
2vl8,4.422994136810303,4.52,training
2vle,6.626655578613281,7.1,training
2vmf,6.45365047454834,5.85,training
2vnf,5.12011194229126,5.52,training
2vnm,8.411187171936035,8.52,training
2vnn,8.178192138671875,8.7,training
2vnp,6.119626045227051,9.92,training
2vo4,4.6777305603027335,4.94,training
2vo7,6.297355651855469,6.77,training
2vpe,5.558111190795898,4.94,training
2vpg,5.559425354003906,5.68,training
2vpo,4.505692005157472,5.42,training
2vpp,6.648591995239258,6.12,training
2vqj,6.6852378845214835,6.44,training
2vqm,7.249386787414551,6.01,training
2vr0,5.542721748352051,4.42,training
2vr3,5.320566654205322,4.98,training
2vr4,6.740854263305664,5.68,training
2vrj,6.461540222167969,6.3,training
2vrx,8.03184700012207,7.35,training
2vt3,5.404369831085205,4.15,training
2vta,3.8607294559478764,3.73,training
2vtd,5.598734855651856,4.07,training
2vte,5.487740516662598,3.91,training
2vth,4.864203453063965,3.92,training
2vti,6.827765464782715,6.18,training
2vtj,5.850055694580077,5.72,training
2vtl,4.9738502502441415,4.01,training
2vtm,3.5331296920776367,3.0,training
2vtn,6.267111778259277,6.07,training
2vto,6.5091753005981445,6.85,training
2vtp,6.585452079772949,8.52,training
2vtq,6.798765182495117,6.85,training
2vtr,6.543190002441406,5.82,training
2vts,6.588370323181152,7.52,training
2vtt,6.947587966918945,7.36,training
2vu3,6.771170616149902,7.33,training
2vur,4.241802215576172,4.52,training
2vv9,7.462828636169434,7.77,training
2vvc,8.68150520324707,8.52,training
2vvo,4.0413599014282235,2.2,training
2vvs,6.0623722076416025,7.34,training
2vvt,6.952892303466798,5.24,training
2vvv,8.55422306060791,8.22,training
2vw2,5.0369873046875,3.3,training
2vwc,6.347013473510742,6.62,training
2vwf,5.59481143951416,5.06,training
2vwl,8.261909484863281,7.02,training
2vwm,8.224254608154299,7.03,training
2vwn,8.354610443115233,8.0,training
2vwo,8.031394958496094,7.51,training
2vwu,8.274102210998535,6.46,training
2vwv,7.0591068267822275,4.8,training
2vww,7.96781063079834,6.62,training
2vwx,8.344006538391112,7.4,training
2vwy,8.046366691589355,7.05,training
2vwz,8.142942428588867,6.1,training
2vx0,7.800595283508301,6.24,training
2vx1,7.768734931945801,6.66,training
2vx9,7.1164913177490225,7.44,training
2vxa,7.5010623931884775,5.6,training
2vxj,4.724925994873047,4.17,training
2vxn,4.9289894104003915,5.0,training
2vzr,3.448235034942627,4.28,training
2w05,7.4628400802612305,9.0,training
2w06,7.288676261901855,7.08,training
2w08,4.494524002075195,3.42,training
2w0d,7.151115417480469,8.7,training
2w0j,7.54201602935791,6.62,training
2w0p,5.402130126953125,6.52,training
2w0s,6.692091941833496,3.3,training
2w0x,5.5809736251831055,3.2,training
2w0z,5.358202934265137,4.03,training
2w10,5.1300997734069815,6.77,training
2w12,6.893505096435548,4.65,training
2w16,6.157510757446289,10.0,training
2w17,7.7923336029052725,8.7,training
2w1c,8.002347946166992,8.0,training
2w1d,5.2065606117248535,6.04,training
2w1e,8.070695877075195,7.92,training
2w1f,6.846207618713379,8.23,training
2w1g,8.309213638305664,8.52,training
2w1h,6.784533500671388,7.28,training
2w1i,7.734297752380371,8.92,training
2w26,8.859414100646973,9.4,training
2w2i,5.91274356842041,6.04,training
2w2u,6.0075340270996085,4.46,training
2w3i,8.678713798522951,10.0,training
2w3k,8.365988731384277,10.1,training
2w3l,7.690732002258301,7.52,training
2w3o,5.573391914367676,6.72,training
2w47,4.881316184997559,4.98,training
2w4i,7.41129207611084,6.3,training
2w54,6.8150691986083975,6.98,training
2w5i,5.416576385498047,4.54,training
2w68,5.6402530670166025,4.74,training
2w6c,7.580728530883789,8.41,training
2w6m,4.767306327819824,4.67,training
2w6n,6.61810302734375,6.9,training
2w6o,5.493675231933594,4.22,training
2w6p,7.048235893249513,6.48,training
2w6q,5.290956497192383,4.6,training
2w6t,5.8926191329956055,8.57,training
2w6u,5.959813117980957,5.0,training
2w6z,4.858094215393066,2.82,training
2w70,6.17987060546875,4.92,training
2w71,7.6554908752441415,6.48,training
2w73,6.189756393432617,6.52,training
2w76,5.762442588806152,5.0,training
2w77,5.8139381408691415,9.19,training
2w78,5.928637504577638,8.57,training
2w7x,7.9627342224121085,7.62,training
2w7y,5.188960075378418,6.08,training
2w85,5.851814270019531,5.04,training
2w87,3.4522624015808105,4.65,training
2w8f,5.6163482666015625,6.3,training
2w8g,6.576347351074219,6.0,training
2w92,3.8812174797058105,4.55,training
2w97,2.8628029823303223,0.96,training
2w9i,6.2398033142089835,7.48,training
2w9r,4.6983723640441895,5.32,training
2wa3,4.528019905090332,3.0,training
2wa4,5.700625419616699,4.74,training
2wa8,5.190855979919434,5.42,training
2waj,7.330767631530763,6.4,training
2wap,7.8322181701660165,6.64,training
2wb5,7.428730964660644,9.13,training
2wbb,6.3205223083496085,6.04,training
2wbd,6.2738094329833975,6.64,training
2wc4,5.403254985809326,5.29,training
2wcg,5.195516109466553,6.38,training
2wcx,6.311125755310059,7.6,training
2wd1,7.245237350463867,7.09,training
2wd3,7.9340314865112305,7.07,training
2wd7,4.74205493927002,4.97,training
2we3,5.791797637939452,4.43,training
2wec,5.070840835571289,3.96,training
2weh,5.507376670837402,5.95,training
2wei,8.126369476318361,8.47,training
2wej,6.1332550048828125,6.08,training
2weq,6.105972290039063,5.9,training
2wev,8.147296905517576,8.0,training
2wey,7.223501205444336,7.12,training
2wez,7.992938995361327,7.64,training
2wf0,8.801114082336426,6.68,training
2wf1,7.891129493713379,8.7,training
2wf2,7.648022651672362,7.59,training
2wf3,7.762921333312987,7.72,training
2wf4,8.233855247497559,7.89,training
2wf5,5.049485206604004,6.0,training
2wfg,6.635790824890138,4.42,training
2wfj,7.2486515045166025,7.15,training
2wgi,5.644930839538574,4.07,training
2wgj,8.836419105529785,8.7,training
2wgs,6.847317695617676,5.6,training
2who,6.8231544494628915,7.7,training
2whp,4.080348014831543,4.0,training
2wi1,4.084845066070557,2.4,training
2wi2,3.5818598270416264,3.46,training
2wi3,4.342338562011719,3.46,training
2wi4,7.31394100189209,5.81,training
2wi5,7.524904251098633,6.05,training
2wi6,8.116824150085451,6.64,training
2wi7,7.0653629302978525,7.24,training
2wib,5.765658378601074,4.93,training
2wic,5.8804988861083975,5.39,training
2wig,3.9922084808349614,3.43,training
2wih,7.7743587493896475,7.35,training
2wij,4.287782669067384,3.2,training
2wik,4.2229766845703125,3.18,training
2wj1,8.398849487304688,8.72,training
2wj2,7.999407768249513,8.33,training
2wjg,5.923672676086426,7.1,training
2wji,5.65152645111084,5.02,training
2wk2,6.1467790603637695,6.82,training
2wk6,3.870827674865722,3.32,training
2wks,7.3496904373168945,6.89,training
2wkt,5.6912126541137695,4.31,training
2wky,6.73940372467041,8.59,training
2wl0,8.703950881958008,7.8,training
2wl4,5.65648365020752,4.19,training
2wl5,5.513716697692871,4.52,training
2wly,6.5130367279052725,6.6,training
2wlz,6.923961639404298,4.6,training
2wm0,5.696746826171875,4.52,training
2wmr,5.004748344421387,4.28,training
2wmu,4.904376983642578,4.38,training
2wmv,5.638575553894043,5.04,training
2wmw,5.905674934387207,6.41,training
2wmx,6.813332557678223,6.07,training
2wnj,6.76760196685791,6.48,training
2wnl,4.921098709106445,6.0,training
2wo8,7.595548629760742,6.28,training
2wo9,7.636270523071289,7.21,training
2woa,6.925922393798827,5.94,training
2won,8.158809661865233,6.2,training
2woq,5.864396095275879,2.88,training
2wor,4.638857364654541,3.9,training
2wot,8.254956245422362,7.36,training
2wou,7.168801307678223,7.14,training
2wp1,5.1473493576049805,3.6,training
2wpa,7.907423973083496,8.1,training
2wpb,4.073741436004639,2.89,training
2wq4,3.3203840255737305,2.57,training
2wq5,6.1699981689453125,3.74,training
2wqb,6.535838127136231,6.27,training
2wqp,6.814952850341798,5.51,training
2wr8,7.553171157836914,5.44,training
2wsx,4.670215129852295,2.41,training
2wtc,6.828751564025879,6.51,training
2wtd,7.48033332824707,6.68,training
2wti,7.06162166595459,7.04,training
2wtj,7.029579162597656,6.15,training
2wtw,8.233470916748049,8.19,training
2wtx,5.159889221191406,2.89,training
2wu6,7.633545875549316,7.53,training
2wu7,6.629014015197754,6.28,training
2wuf,7.172886848449707,4.29,training
2wuu,6.760251045227051,7.16,training
2wva,5.343768119812012,10.7,training
2wvz,4.921045303344727,4.02,training
2ww0,4.3152432441711435,5.3,training
2ww2,5.487703323364258,4.85,training
2wwj,6.842440605163574,4.48,training
2wxd,6.06783390045166,5.48,training
2wxf,7.373099327087402,6.74,training
2wxg,8.625916481018066,9.15,training
2wxh,8.700619697570799,8.05,training
2wxi,7.9837398529052725,8.15,training
2wxj,8.577643394470215,9.0,training
2wxk,7.954672813415527,9.3,training
2wxl,8.538508415222168,8.34,training
2wxm,7.773757934570312,7.4,training
2wxn,7.913472175598144,7.68,training
2wxo,7.353914260864258,7.05,training
2wxp,8.060323715209961,8.52,training
2wxq,6.7416629791259775,7.47,training
2wxv,8.695273399353027,8.7,training
2wyg,8.909525871276855,8.7,training
2wyi,4.993915557861328,4.74,training
2wyj,8.810689926147461,9.0,training
2wyn,6.099169731140138,5.55,training
2wzf,5.1042442321777335,7.0,training
2wzm,5.301422119140625,5.22,training
2wzs,3.8980896472930913,3.85,training
2wzx,5.3007097244262695,6.0,training
2wzy,8.384489059448242,10.72,training
2wzz,4.985299110412598,5.4,training
2x09,5.417731285095215,3.76,training
2x24,7.14990234375,6.48,training
2x2c,7.1992034912109375,7.72,training
2x2i,7.655131340026855,8.7,training
2x2k,7.407461166381836,6.52,training
2x2l,6.617088317871094,5.28,training
2x2m,6.488362312316895,6.77,training
2x2r,6.7926273345947275,7.12,training
2x38,7.16098690032959,6.89,training
2x39,8.716641426086426,8.66,training
2x3t,4.170635223388672,6.05,training
2x4o,6.362802505493164,4.77,training
2x4r,6.302816390991211,4.77,training
2x4s,5.97573184967041,4.2,training
2x4t,5.881561279296875,5.13,training
2x4u,6.704042434692383,4.32,training
2x52,6.550569534301758,4.24,training
2x5o,5.703716278076173,4.07,training
2x6d,8.012651443481445,7.92,training
2x6e,8.237170219421388,7.82,training
2x6f,4.471747398376465,4.59,training
2x6i,7.19162654876709,6.08,training
2x6j,7.6576642990112305,7.44,training
2x6k,7.247210502624513,5.64,training
2x6w,7.52033519744873,7.1,training
2x6x,4.840071201324463,3.68,training
2x6y,6.048715591430664,4.59,training
2x7c,6.688779830932617,5.7,training
2x7d,6.299201011657715,6.7,training
2x7o,7.9533185958862305,7.47,training
2x7s,7.063580513000487,5.78,training
2x7t,8.181740760803223,6.63,training
2x7u,7.37603759765625,5.27,training
2x7x,4.917783737182617,5.7,training
2x81,7.374765396118164,8.3,training
2x85,6.941824913024902,3.89,training
2x8d,5.794125556945801,6.1,training
2x8e,6.932379722595215,7.85,training
2x8i,6.7292070388793945,6.72,training
2x91,6.79515552520752,6.74,training
2x9e,7.95067024230957,6.74,training
2x9f,8.190690994262695,7.21,training
2xa4,8.510654449462889,8.52,training
2xab,6.830397605895996,9.27,training
2xae,6.174805641174316,7.3,training
2xaf,5.350594997406006,4.64,training
2xag,5.342002868652344,4.55,training
2xah,5.240699768066406,3.55,training
2xaj,5.3090925216674805,3.77,training
2xaq,5.4271812438964835,5.96,training
2xas,5.781352043151856,5.89,training
2xb9,7.739674568176269,6.77,training
2xba,6.873270034790039,7.63,training
2xbj,7.671734809875487,8.52,training
2xbp,5.352065086364746,5.02,training
2xbw,8.072392463684082,8.0,training
2xbx,8.130622863769531,7.82,training
2xc4,8.202968597412111,8.05,training
2xcg,6.267101287841798,8.05,training
2xch,7.921882629394531,6.43,training
2xck,8.632372856140138,6.15,training
2xcn,7.546629905700684,6.92,training
2xcs,6.429288864135742,7.85,training
2xct,5.677454948425293,4.51,training
2xd6,6.079538345336914,6.19,training
2xd9,7.274203300476074,6.46,training
2xda,7.255171775817871,6.22,training
2xde,5.513480186462402,5.47,training
2xdk,5.793954849243164,3.6,training
2xdm,6.283794403076173,7.49,training
2xdw,8.797452926635742,8.37,training
2xe4,6.605240821838379,7.16,training
2xef,7.499131202697754,9.84,training
2xeg,8.397971153259277,10.7,training
2xei,8.056279182434082,10.62,training
2xej,8.864520072937012,8.87,training
2xel,5.6790771484375,3.9,training
2xey,6.71453857421875,5.19,training
2xez,6.878998756408691,5.82,training
2xf0,6.575813293457031,4.52,training
2xfi,7.240544319152832,7.82,training
2xfj,7.763083457946777,7.89,training
2xfk,7.4129905700683585,8.52,training
2xg3,4.704225540161133,4.74,training
2xg5,5.415299415588379,4.66,training
2xg9,3.970981597900391,4.15,training
2xgm,3.935094833374024,3.0,training
2xgo,5.017813682556152,3.0,training
2xgs,4.630675315856934,3.28,training
2xh5,7.962050437927246,7.57,training
2xhr,7.7216529846191415,8.32,training
2xhs,5.612049102783203,6.0,training
2xhx,7.4027509689331055,6.6,training
2xi7,5.425790786743164,5.14,training
2xix,3.647324323654175,2.3,training
2xiy,3.965102434158325,2.44,training
2xiz,4.669510841369629,3.89,training
2xj0,4.99693489074707,2.82,training
2xj1,7.9790916442871085,7.55,training
2xjg,7.36988639831543,7.82,training
2xjj,7.582621574401855,6.51,training
2xjx,7.580681800842285,9.15,training
2xk1,5.814390182495117,5.74,training
2xk3,7.145332336425781,5.68,training
2xk4,7.029012680053711,4.77,training
2xk6,6.896580696105957,5.8,training
2xk7,6.908943176269531,5.82,training
2xk8,6.584739685058594,5.62,training
2xk9,7.369959831237793,10.15,training
2xkc,6.216331481933594,5.59,training
2xkd,6.1921329498291025,5.64,training
2xke,6.89085578918457,5.38,training
2xkf,7.617178916931152,6.06,training
2xl2,5.318923473358153,5.25,training
2xl3,5.4079461097717285,5.25,training
2xlc,3.5503826141357417,2.3,training
2xln,5.831250190734862,4.48,training
2xm2,5.8355979919433585,4.62,training
2xm8,6.360865592956543,6.8,training
2xm9,7.925326347351074,8.05,training
2xml,4.022735595703125,3.3,training
2xmy,8.262391090393066,9.96,training
2xn3,5.444809913635254,5.92,training
2xn5,6.893845558166504,6.69,training
2xn6,6.593157768249513,8.8,training
2xn7,7.6205081939697275,10.0,training
2xne,7.052530288696289,6.72,training
2xng,6.489643096923827,7.22,training
2xni,7.501265525817871,7.37,training
2xnm,7.89058780670166,6.8,training
2xnn,6.4754066467285165,4.3,training
2xno,6.624661445617676,5.93,training
2xnp,7.71183967590332,6.44,training
2xo8,5.798285484313965,4.33,training
2xoi,5.389477729797363,3.34,training
2xow,3.5443909168243413,5.22,training
2xp2,7.914645195007324,9.0,training
2xp3,3.675164222717285,3.0,training
2xp4,3.849751472473145,3.74,training
2xp5,3.9719257354736333,3.44,training
2xp6,3.857105493545532,4.7,training
2xp7,4.2794952392578125,5.77,training
2xp8,6.306580543518066,4.82,training
2xpa,4.778982162475586,5.39,training
2xpb,5.083519458770752,5.7,training
2xpc,5.873422622680664,3.9,training
2xpk,8.661661148071289,11.3,training
2xqq,5.654966354370117,4.82,training
2xru,7.688484191894531,7.51,training
2xrw,6.190054893493652,5.15,training
2xs0,5.841815948486327,5.15,training
2xs8,5.397594928741455,4.61,training
2xsb,3.9249677658081055,4.96,training
2xtk,5.059372425079347,3.79,training
2xtn,5.7235450744628915,7.4,training
2xto,6.018942832946777,6.2,training
2xu1,7.097213745117188,7.66,training
2xu3,7.525522232055664,6.8,training
2xu4,7.823143005371094,6.47,training
2xu5,7.6373538970947275,6.89,training
2xuc,4.19310474395752,4.1,training
2xuf,8.964672088623047,14.39,training
2xui,9.06308650970459,15.0,training
2xup,8.868197441101074,12.39,training
2xuz,6.838515281677246,7.4,training
2xv1,5.9995622634887695,5.99,training
2xvd,7.7296037673950195,8.7,training
2xvn,5.564909934997559,3.95,training
2xwd,4.623816013336182,6.96,training
2xwe,6.975356101989746,6.02,training
2xwy,6.591902732849121,5.22,training
2xx2,6.725508689880371,7.3,training
2xx4,6.4244136810302725,7.1,training
2xx5,7.223344802856445,6.7,training
2xxn,5.865382194519043,6.41,training
2xxr,6.012726783752441,6.55,training
2xxw,5.689912796020508,6.41,training
2xxy,7.625838279724121,7.89,training
2xyd,6.876099586486816,6.82,training
2xye,7.860280036926269,8.34,training
2xyf,8.128128051757812,8.44,training
2xyn,8.313430786132812,8.4,training
2xyr,5.891921043395996,6.13,training
2xyt,6.39439868927002,6.29,training
2xyu,7.246755599975586,5.35,training
2xz5,4.015861988067627,4.01,training
2xzc,6.459756851196289,5.64,training
2xzg,5.071060180664063,4.74,training
2xzq,5.542550086975098,6.59,training
2xzw,4.838693141937256,5.29,training
2y06,5.769352912902832,6.1,training
2y07,6.596320152282715,6.22,training
2y0j,7.993907928466798,7.92,training
2y1d,6.349681854248048,6.82,training
2y1g,6.7460479736328125,6.15,training
2y1n,5.088204383850098,4.77,training
2y1o,5.637901306152344,5.09,training
2y1w,7.6533241271972665,6.33,training
2y1x,7.538434028625487,7.57,training
2y2h,5.299592018127441,4.57,training
2y2i,5.571873664855957,4.59,training
2y2j,4.6238059997558585,4.8,training
2y2k,5.523782730102539,5.16,training
2y2n,6.338492393493652,4.57,training
2y2p,5.6866092681884775,4.7,training
2y34,6.565098762512207,7.1,training
2y36,6.275714874267577,6.42,training
2y3p,6.824129104614258,5.89,training
2y4a,5.559795379638672,4.38,training
2y4k,5.489497184753418,5.46,training
2y4l,6.834410667419434,6.3,training
2y4m,5.777228355407715,6.46,training
2y4s,5.985404968261719,6.15,training
2y54,6.2872066497802725,4.7,training
2y55,5.779745101928711,3.87,training
2y56,6.921719551086426,6.51,training
2y57,8.436988830566406,6.89,training
2y58,7.058122634887695,5.5,training
2y59,6.008026123046875,6.44,training
2y5f,8.171370506286621,8.7,training
2y5g,8.439932823181152,6.84,training
2y5k,7.0523834228515625,6.66,training
2y5l,6.182960510253906,6.48,training
2y67,6.280739784240723,3.53,training
2y68,5.786293983459473,3.6,training
2y6c,6.886942863464356,5.0,training
2y6d,7.506319999694824,7.1,training
2y6o,8.399101257324219,7.6,training
2y6s,6.413311004638673,6.99,training
2y71,6.824925422668457,7.37,training
2y76,7.008949279785156,6.36,training
2y77,7.409110069274902,6.6,training
2y7i,5.9039506912231445,5.54,training
2y7k,4.422354221343994,4.93,training
2y7p,3.518563032150269,5.47,training
2y7w,3.5292241573333736,4.98,training
2y7z,8.550420761108397,8.7,training
2y80,8.839863777160645,8.05,training
2y81,8.801271438598633,8.7,training
2y82,8.234037399291992,8.4,training
2y8c,6.227067947387695,6.4,training
2y8i,5.248552322387695,5.89,training
2y8l,5.037769794464111,5.82,training
2y8o,5.528177261352539,5.12,training
2y8q,4.9601664543151855,5.82,training
2y9q,6.495162010192871,6.15,training
2ya7,5.136849403381348,3.14,training
2ya8,6.8485260009765625,5.75,training
2yac,8.391884803771973,8.7,training
2yak,8.314296722412111,8.7,training
2yay,5.657288551330566,6.1,training
2yb0,5.784165382385254,3.85,training
2yb9,8.923247337341309,9.22,training
2ybk,4.627444267272949,4.62,training
2ybp,4.2542152404785165,4.62,training
2ybs,4.999597072601318,4.59,training
2ybt,6.772568702697754,4.7,training
2ybu,6.975049018859862,6.38,training
2yc0,4.631417751312256,2.82,training
2yc3,6.205385208129883,6.85,training
2yc5,6.971987724304199,7.46,training
2ycf,7.7959136962890625,10.52,training
2ych,5.51395320892334,3.0,training
2ycm,6.0150108337402335,3.56,training
2ycq,8.279467582702638,9.85,training
2ycr,7.373340606689452,7.16,training
2ycs,7.7218894958496085,8.87,training
2yde,4.197555541992188,3.72,training
2ydf,6.776521682739258,7.66,training
2ydi,6.5698184967041025,6.82,training
2ydj,8.554195404052733,8.3,training
2ydk,7.556674003601074,8.15,training
2ydm,6.462301254272461,7.44,training
2ydo,6.925032615661621,7.51,training
2ydt,5.984267234802246,5.52,training
2ydv,6.450814247131348,7.86,training
2ydw,6.984159469604492,7.34,training
2ye9,7.155638694763184,6.22,training
2yek,7.302010536193848,7.21,training
2yel,6.831604957580566,7.28,training
2yem,7.105597496032715,7.81,training
2yer,7.7484989166259775,7.7,training
2yex,8.360108375549316,10.0,training
2yfa,3.3546605110168457,5.07,training
2yg2,3.290979385375977,6.05,training
2yga,5.971226692199707,4.61,training
2ygf,5.750171661376952,5.09,training
2ygu,6.013263702392577,6.49,training
2yhd,4.8993024826049805,4.64,training
2yhw,4.192941665649413,5.6,training
2yhy,4.276683807373047,5.6,training
2yi0,7.822151184082031,8.12,training
2yi5,7.076038360595702,7.41,training
2yig,7.665457725524902,7.1,training
2yim,5.728608131408691,3.92,training
2yiq,7.8340511322021475,7.9,training
2yir,8.440073013305664,9.77,training
2yis,8.469211578369139,8.77,training
2yit,7.816757202148437,9.54,training
2yiu,8.354537963867188,6.89,training
2yiv,3.5863680839538574,2.78,training
2yiw,8.24185848236084,9.1,training
2yj2,8.08745288848877,7.92,training
2yj8,7.997514724731445,8.19,training
2yj9,7.979378700256348,7.02,training
2yjb,7.961306571960449,7.02,training
2yjc,8.021306991577147,7.66,training
2yjq,5.042744159698486,5.28,training
2yjw,6.197162628173827,5.12,training
2yjx,7.477066993713379,5.12,training
2yk9,6.562185287475586,5.09,training
2ykb,7.251993179321289,5.96,training
2ykc,8.177304267883299,6.11,training
2yke,7.811469078063965,5.96,training
2ykj,7.8730430603027335,6.21,training
2ylc,4.488842964172363,7.89,training
2yln,4.808263778686523,7.68,training
2ylo,5.577414512634277,4.88,training
2ylp,5.5052528381347665,4.3,training
2ylq,5.37366247177124,4.3,training
2ym3,6.262434005737305,6.0,training
2ym4,8.143534660339355,5.82,training
2ym5,7.85700798034668,6.37,training
2ym6,7.8558597564697275,6.06,training
2ym7,7.0931968688964835,6.89,training
2ym8,7.968402862548827,7.89,training
2yme,6.970857620239258,7.66,training
2ymt,6.2012939453125,8.0,training
2ynd,7.55757999420166,7.49,training
2yne,7.3638973236083975,8.57,training
2ynn,5.981077194213867,5.17,training
2ynr,5.818622589111327,5.77,training
2yns,6.237246513366699,7.6,training
2yof,6.604879379272461,4.6,training
2yog,7.520413398742676,4.51,training
2yoh,6.49767017364502,4.96,training
2yoj,8.671699523925781,8.3,training
2yol,6.300349235534668,6.89,training
2yq6,7.611794471740723,7.35,training
2ywp,7.08141040802002,8.15,training
2yz3,5.383539199829102,6.66,training
2z1w,5.904789924621582,4.08,training
2z3h,6.95893669128418,4.64,training
2z3z,5.580307960510254,4.31,training
2z4b,8.80919361114502,9.36,training
2z4r,5.388169288635254,7.62,training
2z4w,6.558675765991211,6.01,training
2z4y,4.770936012268066,6.15,training
2z4z,6.021544456481934,5.73,training
2z50,4.929615497589111,4.95,training
2z52,5.884918212890625,5.57,training
2z5o,5.483880996704102,6.0,training
2z5s,6.518975257873535,5.66,training
2z5t,6.225687980651856,5.62,training
2z60,8.516757965087889,8.05,training
2z6w,7.107255935668945,7.87,training
2z78,7.126065254211426,6.12,training
2z7g,7.8742475509643555,8.95,training
2z7h,5.483016014099121,6.94,training
2z7i,6.676779747009277,7.0,training
2z7r,7.827702522277832,9.52,training
2z8e,5.429944038391113,8.0,training
2z92,9.20832633972168,9.1,training
2z94,5.020676612854004,5.85,training
2z97,8.179651260375978,6.0,training
2z9g,3.5630102157592773,6.15,training
2za0,6.784062385559082,6.64,training
2za3,4.210852146148682,3.68,training
2zas,8.049927711486816,7.86,training
2zaz,6.865194320678711,6.4,training
2zb0,6.3186073303222665,6.62,training
2zbk,5.706601142883301,5.7,training
2zc9,6.934765815734862,6.74,training
2zdk,7.760393142700195,6.37,training
2zdm,6.608046531677246,6.41,training
2zdt,7.43586254119873,8.02,training
2zdx,6.212841033935548,3.19,training
2zdz,7.292030334472656,6.15,training
2ze1,7.050692558288574,6.22,training
2zfi,5.194841384887695,3.46,training
2zg1,3.91448712348938,2.1,training
2zg3,4.540367126464844,2.06,training
2zga,6.59659481048584,6.32,training
2zgm,3.772382497787476,1.79,training
2zgx,5.697464942932129,6.74,training
2zhd,6.686739921569824,6.54,training
2zif,6.427083015441895,4.37,training
2zir,8.162342071533201,8.19,training
2zis,7.284541130065918,8.55,training
2zit,5.75070858001709,4.46,training
2zjf,6.576417922973633,7.72,training
2zju,6.4280052185058585,5.81,training
2zjv,5.878582000732423,5.14,training
2zkj,5.351367950439453,5.48,training
2zlf,4.983166217803955,4.51,training
2zlg,5.858345031738281,5.59,training
2zm1,7.420172691345215,6.66,training
2zm3,7.4917850494384775,6.21,training
2zmd,6.0570926666259775,7.01,training
2zmj,8.656891822814941,7.52,training
2zmm,6.419291496276856,7.6,training
2zn7,7.05406379699707,7.89,training
2zns,5.655989646911621,6.54,training
2znt,8.58577823638916,9.3,training
2znu,8.445277214050293,8.11,training
2zo3,7.480113983154298,10.0,training
2zof,7.027009010314941,8.15,training
2zoq,6.720030784606934,6.05,training
2zp0,7.598710060119629,7.6,training
2zpk,5.30025577545166,7.76,training
2zq1,7.0081892013549805,6.62,training
2zq2,6.380077362060548,6.56,training
2zsc,8.298527717590332,7.06,training
2zu3,6.878511428833008,6.1,training
2zu4,7.002821922302246,7.42,training
2zu5,7.302241325378418,7.0,training
2zv2,7.224923133850098,6.3,training
2zv9,7.439068794250487,8.05,training
2zva,7.877419471740723,7.96,training
2zvj,5.474270820617676,5.74,training
2zx5,9.796588897705078,12.33,training
2zx7,8.905640602111816,10.49,training
2zx8,9.46137237548828,9.64,training
2zx9,9.657000541687012,10.27,training
2zxa,9.202661514282227,8.35,training
2zxb,7.037748336791992,5.3,training
2zyb,7.648127555847168,7.7,training
2zyn,5.623774528503418,5.92,training
2zz1,5.860018730163574,4.54,training
2zz2,5.565335273742676,4.54,training
2zz6,6.110197067260742,6.72,training
2zzu,7.5099735260009775,7.41,training
3a1c,5.248051166534424,4.0,training
3a1d,5.274537086486816,4.12,training
3a1e,5.166623115539551,2.66,training
3a1t,5.595224380493164,4.83,training
3a29,6.758705139160156,7.89,training
3a2c,6.9083805084228525,6.9,training
3a2o,9.02087688446045,9.08,training
3a3y,6.958767890930176,9.15,training
3a4o,7.970321655273437,8.89,training
3a4p,7.671225547790527,7.55,training
3a5y,7.60118293762207,7.96,training
3a73,5.837960243225098,3.38,training
3a9i,5.374096870422363,4.15,training
3aaq,6.226428031921388,3.3,training
3aav,7.656684875488281,6.62,training
3abt,5.43925666809082,4.77,training
3abu,5.298257827758789,5.62,training
3acl,7.466309547424316,6.22,training
3acx,7.125984191894531,5.7,training
3ad7,3.0526015758514404,2.52,training
3ad8,3.0453369617462163,3.16,training
3ads,5.84764289855957,5.01,training
3adt,5.394553661346436,4.55,training
3adu,5.242108345031738,4.14,training
3adv,5.561803817749023,3.03,training
3agm,5.804268836975098,9.09,training
3ah8,7.803704261779785,9.82,training
3aho,7.261918067932129,7.05,training
3aid,6.765766143798827,6.86,training
3aig,7.55516242980957,6.0,training
3aje,5.217530250549316,5.03,training
3al3,6.7748165130615225,5.68,training
3alt,4.67213773727417,2.92,training
3amb,8.162611961364746,6.18,training
3amv,7.923027992248535,7.97,training
3anq,5.703555107116699,6.74,training
3anr,5.759173393249513,6.46,training
3ans,6.273399353027344,6.25,training
3ant,8.220441818237305,8.07,training
3ao1,3.964179515838623,2.26,training
3ao2,5.789716720581055,3.77,training
3ao5,5.809239387512207,2.23,training
3aox,7.837103843688965,9.08,training
3ap4,3.510016441345215,3.92,training
3ap7,4.652426719665527,3.0,training
3apc,8.20708179473877,7.44,training
3aqa,6.225120544433594,4.55,training
3aqt,4.636466026306152,6.72,training
3ara,6.538013458251952,6.49,training
3arb,7.026938438415527,6.63,training
3ard,7.548340797424316,6.76,training
3are,7.7471275329589835,6.21,training
3arf,7.461180686950684,7.19,training
3arg,7.5546531677246085,7.26,training
3arn,5.554496765136719,5.41,training
3art,5.6099205017089835,4.43,training
3arw,5.865837097167969,6.15,training
3arx,5.415709018707275,5.33,training
3arz,4.814164161682129,6.0,training
3as0,5.585899353027344,4.55,training
3as1,5.654807090759277,4.02,training
3as2,4.8700904846191415,3.44,training
3as3,5.630659103393555,3.8,training
3ask,5.428952217102051,6.43,training
3asl,5.356700897216797,5.76,training
3asx,7.7243289947509775,7.7,training
3at1,3.665623903274536,3.18,training
3at3,8.452507019042969,8.04,training
3at4,8.583043098449707,8.1,training
3ati,3.4365754127502437,3.73,training
3atk,4.491155624389648,2.85,training
3atl,4.106729030609132,4.76,training
3atm,5.315831184387207,3.06,training
3atp,3.8679587841033936,4.45,training
3atu,5.535038948059082,8.3,training
3atv,6.039765357971191,5.34,training
3atw,6.844409942626952,7.01,training
3au6,5.975454330444336,7.92,training
3av9,4.6897406578063965,3.36,training
3ava,4.855156898498535,4.4,training
3avb,4.836706638336182,4.07,training
3avf,4.659839630126953,3.53,training
3avg,4.9091453552246085,3.3,training
3avh,4.9431352615356445,3.3,training
3avi,5.280478000640869,3.3,training
3avj,5.203804016113281,3.3,training
3avk,4.850874900817871,3.3,training
3avl,4.692632675170898,4.18,training
3avm,4.934084892272949,3.3,training
3avn,4.977907657623291,3.3,training
3avz,6.100859642028809,7.19,training
3aw0,6.055482864379883,5.24,training
3ax5,5.825381278991699,5.85,training
3axk,5.146347999572754,4.15,training
3axm,4.913496017456055,5.07,training
3axz,5.551763534545898,3.43,training
3ay0,5.128964424133301,3.04,training
3ay9,5.671407699584961,8.34,training
3aya,4.154301643371582,4.33,training
3ayc,4.465677261352539,4.24,training
3ayd,5.010924339294434,4.19,training
3az8,6.3855552673339835,6.0,training
3az9,6.6914424896240225,6.0,training
3aza,6.944378852844237,5.13,training
3azb,6.3879146575927725,4.92,training
3b0w,7.63987922668457,5.7,training
3b1t,6.033426284790039,5.66,training
3b1u,6.0947933197021475,5.72,training
3b24,4.9702887535095215,4.38,training
3b25,6.640403747558594,6.07,training
3b28,7.604311943054199,8.47,training
3b2t,5.732914924621582,5.21,training
3b2w,7.467856407165527,9.22,training
3b3c,4.687869071960449,3.98,training
3b3x,3.270075798034668,3.6,training
3b4f,7.559014320373535,8.14,training
3b4p,6.505558967590332,5.4,training
3b5j,5.740530014038086,5.68,training
3b67,8.503704071044924,8.85,training
3b78,5.761208534240723,4.1,training
3b7i,5.1113691329956055,5.82,training
3b7j,3.8892819881439213,5.17,training
3b7r,6.4067134857177725,7.7,training
3b7u,7.613743782043457,7.74,training
3b82,5.33427619934082,4.43,training
3b8h,5.6192588806152335,4.2,training
3b8q,7.915053367614746,9.3,training
3b8r,7.7028846740722665,9.22,training
3b8z,7.5434322357177725,6.54,training
3b92,7.202003479003906,8.0,training
3b95,5.473343849182129,5.15,training
3b9g,6.723499298095702,4.72,training
3b9s,4.936500072479248,5.3,training
3bar,5.363056182861328,5.7,training
3bb1,5.83637809753418,3.6,training
3bbb,6.9202375411987305,7.0,training
3bbt,6.716229438781737,6.15,training
3bc3,8.092282295227049,6.81,training
3bc4,4.779595375061035,5.35,training
3bc5,8.117258071899414,8.3,training
3bcn,6.490944862365723,7.12,training
3bcs,4.085955619812012,5.21,training
3be2,7.856234550476074,8.7,training
3bea,8.021999359130861,8.15,training
3bel,8.086024284362793,7.85,training
3bet,8.181922912597656,5.82,training
3bex,5.748493194580077,5.57,training
3bf1,4.6567487716674805,2.52,training
3bft,5.7861385345458975,6.49,training
3bg8,3.956501483917236,5.89,training
3bgc,8.425430297851562,5.02,training
3bgl,7.8101844787597665,8.35,training
3bgm,6.233206748962402,7.41,training
3bgp,7.550437927246094,7.04,training
3bh3,5.923708915710449,6.15,training
3bh8,5.923534393310548,7.95,training
3bh9,6.492523193359375,6.93,training
3bhb,7.030607223510742,8.47,training
3bho,5.852069854736327,5.61,training
3bhx,8.865609169006348,9.15,training
3bi0,7.913331031799316,7.85,training
3bi1,8.817129135131836,9.92,training
3bi6,8.591880798339844,7.82,training
3bim,5.056765079498291,5.88,training
3biz,7.991954803466798,7.24,training
3bjc,8.54951286315918,6.96,training
3bjm,8.130654335021973,8.3,training
3bki,6.4809417724609375,5.12,training
3bl0,7.078073501586914,6.92,training
3bl1,7.873443603515625,5.6,training
3bl2,6.494233131408691,5.8,training
3bl7,7.748855590820312,8.4,training
3bl9,8.017419815063478,7.18,training
3bla,6.80792236328125,8.7,training
3blr,8.457727432250978,8.19,training
3bls,5.118434429168701,5.14,training
3blt,3.75742244720459,3.54,training
3blu,3.565904140472412,3.46,training
3bm6,7.4396419525146475,7.59,training
3bm8,3.5694913864135738,3.54,training
3bm9,6.5242414474487305,6.72,training
3bmn,4.745905876159668,4.46,training
3bmo,5.132671356201172,5.27,training
3bmq,5.948451042175293,5.49,training
3bmy,7.131434440612793,7.52,training
3bpr,6.289344787597656,4.95,training
3bqn,7.179394721984862,8.6,training
3br9,8.46892261505127,7.21,training
3bra,3.90069031715393,2.7,training
3brn,8.025332450866701,8.7,training
3bsc,7.506207466125487,4.48,training
3bt9,6.8885746002197275,5.71,training
3btc,6.02900505065918,5.75,training
3bti,6.755732536315918,6.14,training
3btj,7.203169822692871,5.62,training
3btl,6.2139949798583975,5.96,training
3btr,6.481829643249513,5.3,training
3bu1,6.466334342956543,8.15,training
3bu6,7.357748031616211,5.89,training
3bu8,5.284520149230957,6.92,training
3bug,4.457094192504883,3.18,training
3buh,4.638585567474365,3.66,training
3bum,5.88655948638916,6.49,training
3bun,6.140289306640625,6.21,training
3buo,6.202879905700684,6.06,training
3buw,6.0223445892333975,5.83,training
3bux,5.772158622741699,5.63,training
3bv2,7.758439064025879,9.36,training
3bv3,7.562375068664551,9.34,training
3bva,6.468240737915039,6.52,training
3bvb,9.682600021362305,5.49,training
3bwf,8.448979377746582,9.7,training
3bwk,7.5505638122558585,3.94,training
3bx5,7.878130912780763,8.46,training
3bxe,4.161364555358887,5.48,training
3bxf,5.490184783935547,5.54,training
3bxh,4.276344299316406,4.03,training
3bxs,6.616381645202638,5.1,training
3bxz,5.329004287719727,6.72,training
3bym,7.9811506271362305,8.22,training
3byo,8.058953285217285,8.15,training
3bys,7.975922584533691,9.3,training
3byu,7.88790225982666,9.1,training
3bz3,8.347147941589355,8.82,training
3bze,6.730940818786621,6.0,training
3bzi,6.005728721618652,5.74,training
3c0z,3.959200143814087,3.95,training
3c10,7.17868709564209,6.52,training
3c14,5.061088562011719,3.52,training
3c1k,7.809591293334961,9.44,training
3c1n,4.952605247497559,5.5,training
3c1x,7.723589897155763,7.35,training
3c2f,5.84078311920166,2.0,training
3c2u,5.150785446166992,2.9,training
3c3o,5.729628562927246,4.36,training
3c3q,6.130249977111816,4.32,training
3c3r,5.623960494995117,4.39,training
3c43,7.509628295898437,7.72,training
3c45,7.95383358001709,9.68,training
3c49,6.976061820983888,7.15,training
3c4c,7.69678783416748,6.8,training
3c4e,5.934876441955566,4.0,training
3c4f,6.684551239013673,5.72,training
3c4h,5.159355640411377,5.7,training
3c52,6.474379539489746,7.3,training
3c56,6.445590019226074,7.89,training
3c5u,8.107669830322267,8.19,training
3c6t,9.272136688232422,8.68,training
3c6u,8.638998031616211,8.87,training
3c6w,5.503925323486328,5.62,training
3c72,7.0359554290771475,4.64,training
3c79,6.8409833908081055,7.2,training
3c7n,5.8286848068237305,6.7,training
3c7p,8.139238357543945,10.0,training
3c7q,7.6726932525634775,7.68,training
3c84,7.39234733581543,7.85,training
3c89,5.586462020874023,6.07,training
3c8a,5.601873397827148,6.18,training
3c94,5.035971641540527,6.87,training
3c9e,7.116006851196289,8.0,training
3caj,8.292476654052733,8.1,training
3cbp,6.186738014221191,5.6,training
3cbs,7.468499183654785,7.24,training
3ccb,4.6570143699646,4.52,training
3ccc,7.1619319915771475,8.1,training
3ccn,7.33454704284668,6.92,training
3cct,7.9190101623535165,7.56,training
3ccw,7.612407684326173,7.87,training
3cd0,8.262079238891603,7.57,training
3cd5,8.391398429870605,7.9,training
3cd7,7.7927608489990225,7.84,training
3cd8,7.446135520935059,8.05,training
3cda,8.436959266662598,7.58,training
3cde,8.350360870361326,7.66,training
3ce0,6.0881900787353525,6.15,training
3ce3,7.949790000915527,8.74,training
3cen,8.158576965332031,8.26,training
3cf1,5.091877937316895,6.64,training
3cf8,4.649820327758789,4.9,training
3cf9,5.161448001861572,4.83,training
3cfs,6.161595344543457,5.96,training
3cfv,6.016127586364746,6.05,training
3cgf,6.700824737548827,6.57,training
3cgo,7.418540000915527,5.52,training
3cgy,5.113280773162842,3.15,training
3ch9,3.3378748893737797,3.3,training
3chc,4.963568687438965,4.09,training
3chd,5.166215419769287,4.92,training
3che,4.74461841583252,5.29,training
3chf,5.066849231719972,5.37,training
3chg,4.739933967590332,3.99,training
3cho,6.1862897872924805,6.55,training
3chp,6.269796371459961,5.27,training
3chq,7.911233901977539,7.7,training
3chr,6.6789188385009775,7.21,training
3chs,7.669035911560059,7.77,training
3cib,8.182121276855469,7.85,training
3cic,7.7024173736572275,8.52,training
3cid,8.191532135009767,8.3,training
3cii,6.232465744018555,6.1,training
3cj3,6.146990776062013,4.24,training
3cj5,7.052705764770508,6.34,training
3cjf,6.50252628326416,8.2,training
3cjo,7.876323699951173,8.66,training
3ck7,5.017942428588867,4.05,training
3ck8,4.803162574768066,3.84,training
3ckb,4.473722457885742,2.98,training
3cke,6.355599403381348,6.1,training
3ckr,7.362749099731445,5.3,training
3ckt,7.040768623352051,6.32,training
3ckz,8.927898406982422,8.72,training
3cl0,8.10108757019043,7.07,training
3cl2,6.384249687194824,7.59,training
3clp,5.75177001953125,3.69,training
3cm2,6.2780513763427725,6.47,training
3cm7,7.163317680358888,6.57,training
3cn0,6.5788002014160165,5.51,training
3co9,8.285255432128906,8.0,training
3coh,7.410787582397461,8.4,training
3coj,5.715620040893555,5.28,training
3cp9,8.031338691711426,7.32,training
3cpb,7.055238723754883,4.6,training
3cpc,7.7242841720581055,5.3,training
3cph,5.8419742584228525,6.48,training
3cpj,6.208868980407715,4.72,training
3cqu,7.881460189819336,6.82,training
3cqw,7.176532745361327,7.38,training
3cr4,5.365183830261231,4.28,training
3cr5,5.08182430267334,4.19,training
3cs8,5.990802764892577,5.77,training
3csl,7.192330360412598,7.22,training
3cso,7.277122497558594,5.77,training
3cst,7.976948738098144,7.41,training
3cth,8.512859344482424,6.96,training
3ctj,7.95411491394043,7.46,training
3ctq,7.614058494567871,7.4,training
3ctr,6.170941352844237,5.16,training
3ctt,7.301148414611816,6.35,training
3cvk,7.898200988769531,8.0,training
3cwe,7.114350318908691,6.92,training
3cwj,8.034773826599121,8.0,training
3cwk,6.583066940307617,6.6,training
3cx9,6.755229949951173,4.89,training
3cy2,7.705122947692871,7.22,training
3cyu,7.8259239196777335,7.22,training
3cyy,5.578349113464356,4.77,training
3cyz,5.435910224914551,7.22,training
3cz1,5.373089790344238,7.26,training
3czv,7.7195796966552725,7.8,training
3d04,5.25289249420166,6.05,training
3d0b,7.159934997558594,6.54,training
3d0e,8.113057136535645,8.4,training
3d14,7.541461944580077,7.66,training
3d1e,5.163098335266113,5.77,training
3d1f,5.873478889465332,5.74,training
3d1g,5.014067649841309,5.0,training
3d1v,4.569518089294434,3.49,training
3d20,10.400548934936523,8.3,training
3d25,6.474822998046875,7.66,training
3d27,6.9015092849731445,4.25,training
3d28,6.6909828186035165,5.85,training
3d2e,5.737039566040039,6.42,training
3d2r,5.456907272338867,5.48,training
3d2t,6.4237403869628915,7.12,training
3d32,7.207831382751465,6.45,training
3d3p,8.153428077697754,8.5,training
3d3x,5.456976890563965,4.16,training
3d45,5.730305671691895,5.68,training
3d4f,7.870282173156737,7.72,training
3d4l,7.356316566467285,7.49,training
3d4q,8.348252296447754,10.52,training
3d4y,6.443484306335449,5.7,training
3d50,6.508051872253418,4.77,training
3d52,5.0461745262146,3.28,training
3d5m,8.220499038696289,8.0,training
3d62,4.664229393005371,6.1,training
3d67,5.714008331298827,4.96,training
3d6p,3.9766695499420166,3.75,training
3d78,6.1506452560424805,7.64,training
3d7d,7.47991943359375,7.85,training
3d7f,8.429135322570799,9.3,training
3d7g,8.55483341217041,7.77,training
3d7h,8.080377578735353,10.22,training
3d7m,5.925974845886231,6.44,training
3d7z,7.844635009765625,7.92,training
3d83,8.292709350585938,8.36,training
3d8w,7.815010070800781,8.15,training
3d94,8.106163024902344,6.8,training
3d9k,5.743830680847168,4.72,training
3d9l,5.623443603515625,4.17,training
3d9m,4.930078506469727,3.48,training
3d9n,4.839616775512695,4.05,training
3d9o,4.975078582763672,3.0,training
3d9p,5.165341377258301,4.54,training
3d9v,7.432746887207031,8.22,training
3da6,8.139101028442383,8.7,training
3da9,7.537386894226074,5.51,training
3dab,7.067961692810059,6.68,training
3daj,6.3691444396972665,5.54,training
3daz,7.743983268737793,7.93,training
3db6,7.236814498901367,6.14,training
3db8,7.3915557861328125,7.0,training
3dba,7.1860103607177725,8.0,training
3dbd,7.613310813903809,7.38,training
3dbs,8.660962104797362,7.12,training
3dbu,8.036876678466799,8.06,training
3dc2,3.130134105682373,3.02,training
3dc3,7.7222137451171875,8.31,training
3dcc,8.384304046630861,8.96,training
3dcq,5.930679321289063,5.23,training
3dcr,7.0845088958740225,8.2,training
3dcs,7.625578880310059,7.94,training
3dct,8.724586486816406,6.95,training
3dcv,8.13908863067627,8.52,training
3dcw,8.373814582824707,9.0,training
3dd8,8.555137634277344,7.85,training
3dda,5.953513145446777,3.88,training
3ddb,6.035829544067383,4.02,training
3ddf,5.43376350402832,4.66,training
3ddg,5.809235572814941,6.0,training
3ddp,7.735136985778809,7.14,training
3ddq,6.648825645446777,6.68,training
3ddu,7.8067874908447275,7.4,training
3deh,4.509594917297363,6.83,training
3dei,5.248972892761231,7.4,training
3dej,5.155139923095703,8.0,training
3dek,6.320108413696289,7.57,training
3dg8,6.125020980834961,4.7,training
3dga,6.181023597717285,4.52,training
3dgl,6.438558578491211,6.6,training
3dgn,6.186938285827638,6.21,training
3dgo,5.914656639099121,6.74,training
3dgq,4.503971576690674,4.92,training
3dhk,7.452969551086426,7.33,training
3di6,7.703081130981445,7.0,training
3diw,7.55018424987793,6.72,training
3djf,7.8557939529418945,6.1,training
3djo,4.264668941497804,4.39,training
3djp,3.699950695037842,4.2,training
3djq,4.4093589782714835,2.98,training
3djv,4.436711311340332,4.55,training
3djx,3.9262714385986333,2.81,training
3dk1,10.126821517944336,9.74,training
3dkf,8.038407325744629,8.57,training
3dkg,6.8026981353759775,5.0,training
3dkj,5.307069778442383,5.7,training
3dla,5.7858028411865225,3.46,training
3dm6,7.6794281005859375,7.43,training
3dnd,6.114750862121582,4.8,training
3dne,6.037446975708008,5.22,training
3dng,8.153800010681152,8.13,training
3dnj,5.394590377807617,6.82,training
3dnt,5.328571319580078,4.74,training
3dog,8.001633644104004,7.4,training
3dow,6.495993614196777,4.94,training
3doy,6.1273193359375,5.82,training
3doz,6.113682746887207,5.7,training
3dp0,6.1846656799316415,5.85,training
3dp1,5.686338424682617,5.0,training
3dp2,5.410902976989746,5.82,training
3dp3,6.018150329589844,5.82,training
3dp9,8.568620681762695,9.68,training
3dpc,5.161264419555664,4.36,training
3dpd,6.32447624206543,5.78,training
3dpe,8.227614402770996,7.24,training
3dpf,8.337906837463379,7.24,training
3dpk,8.337281227111816,8.39,training
3dpo,7.9027061462402335,8.26,training
3drf,5.755410194396973,7.0,training
3drg,6.727675437927246,7.0,training
3dri,4.452651023864746,4.42,training
3drp,8.759586334228517,9.7,training
3drr,8.472654342651367,9.4,training
3drs,9.121912002563477,9.3,training
3ds0,7.312965393066406,4.83,training
3ds1,7.5059566497802725,5.7,training
3ds3,7.137509346008301,5.22,training
3ds4,7.5919837951660165,4.19,training
3ds6,8.478486061096191,9.1,training
3ds9,6.727770805358888,7.39,training
3dst,7.399386405944824,9.08,training
3dsu,6.237855911254883,7.03,training
3dsz,7.273811340332031,7.77,training
3dt1,7.4547691345214835,8.62,training
3dtc,8.4337158203125,7.59,training
3du8,6.541449546813965,6.84,training
3dux,7.2460975646972665,7.0,training
3duy,6.6881351470947275,5.85,training
3dv1,7.747214317321777,6.23,training
3dv5,7.886934280395508,7.66,training
3dvp,6.967752456665039,5.0,training
3dwb,7.257691383361816,6.19,training
3dx0,6.921892166137695,7.44,training
3dx3,4.657015323638916,6.52,training
3dxh,4.697051048278809,3.19,training
3dxj,6.95283317565918,6.22,training
3dxk,5.657951354980469,6.33,training
3dxm,7.444125175476074,6.0,training
3dy6,7.020832061767577,6.9,training
3dya,9.025776863098145,8.52,training
3dyo,4.286089897155762,2.3,training
3dz2,7.082847595214844,4.15,training
3dz4,6.846436500549316,6.4,training
3dz5,6.428053855895996,8.15,training
3dz6,6.84733772277832,7.82,training
3dzt,7.5136756896972665,7.22,training
3e01,8.389636993408201,7.52,training
3e0p,8.092818260192871,7.92,training
3e0q,4.814981460571289,5.89,training
3e12,5.388481140136719,5.99,training
3e16,8.54188346862793,5.24,training
3e1r,6.592282295227051,5.82,training
3e2m,8.074714660644531,9.4,training
3e37,7.6389312744140625,5.39,training
3e3b,8.26667594909668,7.96,training
3e3c,4.668212413787842,5.62,training
3e3u,7.459048271179199,7.89,training
3e4a,6.969572067260742,8.77,training
3e51,8.085453987121582,7.85,training
3e5u,6.021328926086426,5.85,training
3e62,4.645393371582031,4.39,training
3e63,6.702239036560059,5.8,training
3e64,8.310400009155272,7.11,training
3e6k,5.445886611938477,5.15,training
3e6v,5.152338027954102,6.83,training
3e6y,5.6032066345214835,5.6,training
3e73,4.980966567993164,3.15,training
3e7a,7.4153947830200195,10.0,training
3e7b,8.972636222839355,9.8,training
3e7o,7.717648506164551,6.92,training
3e81,3.681975841522217,1.43,training
3e85,4.631072044372559,5.38,training
3e8n,6.933662414550781,7.72,training
3e8r,8.316651344299316,9.74,training
3e8u,6.676748275756836,9.42,training
3e90,5.77318286895752,7.39,training
3e9b,5.565473556518555,5.35,training
3e9h,6.5744667053222665,7.55,training
3e9i,6.19025993347168,6.22,training
3eax,6.442201614379883,4.92,training
3eb1,5.39647388458252,4.79,training
3ebb,4.635415077209473,5.3,training
3ebl,8.623379707336426,6.3,training
3ebo,4.249540328979491,4.72,training
3ecn,4.2815942764282235,3.16,training
3ed0,5.2452392578125,6.35,training
3ee2,6.079941749572754,4.19,training
3efj,8.360322952270508,7.41,training
3efk,8.797869682312012,7.85,training
3efr,5.994091987609862,5.08,training
3efs,5.586557388305664,5.34,training
3eft,8.294672012329103,7.92,training
3efw,8.188440322875978,8.4,training
3eg6,6.158801078796388,5.77,training
3egk,6.327212333679199,4.66,training
3ehn,4.090691566467285,1.92,training
3eht,5.845247268676758,5.17,training
3ehw,6.933079719543457,4.82,training
3ehx,7.462959289550781,7.6,training
3eid,7.475990295410156,6.35,training
3eig,7.793919563293457,7.68,training
3eio,7.081175804138184,6.65,training
3ej1,7.6969547271728525,6.92,training
3ej5,6.168567657470702,3.57,training
3ejp,8.003744125366211,8.55,training
3ejq,7.8360023498535165,8.57,training
3ejs,7.609866142272949,6.6,training
3ejt,6.83120059967041,7.36,training
3eju,7.312487602233888,6.6,training
3eka,3.5133941173553467,3.0,training
3ekn,8.331023216247559,8.4,training
3eko,3.9766650199890137,6.7,training
3ekq,7.963448524475098,6.75,training
3ekr,6.785844802856445,7.52,training
3eks,6.619279861450195,5.7,training
3ekt,9.155027389526367,10.59,training
3ekv,9.54288387298584,9.41,training
3ekw,8.076736450195312,7.96,training
3ekx,7.987174034118652,9.41,training
3eky,8.403162956237793,9.64,training
3el0,8.569340705871582,7.47,training
3el1,7.593976020812987,9.64,training
3el7,8.388457298278809,6.32,training
3el8,7.63576602935791,7.6,training
3el9,8.027885437011719,8.4,training
3elc,4.208728790283203,2.69,training
3elj,7.699830055236816,5.3,training
3elm,7.652348518371582,9.72,training
3emg,8.233057975769043,8.05,training
3emh,5.6951351165771475,6.85,training
3eml,7.528770446777344,8.74,training
3ens,7.747486114501952,8.05,training
3eoc,7.880661964416504,6.64,training
3eor,4.005697250366212,1.4,training
3eos,8.402600288391112,8.4,training
3eou,7.549880981445312,7.01,training
3eov,7.109232902526856,7.2,training
3eq7,7.188965797424316,9.09,training
3eq8,7.395636558532715,9.06,training
3eq9,6.996410369873048,7.39,training
3eqb,7.179037094116211,1.82,training
3eql,6.894667625427246,5.3,training
3eqs,7.236766815185548,8.48,training
3eqy,7.1385860443115225,8.05,training
3er3,7.6653804779052725,7.09,training
3er5,7.645587921142577,9.0,training
3erd,7.989480972290039,9.9,training
3erk,7.415766716003418,4.74,training
3ern,4.2210350036621085,1.72,training
3ert,8.193989753723145,9.6,training
3ery,6.612242698669434,5.66,training
3esj,4.257500648498535,3.03,training
3ess,4.885255336761475,6.39,training
3et7,7.756958961486816,7.77,training
3eta,8.576457977294924,7.85,training
3eu5,7.003652572631836,7.49,training
3eu7,5.951704978942871,6.18,training
3evc,5.349026679992676,6.91,training
3evf,4.649466037750244,6.77,training
3ew2,8.10408878326416,6.67,training
3ewc,8.450150489807129,7.7,training
3ewh,8.772067070007324,7.16,training
3ewj,5.908561706542969,6.84,training
3ewu,4.972849845886231,4.62,training
3ewz,5.4948463439941415,4.1,training
3ex2,5.142623901367188,3.7,training
3ex3,5.065316200256348,4.44,training
3ex6,4.461065292358398,3.66,training
3exf,6.829336166381836,6.54,training
3exo,6.847203254699707,4.62,training
3eyd,7.208751678466798,9.7,training
3eyf,6.195843696594237,7.03,training
3eyg,8.52896785736084,8.8,training
3eyh,8.159782409667969,7.7,training
3eyl,7.170564651489258,6.6,training
3eys,6.777922630310059,5.52,training
3eyu,6.988812446594237,7.62,training
3ezr,7.759373664855957,5.0,training
3ezv,7.333677291870117,5.98,training
3f07,6.19625186920166,5.54,training
3f0r,6.079741477966309,6.89,training
3f15,7.034339904785156,8.1,training
3f16,7.5490570068359375,8.23,training
3f18,6.5543317794799805,7.4,training
3f19,6.887333869934082,7.19,training
3f1a,7.774124145507812,7.21,training
3f2a,8.153042793273926,7.24,training
3f33,4.924715042114258,3.34,training
3f35,4.472496032714844,3.16,training
3f36,4.291090011596681,2.89,training
3f37,4.283790588378906,2.62,training
3f38,4.647486686706543,2.62,training
3f39,3.4009308815002437,1.78,training
3f3t,6.689812660217285,4.59,training
3f3v,7.743366241455077,7.14,training
3f3w,7.916645050048827,7.47,training
3f48,4.9714555740356445,6.29,training
3f5k,4.640633583068848,4.62,training
3f5p,7.555070877075195,6.85,training
3f66,7.376269340515138,6.05,training
3f68,7.241997718811035,5.06,training
3f69,7.829784393310548,6.0,training
3f6e,6.223410606384277,2.38,training
3f6h,4.304446220397948,4.72,training
3f70,4.292432785034181,4.85,training
3f78,3.661186695098877,3.1,training
3f7b,8.152112007141112,7.19,training
3f7g,5.853617668151856,7.37,training
3f7i,6.331072807312013,7.34,training
3f7u,7.7409019470214835,6.61,training
3f7z,7.957725524902344,7.19,training
3f81,4.781084060668945,7.13,training
3f82,8.323643684387207,8.34,training
3f88,7.58405590057373,8.64,training
3f8e,5.431191444396973,7.23,training
3f8f,6.202454566955566,6.63,training
3f8s,7.8351383209228525,7.89,training
3f8w,6.5590553283691415,4.08,training
3f9n,5.96109676361084,5.89,training
3f9w,6.380326271057129,4.72,training
3f9y,6.100075721740723,4.49,training
3fa3,4.549150466918945,5.6,training
3faa,8.297398567199707,8.15,training
3fal,8.198265075683594,6.78,training
3fas,6.396896362304688,6.77,training
3fat,6.740847587585449,7.64,training
3fbr,5.13230037689209,4.82,training
3fc1,7.691516876220702,8.0,training
3fc2,7.619757652282715,9.06,training
3fc8,7.6509952545166025,5.39,training
3fcb,6.724320411682129,5.31,training
3fcf,4.960416793823242,4.4,training
3fci,4.535565376281738,5.89,training
3fck,5.80107307434082,4.0,training
3fcl,5.810535430908202,3.5,training
3fdm,6.929244995117188,8.7,training
3fdn,7.592790603637695,7.48,training
3fdt,5.363015651702881,4.52,training
3fe7,7.163174629211426,7.12,training
3fea,7.490751266479492,7.44,training
3fed,8.146366119384767,7.46,training
3fee,6.968832015991211,6.64,training
3feg,6.886300086975098,4.35,training
3fei,7.578108787536621,7.7,training
3fej,6.784825325012207,6.13,training
3ff6,7.464320182800293,7.15,training
3ffg,9.397040367126463,9.08,training
3ffp,8.331585884094237,7.14,training
3ffu,6.600107192993164,6.44,training
3fgc,6.444760322570801,3.92,training
3fh5,6.795619010925293,7.06,training
3fh7,7.438386917114258,7.6,training
3fh8,6.693667411804199,6.74,training
3fhb,4.194690704345703,5.7,training
3fhe,7.28096866607666,8.6,training
3fhr,7.728917121887207,6.68,training
3fi2,6.506775856018066,7.6,training
3fi3,7.862378120422362,7.92,training
3fjz,4.144813537597656,4.05,training
3fkt,7.204025268554688,5.55,training
3fkv,6.4140214920043945,7.57,training
3fl5,7.843567848205566,7.28,training
3fl8,7.5600528717041025,7.27,training
3fl9,6.068092346191406,1.11,training
3fmq,6.689943313598633,7.95,training
3fmr,6.9096527099609375,7.97,training
3fmz,8.151585578918457,8.08,training
3fn0,6.3570051193237305,4.4,training
3fnm,3.9924957752227774,4.71,training
3fnu,6.531041145324707,6.16,training
3fpd,6.243706703186035,6.15,training
3fpm,6.5250301361083975,5.05,training
3fq7,5.291590213775635,2.52,training
3fqa,3.1703691482543945,0.49,training
3fqh,6.721434593200684,6.24,training
3fqk,8.207245826721191,7.09,training
3fql,8.129857063293457,7.15,training
3fqs,7.502758026123048,7.39,training
3fr2,7.197152137756348,6.23,training
3fr4,7.135546684265138,6.19,training
3fr5,7.2981109619140625,6.35,training
3frg,8.181519508361816,8.4,training
3frz,7.304997444152832,8.15,training
3fsj,5.732086181640625,3.95,training
3fsm,6.184649467468263,7.0,training
3ft2,6.725725173950195,7.36,training
3ft3,6.606385231018066,7.36,training
3ft4,5.903593063354492,5.93,training
3ft5,5.329079627990723,4.82,training
3ft8,7.284926414489746,7.52,training
3ftq,5.609281539916992,5.33,training
3fts,5.463010787963867,3.67,training
3ftu,5.68137264251709,3.61,training
3ftv,4.727393627166748,2.93,training
3ftw,4.706764221191406,2.78,training
3fty,4.833662033081055,3.21,training
3ftz,5.013616561889648,2.7,training
3fu0,6.3266029357910165,2.28,training
3fu3,4.041063308715819,2.84,training
3fu5,5.9893646240234375,4.12,training
3fu6,4.7404985427856445,3.97,training
3fuc,8.596776962280272,9.72,training
3fud,4.402398109436035,2.7,training
3fue,4.286484718322754,2.82,training
3fuf,4.164853096008302,2.7,training
3fuh,4.100151062011719,2.7,training
3fui,5.826663017272949,6.8,training
3fuj,5.011240482330322,3.63,training
3fuk,6.657294273376465,3.02,training
3ful,6.336411476135254,3.7,training
3fum,6.4014854431152335,3.77,training
3fun,6.8050174713134775,6.72,training
3fup,8.920886993408203,7.66,training
3fv3,8.186777114868164,9.52,training
3fv7,6.7104902267456055,5.64,training
3fv8,7.538315773010254,6.8,training
3fvg,6.871261596679688,6.89,training
3fvk,8.16435718536377,8.82,training
3fvl,4.508613586425781,6.07,training
3fvn,7.037417411804199,6.77,training
3fw3,7.0773372650146475,7.37,training
3fw4,4.7523298263549805,9.4,training
3fwv,5.044276237487793,5.64,training
3fxb,5.7297401428222665,5.85,training
3fxv,8.82922077178955,7.03,training
3fxw,7.864821434020996,5.96,training
3fxz,8.194825172424316,6.89,training
3fy0,8.104596138000487,5.96,training
3fyj,7.596820831298827,8.3,training
3fyk,6.477267265319824,7.4,training
3fyz,6.792178153991699,5.8,training
3fz1,6.7592105865478525,7.92,training
3fzc,7.012077331542969,5.39,training
3fzn,5.993537902832031,4.01,training
3fzr,7.689903259277344,7.96,training
3fzs,7.111018180847168,5.82,training
3fzt,6.931426048278809,6.2,training
3fzy,7.0228471755981445,6.74,training
3g08,7.515101432800293,8.16,training
3g0b,7.464122772216798,8.15,training
3g0c,6.868496894836426,5.7,training
3g0d,7.001500129699707,8.3,training
3g0e,7.747015953063965,7.7,training
3g0f,7.316353797912598,7.66,training
3g0g,7.555397987365723,8.3,training
3g15,8.027037620544434,7.0,training
3g19,4.834259033203125,6.67,training
3g1d,5.536674499511719,3.48,training
3g1m,7.427159309387207,6.3,training
3g2i,4.127152442932129,4.86,training
3g2j,5.277856826782227,4.75,training
3g2k,5.598432540893555,4.79,training
3g2s,5.244909286499023,6.22,training
3g2t,5.403791427612305,7.0,training
3g2u,4.920297622680664,5.27,training
3g2v,5.1708269119262695,6.52,training
3g2w,5.152708053588867,5.66,training
3g2y,3.534881591796875,2.0,training
3g30,4.2626166343688965,2.51,training
3g32,4.2307448387146005,3.71,training
3g34,4.549677848815918,2.96,training
3g35,5.858360290527344,4.68,training
3g3d,5.112309455871582,4.74,training
3g3m,5.056675910949707,5.96,training
3g3n,6.941451072692871,6.29,training
3g42,6.4147586822509775,6.85,training
3g45,8.44282341003418,8.36,training
3g4f,6.512238502502441,4.52,training
3g4g,8.566067695617676,9.04,training
3g4i,8.484602928161621,9.04,training
3g4k,7.899299621582031,6.54,training
3g4l,8.305313110351562,8.24,training
3g58,8.1971435546875,9.28,training
3g5d,7.6137752532958975,7.96,training
3g5k,7.175347328186035,9.52,training
3g5v,7.044671058654785,7.8,training
3g5y,7.194719314575195,7.46,training
3g6g,7.908186912536621,8.55,training
3g6h,8.523077964782715,8.19,training
3g6m,3.5801820755004883,1.71,training
3g6z,8.597211837768555,9.7,training
3g70,8.305410385131836,9.4,training
3g72,8.537565231323242,9.1,training
3g76,6.260075569152832,6.64,training
3g7l,5.185091018676758,6.72,training
3g86,8.105099678039549,8.3,training
3g8e,6.680178642272949,5.35,training
3g8i,7.755514144897461,7.42,training
3g8o,8.898118019104004,7.8,training
3g90,6.999095916748048,6.36,training
3g9e,7.1122074127197275,7.72,training
3g9l,7.636073112487793,6.13,training
3g9n,7.331299781799316,5.74,training
3ga5,6.074707984924316,5.49,training
3gb2,8.037858009338379,7.47,training
3gba,7.8315792083740225,9.07,training
3gbe,4.4310035705566415,5.0,training
3gbq,5.3070068359375,5.46,training
3gc7,8.646528244018555,9.22,training
3gcp,7.4871788024902335,7.82,training
3gcq,6.892611503601074,6.47,training
3gcu,7.212017059326173,6.78,training
3gcv,7.351971626281737,7.13,training
3gds,5.771801948547362,6.51,training
3gen,7.907336235046388,9.14,training
3gep,4.713457107543945,3.75,training
3gf2,3.20585298538208,1.7,training
3gfe,8.162768363952638,8.49,training
3gfw,7.149689674377441,7.57,training
3ggc,5.107161521911621,5.44,training
3ggj,4.892702579498291,6.0,training
3ggu,9.604655265808104,9.77,training
3ggv,9.161874771118164,10.85,training
3ggw,6.886889457702638,5.54,training
3ghe,6.774609565734862,5.89,training
3gi4,10.039966583251953,10.8,training
3gi5,10.412816047668457,11.22,training
3gi6,10.048672676086426,11.22,training
3gjd,6.740340232849121,7.33,training
3gjq,7.020402908325195,5.33,training
3gjs,7.294974327087402,4.99,training
3gjt,7.711984634399414,6.77,training
3gjw,7.99744701385498,8.3,training
3gk1,5.408516883850098,4.1,training
3gk2,5.614144325256348,2.7,training
3gk4,5.606279373168945,3.92,training
3gkz,6.801957130432129,8.0,training
3gl6,5.2714009284973145,4.68,training
3gm0,7.275176048278809,7.77,training
3gn7,7.584571838378906,8.3,training
3gnv,7.805225372314452,7.03,training
3gol,6.94810962677002,7.09,training
3gp0,7.9894819259643555,7.44,training
3gpe,5.658535957336426,5.74,training
3gpj,6.019783973693848,5.11,training
3gpo,5.936023712158202,5.3,training
3gqo,5.395893573760986,5.41,training
3gqz,3.9707162380218506,2.17,training
3grj,4.557349681854248,3.0,training
3gs6,5.757987022399902,6.59,training
3gs7,5.146766185760498,5.44,training
3gsg,5.234413146972656,2.7,training
3gss,5.264716148376465,5.82,training
3gst,7.2427005767822275,6.72,training
3gt9,6.6174678802490225,3.96,training
3gta,6.854290008544923,4.28,training
3gur,7.771209716796875,8.0,training
3gus,5.6453189849853525,6.05,training
3guz,4.055844306945802,4.38,training
3gv6,5.5577392578125,3.3,training
3gvb,3.5237331390380864,2.59,training
3gvu,8.114604949951174,8.0,training
3gw5,8.27034854888916,9.33,training
3gws,9.325839042663574,10.09,training
3gwt,7.801711082458496,11.1,training
3gwu,5.624313354492188,4.71,training
3gwv,4.9233360290527335,2.6,training
3gww,4.883444309234619,0.45,training
3gwx,5.9782752990722665,5.4,training
3gxl,8.16898250579834,7.6,training
3gxt,4.4566917419433585,4.74,training
3gxy,5.5571794509887695,5.59,training
3gxz,5.169130802154541,7.89,training
3gy2,5.514115333557129,5.74,training
3gy3,6.744241714477539,5.63,training
3gy7,3.370863914489746,4.52,training
3gyn,7.328868865966798,7.21,training
3gz9,7.7181434631347665,8.4,training
3gzn,8.369817733764647,8.0,training
3h03,4.928718566894531,3.87,training
3h06,4.73300838470459,3.53,training
3h0a,7.636439323425293,7.48,training
3h0b,7.7262630462646475,5.49,training
3h0e,7.775074958801269,8.15,training
3h0j,6.714138984680176,6.49,training
3h0q,7.079244613647461,6.07,training
3h0s,6.0348567962646475,6.2,training
3h0v,6.38105583190918,4.82,training
3h0w,6.73590087890625,6.22,training
3h0y,7.953346252441406,8.22,training
3h0z,7.688813209533691,8.37,training
3h1x,5.317294120788574,5.89,training
3h1z,6.186250686645508,4.66,training
3h21,5.074308395385742,4.7,training
3h22,4.515748977661133,5.1,training
3h23,5.1881866455078125,4.71,training
3h26,5.8419761657714835,4.49,training
3h2a,4.598820209503174,3.96,training
3h2c,4.332078456878662,3.3,training
3h2f,4.607336044311523,4.06,training
3h2m,4.57708740234375,3.67,training
3h2n,4.018689155578613,3.67,training
3h2o,6.034957885742188,4.59,training
3h30,6.592175483703612,4.53,training
3h3c,7.00617790222168,6.85,training
3h52,5.795580863952638,4.85,training
3h59,8.413149833679201,7.89,training
3h5s,7.964695930480957,8.3,training
3h5u,8.334306716918945,8.52,training
3h6z,4.94899845123291,5.82,training
3h78,3.5500476360321045,4.24,training
3h85,5.453131675720215,5.22,training
3h89,6.894838333129883,7.64,training
3h8b,7.106867790222168,6.29,training
3h8c,7.171936988830566,7.72,training
3h91,5.359896659851074,3.73,training
3h98,8.057578086853027,8.3,training
3h9f,8.531857490539549,7.92,training
3h9k,6.3575706481933585,7.85,training
3h9o,8.029587745666504,7.15,training
3ha6,6.774911880493164,5.68,training
3hab,8.034687995910645,8.38,training
3hac,7.8784141540527335,8.17,training
3hau,5.031475067138672,6.38,training
3hav,4.894791603088379,3.77,training
3haw,5.066174030303955,6.0,training
3hb4,7.892505645751952,9.05,training
3hb8,6.1064863204956055,5.12,training
3hbo,5.219813346862793,5.09,training
3hc8,7.480213165283202,8.54,training
3hd3,7.923701286315918,7.0,training
3hdk,5.271095275878906,4.76,training
3hdm,7.324737548828125,7.4,training
3hdn,7.0040645599365225,7.2,training
3hdz,7.145097732543945,7.29,training
3hec,6.984819412231445,4.47,training
3heg,7.197136878967285,6.74,training
3hek,7.553912162780763,8.27,training
3hf6,7.939879417419434,7.59,training
3hf8,8.165552139282228,6.51,training
3hfb,7.875877380371094,7.52,training
3hfj,7.663717269897461,4.44,training
3hfv,4.433371543884277,4.87,training
3hfz,5.040265083312988,4.89,training
3hg1,5.72212028503418,4.74,training
3hha,7.210471153259277,7.9,training
3hhk,7.495636940002441,8.22,training
3hhm,7.444994926452638,7.92,training
3hhu,8.344061851501465,7.39,training
3hig,7.479330062866211,7.89,training
3hii,5.88754940032959,6.54,training
3hik,5.840203285217285,6.35,training
3hio,7.585148811340332,6.52,training
3hit,8.130364418029785,8.19,training
3hiv,8.001816749572754,8.12,training
3hiw,7.871554374694824,8.06,training
3hj0,6.500805854797362,5.71,training
3hjo,5.612738609313965,6.52,training
3hk1,5.892718315124513,6.17,training
3hkn,7.413010597229004,5.35,training
3hkq,6.64475154876709,5.34,training
3hku,8.325271606445312,8.3,training
3hkw,7.9376487731933585,8.64,training
3hl5,6.113648414611816,4.47,training
3hl7,8.223391532897951,7.64,training
3hl8,5.316105365753174,4.49,training
3hll,7.608765602111816,8.24,training
3hlo,6.205644607543945,6.21,training
3hmm,8.288955688476562,7.6,training
3hmo,6.668341636657715,7.52,training
3hmp,5.9934730529785165,5.49,training
3hmv,7.72023868560791,7.3,training
3hnb,6.099198341369629,5.11,training
3hng,7.466590881347656,6.74,training
3hnz,7.399360656738281,7.72,training
3ho2,6.669936180114746,6.95,training
3ho9,5.795177459716798,6.1,training
3hp2,7.186245918273926,6.17,training
3hp5,7.509102821350098,7.15,training
3hpt,8.594101905822754,8.19,training
3hq5,8.055588722229004,7.8,training
3hqh,5.474198341369629,4.2,training
3hqr,4.18886661529541,5.52,training
3hqw,7.1781368255615225,7.46,training
3hqy,7.899142265319824,7.94,training
3hqz,8.202954292297362,9.38,training
3hr1,8.236318588256836,9.43,training
3hrb,7.084747314453125,7.68,training
3hrf,5.436578750610352,4.99,training
3hs8,6.0581464767456055,5.3,training
3hs9,5.297728538513184,6.31,training
3hu1,5.577527046203613,6.89,training
3hu2,5.923308372497559,7.22,training
3hu3,5.761731147766112,6.89,training
3hub,7.764162063598633,8.09,training
3hv3,6.948624610900879,6.33,training
3hv4,7.3696956634521475,6.51,training
3hv5,7.031167030334473,7.02,training
3hv6,7.542044639587402,5.64,training
3hv7,7.077691078186035,7.92,training
3hv8,6.430224418640138,6.98,training
3hvc,5.769186973571777,6.22,training
3hvg,5.033000469207764,2.7,training
3hvh,8.139286041259767,8.52,training
3hvi,7.788175582885742,8.3,training
3hvj,8.532871246337889,8.7,training
3hvk,7.727627754211426,8.52,training
3hw1,4.601564884185791,3.06,training
3hwn,8.59398365020752,8.7,training
3hww,4.3871068954467765,7.12,training
3hwx,5.494611740112305,7.86,training
3hx3,8.260534286499022,8.0,training
3hxb,7.140098571777344,5.39,training
3hxc,7.745607376098633,5.28,training
3hxd,6.774638175964356,5.05,training
3hxe,6.9789161682128915,5.33,training
3hxf,7.009500503540039,4.96,training
3hxi,6.202714920043945,6.33,training
3hy5,6.978466987609862,7.7,training
3hy7,6.786374092102051,6.97,training
3hy9,7.0318641662597665,7.77,training
3hyf,6.803336143493652,5.92,training
3hyg,7.692765235900879,7.03,training
3hzk,5.178565502166748,6.7,training
3hzm,3.7826550006866455,5.52,training
3hzv,5.259328842163086,6.52,training
3hzy,4.95626163482666,7.0,training
3i02,4.770854473114014,7.52,training
3i06,7.408341407775879,9.7,training
3i0r,8.052352905273438,8.52,training
3i0s,8.885536193847656,9.0,training
3i1y,7.2835588455200195,8.15,training
3i25,7.781749725341798,8.51,training
3i28,7.774761199951173,8.22,training
3i3d,3.746892690658569,1.99,training
3i4a,5.895919799804688,4.28,training
3i51,7.474940299987793,7.7,training
3i5n,7.577054977416992,7.85,training
3i5r,5.973030090332031,4.4,training
3i60,8.130863189697267,8.7,training
3i6c,5.208654403686523,4.92,training
3i6m,7.798674583435059,6.46,training
3i6z,8.460408210754395,7.3,training
3i73,4.447439193725586,5.49,training
3i7b,7.187095642089844,7.18,training
3i7c,7.725895881652832,7.74,training
3i7g,7.88291072845459,6.37,training
3i7i,8.152754783630371,6.21,training
3i81,8.729948997497559,7.89,training
3i8t,3.5158579349517822,3.22,training
3i90,5.556256294250488,3.3,training
3i91,5.171331882476807,3.3,training
3i97,5.355060577392578,5.52,training
3ia6,7.696110725402832,8.52,training
3iad,8.545671463012695,9.0,training
3iae,5.773207664489746,3.89,training
3iaf,5.751157760620117,2.92,training
3iaw,5.862611770629883,5.8,training
3ibc,6.111053466796875,4.91,training
3ibi,7.575181007385254,8.59,training
3ibl,8.129429817199707,7.84,training
3ibn,7.211883544921875,7.61,training
3idp,8.459511756896973,8.8,training
3ie3,6.189316749572754,6.68,training
3iej,7.653384208679199,6.66,training
3ieo,5.157021522521973,6.48,training
3ies,8.308587074279785,9.92,training
3iet,6.597344398498535,6.85,training
3if7,5.150245666503906,7.21,training
3ifl,7.30809211730957,8.08,training
3ifo,6.967172622680664,7.26,training
3ifp,6.77915096282959,7.61,training
3ig1,5.891407012939452,6.14,training
3ig6,7.9567365646362305,7.6,training
3ig7,7.17711067199707,7.2,training
3igb,5.325387477874756,4.42,training
3igg,7.450439453125,7.18,training
3igp,7.899174690246582,7.02,training
3igv,7.340394020080566,7.6,training
3ihz,7.631636619567871,6.8,training
3ii5,7.335965156555176,7.62,training
3iit,8.197565078735353,8.02,training
3iiw,5.2195091247558585,4.44,training
3iiy,5.177935600280762,4.8,training
3ij0,4.9248809814453125,4.88,training
3ij1,5.277780532836914,4.7,training
3ijg,4.707570552825928,4.27,training
3ijh,5.234107971191406,4.0,training
3ijy,5.3061180114746085,6.04,training
3ijz,6.588946342468263,5.22,training
3ik1,5.330644607543945,4.85,training
3ik3,8.162792205810549,8.7,training
3ika,7.522839546203612,7.85,training
3ikc,4.717541694641113,7.46,training
3ikd,6.037649154663086,6.75,training
3ikg,6.610348701477051,7.24,training
3il5,7.34262752532959,5.8,training
3il6,7.634552001953125,6.57,training
3ilq,6.824244499206543,5.21,training
3ime,3.575535774230957,3.0,training
3img,3.973602294921875,2.96,training
3imy,8.561492919921875,9.7,training
3in3,6.678459167480469,7.22,training
3in4,7.267096519470215,7.52,training
3ind,6.647733688354492,5.82,training
3ine,6.40484619140625,6.77,training
3inf,6.994863510131836,7.4,training
3inh,7.309989929199219,7.7,training
3iny,5.49505615234375,3.66,training
3io7,8.932467460632324,7.77,training
3iob,5.02315616607666,3.42,training
3ioc,6.885394096374513,3.68,training
3iod,6.724795341491699,4.1,training
3ioe,5.548105239868164,3.27,training
3iog,6.488321304321289,5.52,training
3ioi,5.342479705810547,6.28,training
3iok,8.162087440490723,7.96,training
3ion,8.106757164001465,8.1,training
3iop,8.044719696044924,7.77,training
3ip5,5.769631385803223,6.22,training
3ip6,6.0821590423583975,6.6,training
3ip8,4.090640068054198,2.28,training
3ip9,5.36308479309082,5.62,training
3ipa,5.436079025268555,6.22,training
3ipb,6.606189727783202,6.7,training
3ipe,7.535940170288086,6.82,training
3iph,8.174941062927246,7.6,training
3ips,8.147037506103517,7.19,training
3ipu,8.012930870056152,7.32,training
3ipx,4.910750389099121,6.92,training
3ipy,7.768162727355957,6.29,training
3iqg,5.681295394897461,4.6,training
3iqh,5.498900413513184,4.59,training
3iqi,5.493208885192871,4.41,training
3iqj,6.020256042480469,4.93,training
3iqq,6.1993370056152335,5.54,training
3iqu,5.7188568115234375,4.77,training
3iqv,5.665193557739258,5.18,training
3irx,8.334951400756836,9.0,training
3is9,7.444777488708496,6.42,training
3isj,5.100875377655028,3.68,training
3iss,5.399252414703369,6.05,training
3isw,6.461356163024902,4.05,training
3itc,3.8574657440185542,1.6,training
3ith,5.7066612243652335,8.1,training
3itu,5.343932628631592,4.4,training
3itz,8.258225440979004,8.85,training
3iu7,6.51865291595459,4.8,training
3iu8,6.7563982009887695,6.24,training
3iu9,7.328923225402832,6.62,training
3iub,5.669150352478027,4.54,training
3iuc,5.378664970397949,5.66,training
3iut,7.333714485168457,6.34,training
3iux,7.664164543151855,7.6,training
3ivc,6.698843955993652,4.12,training
3ivh,7.461234092712402,7.33,training
3ivi,7.718292236328125,7.92,training
3ivq,5.77219295501709,4.12,training
3ivv,5.435693740844727,5.43,training
3ivx,6.959342002868652,5.74,training
3iw4,7.8921260833740225,8.68,training
3iw5,7.513826370239258,6.08,training
3iw6,6.790506362915039,5.48,training
3iw7,7.245499610900879,5.64,training
3iw8,5.943561553955077,4.87,training
3iww,8.172532081604004,7.96,training
3iwy,7.629059791564941,7.28,training
3ixg,6.689358711242676,7.57,training
3ixj,8.494236946105957,9.49,training
3ixk,8.242361068725586,8.18,training
3jpv,6.260957717895508,6.92,training
3jpx,5.494616508483887,3.63,training
3jq7,6.171548843383789,5.92,training
3jq8,4.947099208831787,4.46,training
3jq9,6.365944862365723,6.4,training
3jqa,4.129846096038818,4.46,training
3jqb,6.5733394622802725,6.02,training
3jqf,3.5130460262298584,4.46,training
3jqg,5.535502433776856,4.74,training
3jrs,5.90842342376709,4.28,training
3jrx,8.362682342529299,9.0,training
3jsi,8.149320602416992,8.68,training
3jsw,7.792357444763184,7.18,training
3juk,5.327286720275879,4.89,training
3jup,6.362264633178711,5.58,training
3jvk,4.267642021179198,3.93,training
3jwq,7.885100364685059,7.6,training
3jwr,6.164456367492676,8.07,training
3jxw,7.912675857543945,9.0,training
3jy9,8.123096466064451,9.0,training
3jyj,5.879213333129883,5.74,training
3jyr,5.768862724304199,5.54,training
3jzb,8.874043464660645,9.01,training
3jzc,8.165546417236326,8.53,training
3jzf,7.4464006423950195,5.3,training
3jzh,4.851318836212158,3.4,training
3jzi,7.484404563903809,5.3,training
3jzj,6.004204750061035,3.61,training
3jzk,6.47918701171875,5.91,training
3jzo,7.458304405212402,8.52,training
3jzp,7.275723457336426,6.6,training
3jzq,6.922553062438965,6.96,training
3jzr,7.427253723144531,7.44,training
3jzs,7.117337226867676,8.1,training
3k00,6.35191535949707,5.77,training
3k05,5.0628437995910645,4.85,training
3k0h,4.702970504760742,4.6,training
3k0k,4.837739944458008,5.43,training
3k15,4.82346248626709,4.92,training
3k16,4.738273620605469,5.8,training
3k22,7.987809181213379,7.9,training
3k23,8.836217880249023,8.2,training
3k26,4.749177932739258,3.4,training
3k27,5.304166316986084,4.44,training
3k2f,7.463743209838867,7.2,training
3k37,8.675737380981445,8.92,training
3k39,9.122172355651855,8.08,training
3k3a,6.297394752502441,7.08,training
3k3b,6.931519508361816,6.7,training
3k3e,8.029862403869629,7.66,training
3k3g,3.515721559524536,2.85,training
3k3h,8.114296913146973,7.06,training
3k3i,6.59765625,5.72,training
3k3j,6.736285209655763,4.9,training
3k41,3.8826999664306636,0.82,training
3k48,7.487496376037598,6.31,training
3k4d,4.911829948425293,5.11,training
3k4q,7.5657691955566415,5.34,training
3k54,8.257131576538086,9.0,training
3k5c,8.060198783874513,7.77,training
3k5d,6.769770622253418,7.28,training
3k5f,7.188111305236816,5.43,training
3k5g,8.359148025512695,8.6,training
3k5i,4.618704795837402,4.7,training
3k5k,6.649256706237793,7.64,training
3k5u,7.820357322692871,6.51,training
3k5x,7.308945655822754,6.41,training
3k7f,8.484002113342285,7.7,training
3k83,8.030007362365723,7.66,training
3k84,8.74134635925293,8.52,training
3k8c,4.007081985473634,2.92,training
3k8d,3.921838760375977,5.77,training
3k8o,8.94432258605957,11.07,training
3k8q,8.328461647033691,11.28,training
3k97,6.7402896881103525,8.0,training
3k98,7.660927772521973,9.0,training
3k9x,8.355106353759767,8.4,training
3ka2,6.046021461486816,6.62,training
3kab,4.209634304046632,3.2,training
3kac,4.547532081604004,3.13,training
3kad,6.132828712463379,5.12,training
3kaf,5.810194969177246,6.08,training
3kag,6.023364067077638,5.18,training
3kah,7.111710548400879,6.59,training
3kai,5.71253776550293,5.41,training
3kb3,6.346725463867188,6.82,training
3kb7,7.934739112854004,8.15,training
3kba,8.234909057617188,7.8,training
3kbz,6.717109680175781,6.91,training
3kc0,5.86988639831543,7.92,training
3kc1,6.910654067993164,9.0,training
3kc3,7.956972122192383,6.8,training
3kce,3.7871639728546143,4.8,training
3kcf,8.007441520690918,7.46,training
3kck,7.748944282531737,9.1,training
3kd7,4.757214546203613,3.7,training
3kdb,10.469381332397461,9.85,training
3kdc,10.172762870788574,9.28,training
3kdd,8.692008018493652,8.46,training
3kdt,6.2905473709106445,6.59,training
3kdu,6.92326545715332,6.46,training
3kec,7.436849594116211,7.24,training
3ked,3.7754428386688232,2.44,training
3kej,7.5953330993652335,7.12,training
3kek,8.116019248962402,8.36,training
3ken,5.997970581054688,5.4,training
3kf4,8.216238975524902,9.3,training
3kf7,7.63752555847168,7.4,training
3kfa,8.192615509033201,7.6,training
3kfc,8.29746150970459,8.55,training
3kfn,7.710906028747559,4.74,training
3kga,7.80633544921875,7.21,training
3kgq,4.088212490081787,2.3,training
3kgt,6.761697769165039,5.51,training
3kgu,6.525857925415039,5.92,training
3khj,5.67624568939209,7.55,training
3khv,3.6912021636962886,1.85,training
3kid,4.713113784790039,3.18,training
3kig,6.998838424682617,6.61,training
3kiv,3.78778338432312,4.7,training
3kjd,7.480915069580077,8.54,training
3kjf,8.027545928955076,4.87,training
3kjn,7.590025901794434,5.19,training
3kjq,6.284576416015625,5.88,training
3kku,5.888315200805664,5.7,training
3kl6,8.388182640075684,8.46,training
3kl8,5.151191711425781,6.92,training
3km4,7.014334678649902,8.89,training
3kme,6.807433128356934,6.14,training
3kmm,7.878287315368652,9.7,training
3kmx,5.208762168884277,4.82,training
3kn0,5.089681625366211,3.6,training
3koo,8.079649925231934,7.82,training
3kpu,3.934006929397583,3.16,training
3kpv,4.3139896392822275,3.74,training
3kpw,4.4149208068847665,4.85,training
3kqa,5.254990100860597,4.85,training
3kqb,9.31941032409668,9.3,training
3kqc,9.52769947052002,8.66,training
3kqd,9.4175443649292,9.4,training
3kqe,9.268922805786133,8.09,training
3kqm,3.438849925994873,3.77,training
3kqo,4.314166069030762,3.85,training
3kqp,4.325615882873535,3.42,training
3kqr,4.380464553833009,4.43,training
3kqs,5.024488925933838,5.2,training
3kqt,5.320015907287598,5.34,training
3kqw,4.8407559394836435,4.01,training
3kqy,4.028482437133788,4.82,training
3kr0,5.1610517501831055,4.7,training
3kr1,6.006549835205077,5.74,training
3kr2,5.0159945487976065,5.14,training
3kr4,5.4510040283203125,7.6,training
3kr5,6.44515323638916,7.89,training
3krd,5.840437889099121,8.17,training
3krj,7.540806770324707,8.96,training
3krl,8.147797584533691,9.1,training
3krr,8.819609642028809,9.32,training
3krw,7.011324882507324,7.38,training
3krx,6.894182205200195,7.38,training
3kry,8.516561508178711,10.0,training
3ksl,6.53011417388916,4.52,training
3ksq,7.187548637390138,9.42,training
3ktr,6.028559684753418,6.15,training
3kvw,6.942824363708496,6.89,training
3kvx,8.285348892211914,6.83,training
3kw9,7.330293655395508,9.0,training
3kwb,8.358150482177733,7.77,training
3kwf,8.347365379333496,8.17,training
3kwj,8.209177017211914,9.3,training
3kwn,7.060192108154298,6.82,training
3kwz,7.66252326965332,8.4,training
3kx1,7.1785945892333975,7.0,training
3kxz,7.8872413635253915,7.46,training
3kyf,5.017347812652588,6.78,training
3kyg,5.81141471862793,7.46,training
3kyr,6.685515403747559,6.72,training
3kze,5.778700828552246,3.95,training
3l08,8.899456977844238,10.22,training
3l0e,8.768516540527344,8.0,training
3l0k,5.74471378326416,4.62,training
3l0n,4.4590415954589835,2.77,training
3l13,8.374330520629883,7.82,training
3l16,8.28610897064209,7.48,training
3l17,8.319660186767576,8.28,training
3l1n,5.963420867919923,5.63,training
3l1s,7.862362861633301,8.7,training
3l2y,4.969218254089356,4.49,training
3l38,7.525826454162598,7.0,training
3l3a,7.149460792541504,6.38,training
3l3m,7.1901493072509775,8.22,training
3l3q,6.4085636138916025,7.27,training
3l3x,5.658261299133301,6.15,training
3l3z,5.613823890686035,4.87,training
3l4t,6.9808616638183585,5.42,training
3l4v,7.175943374633789,6.72,training
3l4x,6.668537139892577,6.89,training
3l4y,6.990145683288574,7.0,training
3l4z,7.974854469299316,6.72,training
3l54,7.993446350097656,8.15,training
3l58,7.4278812408447275,8.1,training
3l59,4.797698497772217,3.7,training
3l5b,5.098599910736084,3.91,training
3l5c,5.724681854248048,5.15,training
3l5d,5.857492446899414,4.11,training
3l5e,7.2856101989746085,7.57,training
3l5f,6.886335372924805,6.22,training
3l5r,7.036999702453612,7.42,training
3l6f,6.497652053833008,6.99,training
3l6x,5.138735771179199,4.4,training
3l79,4.082213401794434,2.46,training
3l7a,5.369261741638184,4.33,training
3l7c,3.90203595161438,2.44,training
3l7g,5.069056510925293,3.3,training
3l81,5.7051353454589835,4.53,training
3l8s,7.752761840820312,7.0,training
3l8v,8.311489105224611,8.1,training
3l8x,7.774551391601562,8.0,training
3l9h,7.800621032714844,8.1,training
3l9l,8.284406661987305,6.78,training
3l9m,8.300503730773926,7.3,training
3l9n,8.111079216003418,8.07,training
3lau,6.415275573730469,4.52,training
3lbj,7.385011672973633,4.96,training
3lbk,6.695178031921388,6.04,training
3lbl,6.681546211242676,7.44,training
3lbz,5.584325790405273,3.86,training
3lc3,5.4698896408081055,5.23,training
3lc5,6.9814109802246085,6.57,training
3lcd,7.541450500488281,7.4,training
3lce,5.560132026672363,3.81,training
3lco,8.308073043823242,6.84,training
3lcu,5.866259574890138,3.52,training
3lcv,6.444244384765625,4.74,training
3ldw,6.210775375366211,7.97,training
3le6,7.1675376892089835,7.46,training
3le8,6.467527389526367,6.07,training
3lea,7.752091407775879,9.1,training
3lf0,5.427024841308594,5.71,training
3lfn,7.522157669067383,5.5,training
3lfs,6.5906925201416025,5.6,training
3lgl,4.5060248374938965,6.05,training
3lgp,8.251438140869139,8.7,training
3lgs,4.700770378112793,4.61,training
3lhg,6.9090070724487305,7.7,training
3lhj,8.145987510681152,9.51,training
3lhs,7.994845390319824,9.0,training
3li2,8.326725006103517,9.0,training
3lik,7.516148567199707,8.72,training
3lil,7.49100399017334,8.08,training
3lir,7.3994503021240225,6.92,training
3liw,7.97585391998291,7.6,training
3lj3,8.229970932006836,9.03,training
3lj7,5.658397674560548,8.34,training
3ljj,6.5891456604003915,6.52,training
3ljo,6.6161394119262695,6.62,training
3ljt,7.5141963958740225,6.89,training
3lk0,5.464701652526856,3.16,training
3lk1,4.499720573425293,4.26,training
3lk8,7.359413146972656,7.71,training
3lkh,7.56009578704834,6.1,training
3lkj,7.495573997497559,4.6,training
3lkz,4.95639705657959,6.15,training
3ll8,5.481917381286621,6.4,training
3lle,6.0349626541137695,4.97,training
3llm,5.983933448791504,4.74,training
3lm1,4.8840837478637695,4.7,training
3lmk,4.515649795532227,5.94,training
3lmp,7.430392265319824,6.21,training
3lnj,6.760261535644531,6.66,training
3lnk,7.168513298034668,5.94,training
3lnz,7.817084312438965,9.31,training
3lok,6.123058319091798,6.92,training
3loo,5.902831077575684,6.07,training
3lox,7.4214324951171875,8.1,training
3lp0,6.1903038024902335,6.96,training
3lp1,6.29581356048584,6.92,training
3lp2,7.6666603088378915,6.66,training
3lp4,3.641631364822388,4.88,training
3lp7,5.039449691772461,5.44,training
3lpb,8.112362861633299,7.38,training
3lpf,6.456544876098633,6.68,training
3lpg,6.75417423248291,6.16,training
3lpj,7.859467506408691,6.92,training
3lpk,8.077796936035156,9.1,training
3lpl,4.618080139160156,5.62,training
3lpp,6.733481407165527,6.22,training
3lpr,7.324336051940918,5.96,training
3lpt,4.789551734924316,4.91,training
3lpu,5.725726127624513,5.86,training
3lq2,5.695157051086426,5.22,training
3lq4,6.0578346252441415,5.22,training
3lq5,8.209590911865233,6.96,training
3lq8,9.303650856018066,9.4,training
3lqi,5.6108436584472665,5.16,training
3lqj,6.081439018249513,5.37,training
3lrh,6.274524688720702,7.35,training
3ls4,6.705044746398926,6.3,training
3luo,5.246777534484863,6.95,training
3lvp,7.5254154205322275,8.7,training
3lvw,4.47335958480835,2.67,training
3lw0,7.404583930969237,6.4,training
3lxe,7.6698760986328125,6.6,training
3lxg,7.486035346984862,8.14,training
3lxl,8.322945594787598,8.3,training
3lxo,4.521105766296387,4.82,training
3lxs,7.602851867675781,8.1,training
3ly2,8.039565086364746,8.3,training
3lzb,8.619653701782228,7.2,training
3lzs,10.296077728271484,10.96,training
3lzu,10.059891700744627,10.06,training
3lzv,10.441019058227539,10.59,training
3lzz,6.1959571838378915,3.84,training
3m11,7.053023338317871,7.37,training
3m17,6.15192985534668,7.4,training
3m1j,4.2307233810424805,4.82,training
3m1k,5.240328311920166,5.39,training
3m1s,9.04768180847168,9.0,training
3m2u,6.3207969665527335,7.0,training
3m2w,7.895577430725098,8.52,training
3m3c,5.162541389465332,4.06,training
3m3e,5.184130668640137,4.43,training
3m3o,5.265383720397949,3.6,training
3m3r,5.6022796630859375,6.32,training
3m3z,5.264588356018066,5.73,training
3m40,8.072032928466799,6.77,training
3m53,5.895263671875,5.31,training
3m54,5.712080955505371,5.89,training
3m55,5.430380821228027,6.21,training
3m56,5.670445442199707,4.15,training
3m57,5.58099365234375,5.4,training
3m58,5.701762199401856,5.48,training
3m59,5.599989891052246,5.24,training
3m5a,5.781808853149414,4.96,training
3m5e,8.369379997253418,7.37,training
3m67,8.362478256225586,6.74,training
3m6f,7.693123817443848,8.6,training
3m6p,7.619053840637207,8.35,training
3m6q,7.3747920989990225,7.32,training
3m6r,7.3844547271728525,7.49,training
3m89,5.655949592590332,6.16,training
3m8p,8.142087936401367,8.68,training
3m8q,8.631011962890625,9.52,training
3m8t,5.431865692138672,4.0,training
3m93,5.910722732543945,6.62,training
3m94,5.424417018890381,5.08,training
3m96,8.659139633178711,7.22,training
3m9f,9.636970520019533,11.15,training
3ma3,6.326904296875,7.22,training
3mag,3.3476803302764893,4.07,training
3mam,3.470331907272339,4.12,training
3max,7.812714576721191,6.05,training
3mb6,6.570722579956055,7.0,training
3mb7,7.090292930603027,6.7,training
3mbl,7.2118988037109375,7.74,training
3mbp,5.6519813537597665,6.8,training
3mbz,7.208747863769531,5.8,training
3mct,2.9248261451721187,4.07,training
3mdz,7.519068717956543,9.1,training
3me9,5.384827613830566,6.3,training
3mea,5.368399620056152,6.3,training
3met,5.6996402740478525,6.0,training
3meu,5.427343368530273,6.3,training
3mf5,7.0874595642089835,5.36,training
3mfw,3.942645072937012,3.52,training
3mg0,6.440561294555664,9.25,training
3mg4,7.352190017700195,9.3,training
3mg6,6.67368221282959,7.89,training
3mg7,6.482922554016112,7.89,training
3mg8,7.842437744140625,8.92,training
3mhc,7.6337013244628915,7.96,training
3mhi,8.244015693664549,6.7,training
3mhl,7.692709922790527,7.25,training
3mhm,7.712770462036133,7.0,training
3mi2,5.586215019226074,7.77,training
3mi3,5.88509464263916,5.45,training
3mj1,7.57554817199707,7.82,training
3mj2,8.170845985412598,7.82,training
3mj5,6.8707008361816415,6.49,training
3mjl,3.0260539054870605,2.44,training
3mke,6.812858581542969,5.66,training
3mkf,5.311722755432129,4.77,training
3mkn,6.93586540222168,4.12,training
3mks,5.319877624511719,5.72,training
3ml2,8.125633239746094,8.05,training
3ml4,6.930923461914063,5.33,training
3mlb,6.212465286254883,4.8,training
3mle,5.368188858032227,5.24,training
3mmf,8.467976570129395,7.43,training
3mmr,5.671476364135742,4.96,training
3mn8,7.667503356933594,6.17,training
3mnu,7.349907875061035,7.32,training
3mo0,7.1026811599731445,6.81,training
3mo2,7.3018226623535165,6.61,training
3mo5,6.596515655517577,6.87,training
3mo8,6.126374244689941,3.1,training
3mof,3.1903388500213623,3.07,training
3moh,3.5230121612548833,2.84,training
3mp1,5.014703273773193,6.1,training
3mp6,4.648840427398682,5.96,training
3mpe,7.378067970275879,7.4,training
3mpf,7.226428985595702,6.37,training
3mpm,7.962555885314941,7.52,training
3mpt,7.822214126586914,6.6,training
3mqf,4.2797183990478525,5.24,training
3mrt,4.983003616333008,3.7,training
3mrv,5.46859073638916,3.74,training
3mrx,5.756405830383301,3.39,training
3ms2,6.07744026184082,3.72,training
3ms4,5.826560020446777,3.28,training
3ms7,5.65636157989502,3.43,training
3ms9,5.8193416595458975,5.22,training
3msc,4.539247989654541,3.31,training
3msj,4.717820167541504,3.11,training
3msk,5.658238410949707,4.59,training
3msl,5.817395210266112,5.15,training
3mt7,5.563874244689941,4.03,training
3mt8,5.55379581451416,4.55,training
3mt9,5.480319023132324,4.59,training
3mta,6.0222272872924805,4.3,training
3mtb,5.685685157775879,4.63,training
3mtd,4.541303634643555,3.47,training
3mtw,6.01103401184082,7.04,training
3muf,5.02976131439209,6.49,training
3muk,4.598685264587402,3.42,training
3mv5,6.6899471282958975,6.74,training
3mvh,9.011436462402344,9.3,training
3mvj,5.825604438781737,5.49,training
3mvl,7.529369354248048,7.89,training
3mvm,7.825087547302246,8.41,training
3mw1,7.983733177185059,9.09,training
3mwe,3.2532668113708496,1.54,training
3mwu,7.496356964111327,8.05,training
3mww,6.3845767974853525,7.24,training
3mxc,5.878427505493164,6.54,training
3mxd,9.51056671142578,8.83,training
3mxe,9.557286262512207,10.01,training
3mxf,6.834550857543945,7.31,training
3mxr,5.452723503112793,4.95,training
3mxs,5.4149742126464835,5.01,training
3mxy,5.413704872131348,6.41,training
3my1,6.08872127532959,5.45,training
3my5,5.585082054138184,4.19,training
3myq,8.751394271850586,7.52,training
3mz3,6.6469459533691415,7.83,training
3mz6,6.3042192459106445,7.2,training
3mzc,8.16143798828125,6.65,training
3n0h,6.793630599975586,6.21,training
3n0n,8.478363990783691,7.3,training
3n1v,4.51039457321167,3.3,training
3n1w,4.838964462280273,3.3,training
3n23,6.662957191467285,8.52,training
3n2c,5.08726692199707,5.12,training
3n2e,6.468475341796875,4.96,training
3n2u,7.2608909606933585,7.84,training
3n35,3.7624282836914062,3.37,training
3n3g,6.554779052734375,7.24,training
3n3j,8.052170753479004,8.48,training
3n3l,4.424182415008545,3.3,training
3n45,4.907000541687012,3.3,training
3n46,5.3345985412597665,4.3,training
3n49,5.268725395202637,5.15,training
3n4b,8.3873291015625,7.02,training
3n4c,8.078851699829103,8.02,training
3n4l,7.76210880279541,7.23,training
3n51,8.482341766357424,7.82,training
3n5e,5.923171043395996,6.82,training
3n5h,5.787858009338379,5.7,training
3n5j,5.487702369689941,5.22,training
3n5k,7.599120140075684,9.7,training
3n5u,5.508100509643555,5.92,training
3n6k,5.25212287902832,6.74,training
3n75,6.810097694396973,7.89,training
3n7o,6.37050724029541,7.14,training
3n7r,8.168002128601074,7.7,training
3n7s,7.313286781311035,7.7,training
3n87,6.505857467651367,4.96,training
3n8k,3.5614745616912837,4.05,training
3n8n,5.391530990600586,4.57,training
3n9r,6.434099197387695,7.15,training
3n9s,6.7808265686035165,5.26,training
3nal,7.068471908569336,8.1,training
3nam,6.529632568359375,8.46,training
3nan,8.717727661132812,8.22,training
3nb5,7.546051979064941,7.74,training
3nba,5.625848770141602,3.41,training
3nc4,4.471643924713135,4.58,training
3nc9,7.3408241271972665,6.48,training
3ncg,7.001128196716309,6.82,training
3ncq,5.766970634460449,5.36,training
3ncr,5.439580917358398,4.11,training
3ncz,7.5507659912109375,7.82,training
3ndm,7.041773796081543,7.96,training
3nee,6.60794734954834,5.34,training
3nef,7.580764770507812,5.94,training
3neg,6.985107421875,5.94,training
3neo,6.890687942504883,5.92,training
3nes,6.653380393981934,5.62,training
3new,7.414645195007324,5.0,training
3nex,6.696859359741211,6.0,training
3nf3,6.376053810119629,6.2,training
3nf6,5.568434715270996,3.53,training
3nf7,4.985478401184082,3.47,training
3nf8,6.556244850158691,3.0,training
3nf9,5.367371559143066,3.54,training
3nfk,5.602296829223633,3.8,training
3nfl,5.02606201171875,4.38,training
3ng4,3.687642812728882,5.43,training
3nga,7.434699058532715,8.0,training
3nhi,8.079774856567383,8.43,training
3ni5,7.455279350280763,7.55,training
3nif,5.782166481018066,5.1,training
3nii,4.9466633796691895,4.23,training
3nij,5.058712959289551,4.89,training
3nik,5.495570182800293,3.45,training
3nil,4.847026348114014,3.46,training
3nim,5.31626033782959,4.75,training
3nin,5.199667453765869,4.91,training
3njq,5.842979431152344,4.89,training
3njy,6.295316696166992,5.77,training
3nk8,4.4486427307128915,3.0,training
3nkk,4.968698024749756,4.7,training
3nkx,5.688714027404785,5.12,training
3nlb,7.9185752868652335,7.46,training
3nm6,4.7565879821777335,1.35,training
3nmq,7.905417442321777,9.7,training
3nnu,8.235749244689941,7.32,training
3nnv,8.029881477355957,7.57,training
3nnw,7.928407669067383,8.05,training
3nnx,7.647307395935059,7.96,training
3nok,5.332955360412598,4.19,training
3np7,5.01165246963501,4.02,training
3np9,4.910880088806152,4.4,training
3npa,4.596792221069336,3.87,training
3npc,8.551112174987793,8.34,training
3nrm,8.285984039306639,8.4,training
3nrz,4.123032569885254,5.34,training
3ns7,7.898569107055664,8.33,training
3ns9,8.158167839050293,8.52,training
3nsh,7.285682678222656,6.33,training
3nsn,5.439626693725586,7.19,training
3nsq,4.528323173522949,5.21,training
3nth,5.3603620529174805,4.32,training
3nti,5.91041374206543,5.22,training
3ntp,6.217368125915527,4.92,training
3nu3,9.223332405090332,9.82,training
3nu6,9.363889694213867,9.3,training
3nu9,9.395930290222168,9.05,training
3nuj,9.686933517456056,9.39,training
3nuo,9.812597274780273,9.8,training
3nus,3.778432130813599,3.51,training
3nuu,4.3847599029541025,3.77,training
3nuy,4.370136260986328,3.46,training
3nw3,5.766058921813965,6.49,training
3nw5,7.344998359680176,5.08,training
3nw6,7.628602981567383,8.15,training
3nw7,8.697404861450195,8.28,training
3nwb,8.01164722442627,7.96,training
3nwe,7.822413444519043,7.6,training
3nww,8.212526321411133,8.15,training
3nxq,6.83306884765625,8.15,training
3ny3,5.007032871246338,4.71,training
3nyd,5.262195587158203,3.48,training
3nyn,5.45075798034668,6.0,training
3nyx,7.5576677322387695,7.49,training
3nzc,7.438730239868164,7.02,training
3nzi,6.188914299011231,5.59,training
3nzk,8.371817588806152,9.27,training
3nzs,8.359330177307129,7.12,training
3nzu,7.9759178161621085,8.85,training
3nzw,5.937609672546388,5.82,training
3nzx,6.08835506439209,5.17,training
3o0e,5.930055618286133,5.74,training
3o0g,6.927901268005371,6.22,training
3o0j,7.518597602844237,7.19,training
3o0u,7.3541221618652335,7.92,training
3o1d,5.615156173706055,5.74,training
3o1e,5.74984073638916,5.74,training
3o1g,7.353711128234862,9.0,training
3o23,7.601581573486327,6.3,training
3o2m,5.8410377502441415,4.8,training
3o3j,6.443911552429199,6.4,training
3o4k,7.204745292663574,7.62,training
3o4l,6.093427658081055,5.09,training
3o56,8.109651565551758,9.1,training
3o57,8.094991683959961,10.1,training
3o5n,6.321268081665039,4.76,training
3o64,7.287687301635742,9.4,training
3o6l,6.81502628326416,7.51,training
3o6m,6.857989311218263,7.48,training
3o6t,4.926868915557861,5.22,training
3o75,5.503084182739258,6.68,training
3o7u,6.771575927734375,7.28,training
3o84,6.855124473571777,7.24,training
3o86,7.145008087158202,7.15,training
3o87,7.4085140228271475,7.6,training
3o88,7.289497375488281,6.37,training
3o8g,7.0247344970703125,5.13,training
3o8h,6.967133522033691,6.24,training
3o8p,7.000287055969237,6.46,training
3o95,7.3005523681640625,8.28,training
3o96,7.736584663391112,7.24,training
3o9a,10.363993644714355,10.7,training
3o9b,10.829082489013672,12.3,training
3o9c,10.752750396728516,12.05,training
3o9d,10.733966827392578,10.72,training
3o9e,10.215414047241213,11.3,training
3o9f,10.73939609527588,12.7,training
3o9g,10.656259536743164,12.3,training
3o9h,10.455771446228027,12.1,training
3o9l,8.316545486450195,9.66,training
3o9p,5.3704986572265625,6.52,training
3o9v,6.933516502380371,7.74,training
3oad,8.702637672424316,9.62,training
3oag,8.851810455322266,9.51,training
3oap,6.06411075592041,6.26,training
3oaw,7.896842002868652,8.15,training
3oay,3.4686532020568848,1.7,training
3ob0,4.865826606750488,3.0,training
3ob1,6.595330238342285,5.42,training
3ob2,6.066526412963867,4.59,training
3obq,4.896604537963867,3.54,training
3obu,5.00371789932251,4.3,training
3oc0,7.176332473754883,6.28,training
3ocb,7.695258140563965,8.3,training
3ocg,7.999411582946777,8.52,training
3ocp,6.626832962036133,7.57,training
3oct,8.737207412719728,8.3,training
3ocz,5.659425735473633,7.46,training
3od0,7.338485717773437,7.92,training
3odi,6.94191837310791,7.82,training
3odk,3.5705230236053467,3.14,training
3odl,7.26295280456543,7.21,training
3odu,7.880942344665527,8.14,training
3oe0,7.329276084899902,8.6,training
3oe6,7.7096614837646475,8.09,training
3oe8,7.808346748352051,8.14,training
3oe9,8.050411224365233,8.18,training
3oeu,6.984844207763673,7.51,training
3oev,6.2922306060791025,8.13,training
3of8,7.949067115783691,9.22,training
3og7,7.929196357727051,7.51,training
3ogm,7.393817901611327,7.32,training
3ogp,8.579642295837402,7.44,training
3ogq,8.583430290222168,7.52,training
3ogx,6.787261962890625,6.48,training
3ohf,8.216198921203612,7.03,training
3ohh,8.665450096130371,7.74,training
3oik,8.525511741638184,6.17,training
3oil,7.8753299713134775,5.68,training
3oim,8.249293327331543,6.74,training
3oj8,8.726127624511719,8.36,training
3ok9,10.531635284423828,11.23,training
3oka,5.140759468078613,4.72,training
3okc,5.327855110168457,4.44,training
3okh,6.359501838684082,5.24,training
3oki,8.372349739074707,7.15,training
3okp,5.322268009185791,4.72,training
3oku,8.182459831237793,6.36,training
3okv,7.440981864929199,6.23,training
3old,6.8751468658447275,5.9,training
3ole,7.0756187438964835,7.83,training
3olf,8.669624328613281,7.7,training
3olg,7.1934452056884775,7.84,training
3oli,6.8723697662353525,7.38,training
3omc,5.26463794708252,5.0,training
3omg,5.156439781188965,4.72,training
3omm,8.880596160888672,7.43,training
3oob,5.347525596618652,4.67,training
3oof,8.497788429260254,7.3,training
3ook,8.911870002746582,8.4,training
3oot,7.696705818176269,8.7,training
3ooz,7.2391395568847665,7.85,training
3opm,7.4849748611450195,6.62,training
3opp,4.568653583526611,6.28,training
3opr,4.724823474884033,6.59,training
3oq5,4.268710136413573,4.55,training
3oqf,6.410591125488281,7.04,training
3oqk,6.693220138549805,6.38,training
3orn,7.809623718261719,9.62,training
3os3,7.3315229415893555,6.63,training
3osi,6.106991767883301,5.22,training
3osw,6.488859176635742,6.15,training
3ot3,8.408975601196289,8.3,training
3ot8,8.397821426391603,8.05,training
3otf,6.539131164550781,6.08,training
3otq,8.126938819885254,7.39,training
3otx,5.39581298828125,4.53,training
3ouh,7.859021186828612,7.1,training
3oui,6.17236328125,4.9,training
3ouj,6.267819404602051,6.05,training
3ovx,6.57740592956543,7.51,training
3ovz,7.824187278747559,8.06,training
3ow3,7.955025672912598,6.13,training
3ow4,8.077778816223145,7.66,training
3ow6,5.4331159591674805,6.66,training
3owb,7.9735374450683585,7.72,training
3owd,7.4755897521972665,7.52,training
3owk,6.78358268737793,5.82,training
3owl,6.897801399230957,6.17,training
3oxc,8.316806793212889,8.41,training
3oxi,5.727938652038574,5.66,training
3oxz,8.289922714233397,8.07,training
3oy0,7.8133888244628915,8.0,training
3oy1,8.465530395507812,7.8,training
3oy3,7.581011772155763,7.45,training
3oy8,4.0206451416015625,3.66,training
3oyl,7.222725868225098,6.7,training
3oyn,7.149629592895508,7.6,training
3oyp,7.07265567779541,8.7,training
3oyq,8.223003387451174,7.99,training
3oys,8.566839218139647,8.05,training
3oz1,7.231627464294434,8.7,training
3ozg,7.641018867492676,9.19,training
3ozp,6.808363914489746,6.62,training
3ozr,5.0124359130859375,5.15,training
3p0g,8.254361152648926,10.08,training
3p17,6.016907691955566,4.48,training
3p1d,3.6974711418151855,2.64,training
3p23,5.816326141357423,4.42,training
3p2h,4.65162992477417,5.44,training
3p2k,6.2511491775512695,4.7,training
3p3h,8.758813858032228,7.44,training
3p3j,8.371707916259767,7.92,training
3p3r,7.02238655090332,7.25,training
3p3s,7.661391258239746,7.59,training
3p3u,6.93011474609375,6.48,training
3p44,7.977753639221191,8.01,training
3p4f,5.405144691467285,5.66,training
3p4q,2.884352445602417,6.52,training
3p4r,3.2380948066711426,2.72,training
3p4v,6.765697479248048,5.1,training
3p4w,3.954549551010132,4.57,training
3p50,4.883204460144043,4.62,training
3p55,8.24964427947998,7.1,training
3p5k,7.093025207519531,7.12,training
3p5l,7.094106674194336,7.39,training
3p76,8.247486114501951,8.68,training
3p78,7.223600387573242,6.96,training
3p79,7.125044822692871,5.64,training
3p7a,7.209961891174316,6.28,training
3p7b,7.411952018737793,7.74,training
3p7c,7.2263755798339835,7.66,training
3p7i,6.7875518798828125,7.7,training
3p8e,5.5950422286987305,5.15,training
3p8h,5.823199272155763,5.3,training
3p8n,8.003781318664549,9.28,training
3p8o,7.537232398986816,8.72,training
3p8p,5.231340408325195,4.55,training
3p9h,5.654130935668945,5.06,training
3p9j,6.855112075805664,7.51,training
3p9l,6.4081172943115225,5.3,training
3p9m,6.611278533935548,5.0,training
3p9t,6.1031494140625,6.2,training
3pa3,8.655847549438478,9.0,training
3pa4,8.151884078979492,8.52,training
3pa5,8.081624031066895,8.7,training
3pa8,4.703471183776856,5.75,training
3pab,6.0682334899902335,4.7,training
3pax,4.451296329498291,5.0,training
3pb3,6.475837707519531,6.22,training
3pb8,4.776810169219972,5.24,training
3pb9,4.526063442230225,6.58,training
3pbb,6.9267683029174805,7.02,training
3pcb,3.7498698234558105,2.4,training
3pcc,4.1281185150146475,3.62,training
3pcg,4.132682800292969,2.3,training
3pch,4.7411766052246085,5.4,training
3pcj,6.146620750427246,7.22,training
3pck,5.884092330932617,6.7,training
3pcn,5.694903373718263,3.66,training
3pcu,8.203084945678711,5.29,training
3pd2,4.888907432556152,5.47,training
3pd3,5.049857139587402,4.44,training
3pd4,5.794503211975098,4.48,training
3pd8,6.080960273742676,6.46,training
3pd9,5.983482360839844,6.22,training
3pdc,6.586106300354004,7.49,training
3pdh,5.478504180908203,6.74,training
3pdq,8.077302932739258,6.74,training
3pe1,7.701416969299316,9.65,training
3peq,7.85455322265625,7.5,training
3pfp,6.6214027404785165,6.44,training
3phe,7.355420112609862,7.8,training
3pi5,6.733065605163574,6.02,training
3pix,6.68294620513916,7.0,training
3piy,7.058412551879883,6.54,training
3piz,7.0887107849121085,5.46,training
3pj1,8.163115501403809,7.32,training
3pj2,7.751640319824219,5.14,training
3pj3,6.834490776062013,5.25,training
3pj8,7.140275955200195,7.4,training
3pjc,8.751974105834961,7.57,training
3pjg,5.502700805664063,3.55,training
3pjt,5.647043228149414,4.88,training
3pju,6.842829704284668,4.88,training
3pka,5.692000389099121,6.27,training
3pkb,5.8668575286865225,6.21,training
3pkc,6.59906005859375,6.02,training
3pkd,6.313576698303223,6.12,training
3pke,6.016358375549316,3.6,training
3pkn,5.32621955871582,4.66,training
3plu,6.174862861633301,5.77,training
3pm1,6.2327232360839835,5.93,training
3pma,5.296126365661621,5.4,training
3pn3,5.4317169189453125,6.4,training
3pn4,7.4211692810058585,6.85,training
3po1,6.325225830078125,4.02,training
3po6,7.5240726470947275,7.06,training
3poa,5.701231956481934,7.0,training
3poz,7.879392623901367,7.64,training
3pp0,8.260287284851074,7.96,training
3pp1,7.256267547607423,8.49,training
3pp7,5.579599380493164,3.94,training
3ppj,8.253345489501951,8.7,training
3ppk,8.172926902770996,8.85,training
3ppm,8.232841491699219,9.54,training
3ppo,4.130846977233887,5.3,training
3ppp,4.3212738037109375,5.22,training
3ppq,3.7583916187286377,4.55,training
3pqz,6.895627021789551,4.46,training
3pr0,8.938355445861816,9.54,training
3prf,8.141764640808105,8.85,training
3prz,7.742195129394531,7.59,training
3ps1,8.060359954833983,10.17,training
3ps6,7.540534019470215,7.74,training
3psb,8.301128387451174,8.52,training
3psd,8.589990615844728,8.52,training
3psl,5.609203338623047,6.89,training
3ptg,6.764313697814941,7.6,training
3pty,4.230376243591309,5.44,training
3puj,5.53812313079834,4.51,training
3puk,5.61296272277832,4.74,training
3pup,8.293756484985353,8.22,training
3pvu,7.5777244567871085,6.54,training
3pvw,7.7019500732421875,7.27,training
3pwd,7.3994140625,6.66,training
3pwh,7.6182498931884775,8.72,training
3pwk,3.2118351459503174,3.35,training
3pwm,10.042707443237305,9.1,training
3px8,4.399324893951416,3.64,training
3px9,7.050961494445801,3.42,training
3pxe,5.351658821105957,5.7,training
3pxq,6.304961204528809,4.43,training
3pxy,6.459258079528809,5.23,training
3pxz,6.3653011322021475,5.23,training
3py0,7.326407432556152,6.89,training
3py1,6.8855247497558585,6.89,training
3pz1,6.826237678527832,6.14,training
3pz2,7.074887275695801,6.14,training
3pz3,8.071985244750978,6.85,training
3pz4,7.353747367858888,8.22,training
3q0z,7.6348209381103525,7.7,training
3q1x,3.828524112701416,5.33,training
3q2a,4.795804500579834,5.3,training
3q2g,8.018268585205076,8.46,training
3q2h,8.11611270904541,9.16,training
3q2j,5.472902297973633,4.18,training
3q2m,6.087038993835449,3.8,training
3q32,8.239480018615723,8.74,training
3q3b,6.686234474182129,7.76,training
3q3k,8.504464149475098,8.13,training
3q3t,7.220293998718263,7.43,training
3q43,6.7383222579956055,7.37,training
3q44,7.232396125793457,6.31,training
3q4b,7.075296401977539,9.33,training
3q4c,7.879318237304687,6.43,training
3q4j,6.05375862121582,6.21,training
3q4k,6.343317985534668,7.05,training
3q4l,6.731291770935059,7.26,training
3q5h,7.231583595275879,6.25,training
3q5u,6.21583366394043,4.31,training
3q6k,6.181974411010742,8.37,training
3q6s,6.634415626525879,6.74,training
3q6w,7.250810623168945,7.57,training
3q6z,5.093902587890625,3.72,training
3q72,5.780464172363281,5.8,training
3q77,6.954951286315918,8.22,training
3q7j,6.017181396484375,4.52,training
3q7p,5.44920539855957,5.8,training
3q7q,5.491585731506348,5.65,training
3q8d,5.027887344360352,7.22,training
3q8h,5.863861083984375,4.15,training
3q92,7.972978591918945,7.92,training
3q96,7.897910118103027,8.54,training
3qa2,7.465340614318848,6.68,training
3qai,7.922547340393066,8.1,training
3qak,7.714150428771973,8.32,training
3qaq,7.896566390991211,7.0,training
3qar,7.632387161254883,6.49,training
3qbc,5.383366107940674,4.97,training
3qbh,8.175970077514647,6.82,training
3qbn,6.512502670288086,8.23,training
3qc4,8.42603874206543,8.7,training
3qc9,5.452620506286621,6.06,training
3qce,6.133804321289063,5.6,training
3qcf,5.960369110107423,5.6,training
3qch,6.8309688568115225,5.48,training
3qci,6.78102970123291,5.42,training
3qcj,6.861079216003418,6.3,training
3qck,6.499062538146973,5.24,training
3qcl,6.483210563659668,5.4,training
3qcq,7.399115562438965,6.8,training
3qcs,7.151535034179688,6.5,training
3qcx,7.700295448303223,7.2,training
3qcy,7.66883373260498,7.7,training
3qd0,7.859029769897461,8.5,training
3qd3,8.394951820373535,8.0,training
3qd4,8.04822826385498,8.2,training
3qdd,7.992621421813965,8.77,training
3qel,6.2897891998291025,6.49,training
3qem,7.162875175476074,7.22,training
3qfv,7.461798667907715,5.77,training
3qfy,4.230896949768066,6.12,training
3qg6,7.46473217010498,9.14,training
3qgw,6.964641571044923,5.89,training
3qi1,8.344866752624513,7.66,training
3qi2,6.896949768066406,7.35,training
3qi3,7.603940010070801,3.78,training
3qi4,5.497835159301758,3.93,training
3qin,6.03312873840332,6.87,training
3qio,6.651148796081543,6.84,training
3qip,5.959212303161621,6.89,training
3qiy,6.971080780029298,5.34,training
3qiz,6.234671592712402,5.21,training
3qj0,7.381336212158202,5.2,training
3qj9,7.92747688293457,7.0,training
3qk0,8.306881904602049,8.7,training
3qk5,7.996061325073242,7.74,training
3qkd,8.662567138671875,8.38,training
3qkk,6.513842582702638,6.52,training
3qkl,7.418130874633789,8.05,training
3qkm,7.6213884353637695,7.42,training
3qkv,6.8628273010253915,7.44,training
3ql9,5.330442428588867,6.3,training
3qlb,6.468201637268066,8.43,training
3qlc,5.317197799682617,5.43,training
3qlm,6.0501346588134775,6.37,training
3qmk,5.92352294921875,6.1,training
3qn7,7.116487503051758,6.8,training
3qnd,4.2986087799072275,4.85,training
3qnj,6.855469703674316,6.0,training
3qo2,5.435407638549805,6.85,training
3qo3,5.974404335021973,6.9,training
3qo9,8.206889152526855,5.92,training
3qpn,7.092378616333008,7.77,training
3qpo,7.878077507019043,6.61,training
3qpp,7.7877864837646475,7.92,training
3qps,6.11299991607666,5.6,training
3qqa,6.103878974914551,5.82,training
3qqk,6.336402893066406,4.82,training
3qqu,7.887531280517577,8.62,training
3qri,8.397462844848633,9.1,training
3qrj,7.619852066040039,8.4,training
3qrk,7.042705535888673,7.24,training
3qs1,7.856515884399414,7.96,training
3qs4,5.492875099182129,4.68,training
3qs5,5.6465396881103525,4.71,training
3qs6,6.259997367858888,4.89,training
3qs8,4.189845085144043,4.74,training
3qsb,5.91295337677002,5.08,training
3qsd,7.357074737548827,7.19,training
3qt7,6.439674377441406,7.31,training
3qtf,7.35257625579834,6.96,training
3qti,8.060042381286621,7.85,training
3qto,5.93635368347168,4.13,training
3qtq,5.971867561340332,5.51,training
3qtr,6.64742374420166,6.03,training
3qts,6.253422737121582,5.51,training
3qtu,7.15277099609375,7.15,training
3qtv,6.6023502349853525,4.65,training
3qtw,6.962545394897461,6.19,training
3qtx,7.321584701538086,7.15,training
3qtz,6.0724029541015625,7.3,training
3qu0,6.258371353149414,7.7,training
3que,8.300758361816406,8.82,training
3qup,7.743355751037598,6.32,training
3qvu,4.733808994293213,3.55,training
3qvv,5.617985725402832,4.42,training
3qw5,6.051128387451173,6.45,training
3qw6,5.548553466796875,3.52,training
3qw7,6.0222721099853525,5.74,training
3qw8,5.322388648986816,5.1,training
3qwc,6.508069038391112,4.26,training
3qx5,7.235228538513184,4.2,training
3qx8,5.475309371948242,2.86,training
3qx9,4.981973171234131,4.05,training
3qxc,5.834959030151367,5.77,training
3qxd,6.81758975982666,6.15,training
3qxh,6.152260780334473,5.24,training
3qxm,6.98463249206543,7.48,training
3qxp,7.550069808959961,7.7,training
3qxv,8.43516731262207,8.4,training
3qyy,5.995378494262695,5.08,training
3qzq,7.74041748046875,5.64,training
3qzt,5.101213455200195,4.0,training
3qzv,4.840741157531738,4.16,training
3r00,4.894556045532227,5.07,training
3r01,5.526330947875977,5.24,training
3r02,8.104632377624513,9.0,training
3r04,7.757927894592285,6.92,training
3r0h,5.564572334289551,5.92,training
3r0i,6.868682861328125,6.92,training
3r0t,8.227138519287111,9.04,training
3r0w,5.35565185546875,4.52,training
3r16,8.274288177490233,7.3,training
3r17,8.524130821228027,6.41,training
3r21,7.885435104370117,6.74,training
3r22,8.058234214782715,7.77,training
3r2a,5.983039855957031,6.12,training
3r2b,8.509916305541992,8.4,training
3r2f,8.005207061767576,8.85,training
3r2y,7.9902849197387695,8.07,training
3r42,5.115629196166992,4.08,training
3r4m,4.8397560119628915,5.92,training
3r4n,6.595391273498535,6.89,training
3r4o,8.17640495300293,8.15,training
3r4p,7.3076171875,7.96,training
3r5j,7.6214847564697275,6.96,training
3r5m,6.7153892517089835,4.34,training
3r5n,6.184727668762207,5.78,training
3r5t,6.60723876953125,8.58,training
3r69,3.8648524284362793,4.43,training
3r6c,6.033276557922362,4.72,training
3r6g,6.9134864807128915,7.6,training
3r6t,8.51766300201416,5.86,training
3r6u,5.2235870361328125,4.52,training
3r7b,7.327851295471191,6.15,training
3r7n,7.18846607208252,6.15,training
3r7o,7.639718055725098,8.36,training
3r7q,7.519645690917969,6.97,training
3r7r,8.098190307617188,8.74,training
3r8i,7.117405891418457,5.35,training
3r8u,6.7583112716674805,5.3,training
3r8v,6.299254417419434,5.54,training
3r8z,6.097468376159668,4.31,training
3r91,7.695914268493652,7.04,training
3r92,7.6743736267089835,7.02,training
3r93,5.277388095855713,6.51,training
3r9d,6.641448020935059,4.15,training
3r9h,6.804055213928223,4.0,training
3r9n,6.851639747619629,5.85,training
3r9o,6.7015228271484375,4.0,training
3rah,7.234519004821777,7.92,training
3rak,7.086265563964844,6.89,training
3ral,7.129037857055664,7.0,training
3rbm,6.356855392456055,6.57,training
3rbq,5.691065788269043,6.27,training
3rcd,8.009594917297362,7.77,training
3rcj,6.128925323486327,6.1,training
3rde,7.475270271301269,7.46,training
3rdh,4.969118118286133,5.03,training
3rdq,8.867371559143066,9.31,training
3rdv,5.1312217712402335,4.91,training
3re4,7.46638298034668,7.4,training
3rey,8.000982284545897,8.0,training
3rf4,6.752565383911133,6.25,training
3rg2,6.061528205871582,4.2,training
3rhk,8.221283912658691,6.26,training
3rhx,7.3332862854003915,6.08,training
3ri1,7.159298896789551,5.3,training
3rik,4.69796085357666,2.47,training
3ril,3.859281063079834,3.84,training
3rin,8.200309753417969,8.89,training
3rj7,8.016934394836426,7.6,training
3rjc,6.086997032165527,5.24,training
3rjm,7.496384620666504,6.61,training
3rjw,7.73037052154541,7.57,training
3rk5,7.247322082519531,5.4,training
3rk7,7.359980583190918,6.7,training
3rk9,6.42694091796875,6.28,training
3rkb,6.449978828430176,6.42,training
3rkz,7.5346174240112305,7.08,training
3rl3,7.571393013000487,7.17,training
3rl4,7.276095390319824,5.42,training
3rl7,4.938688278198242,4.74,training
3rl8,4.714238166809082,5.98,training
3rlp,6.6788740158081055,7.08,training
3rlq,7.700741767883301,7.4,training
3rm4,5.193678855895996,5.77,training
3rm8,7.835681915283202,6.15,training
3rm9,4.670046329498291,4.77,training
3rme,6.5932159423828125,4.66,training
3rmf,6.839324951171875,4.09,training
3rni,6.781574249267577,5.17,training
3ro0,4.61604118347168,4.5,training
3ro4,7.032054901123048,6.23,training
3roc,7.8784027099609375,8.19,training
3rpr,6.220599174499513,4.0,training
3rpv,7.141079902648926,7.15,training
3rpy,6.067451477050781,5.32,training
3rq7,7.2838497161865225,7.77,training
3rqe,5.190350532531738,4.77,training
3rqf,5.298081398010254,4.41,training
3rqg,5.670231819152832,4.64,training
3rqw,4.2551612854003915,2.7,training
3rsb,5.853492736816406,6.4,training
3rse,5.009790420532227,7.0,training
3rsv,7.20377254486084,9.15,training
3rt4,7.332859992980957,8.8,training
3rt6,6.413084030151367,7.15,training
3rt8,4.953371047973633,6.35,training
3rtf,7.026669502258301,7.35,training
3rth,5.889706611633301,5.21,training
3rti,6.1878767013549805,7.37,training
3rtm,5.346529006958008,4.42,training
3rtn,6.4080095291137695,7.13,training
3rtp,8.227705955505371,8.15,training
3rtx,5.532356262207031,3.86,training
3ru1,5.8743648529052725,4.85,training
3rul,6.441328048706055,6.85,training
3rum,6.254511833190918,5.77,training
3run,6.056581497192383,5.44,training
3rup,4.334988594055177,1.57,training
3rv3,4.069260597229004,2.0,training
3rv6,5.347041130065918,4.68,training
3rv7,4.769667625427246,4.85,training
3rv8,6.041468620300293,4.92,training
3rv9,4.796914100646973,4.92,training
3rvg,7.7440185546875,8.3,training
3rvi,6.992344856262207,7.96,training
3rw9,5.384247779846191,5.96,training
3rwc,6.846188545227051,8.12,training
3rwd,7.4099626541137695,8.0,training
3rwe,6.762589454650879,7.37,training
3rwf,6.315323829650879,6.52,training
3rwg,5.950079917907715,8.55,training
3rwh,6.452284812927246,7.4,training
3rwi,6.352635383605957,6.94,training
3rwj,6.3956642150878915,7.8,training
3rwp,8.220717430114746,9.22,training
3rwq,7.650649070739746,7.46,training
3rx5,5.031862258911133,6.27,training
3rx7,4.866840362548828,6.03,training
3rx8,4.855420112609863,6.21,training
3rxa,4.145347595214844,2.85,training
3rxb,4.329231262207031,2.66,training
3rxd,3.625295162200928,3.73,training
3rxe,3.5271754264831543,4.76,training
3rxf,3.3225276470184326,2.6,training
3rxg,4.007570266723634,2.15,training
3rxh,3.784864902496338,1.8,training
3rxi,5.21250057220459,3.06,training
3rxj,4.359102249145509,3.06,training
3rxk,4.033332824707031,2.68,training
3rxl,3.393805980682373,2.62,training
3rxm,4.8606910705566415,3.63,training
3rxo,5.011117458343506,4.08,training
3rxp,3.8697237968444815,2.08,training
3ry8,2.8422870635986333,3.34,training
3ryv,8.13902473449707,7.07,training
3ryw,5.920737266540527,6.24,training
3ryy,8.182716369628906,7.42,training
3ryz,8.501225471496582,8.62,training
3rz0,8.282692909240723,7.55,training
3rz1,8.573996543884277,8.74,training
3rz3,5.65017032623291,5.76,training
3rz7,8.32966136932373,8.96,training
3rz8,8.366477966308594,8.17,training
3rz9,6.39653205871582,6.92,training
3rzb,6.02420711517334,4.0,training
3rzi,5.739489555358888,5.33,training
3s00,6.420285224914551,4.92,training
3s0b,6.821511268615723,6.49,training
3s0d,6.903301239013673,7.05,training
3s0e,6.1641483306884775,6.55,training
3s0j,4.4419684410095215,3.77,training
3s0n,6.038302421569824,6.74,training
3s0o,6.515730857849121,4.48,training
3s1g,5.869186401367188,5.19,training
3s1h,7.120494842529298,4.77,training
3s1y,6.844522476196289,6.22,training
3s22,4.954828262329102,5.46,training
3s2a,8.670092582702638,8.09,training
3s2o,6.2337846755981445,5.05,training
3s2p,6.889026641845702,7.17,training
3s2v,5.705870628356934,6.8,training
3s3i,7.570208549499513,7.8,training
3s3k,5.496417045593262,4.01,training
3s3m,6.682120323181152,7.4,training
3s3n,7.403769493103027,7.06,training
3s3o,7.056032180786133,7.57,training
3s3q,8.460687637329103,8.77,training
3s3r,8.182649612426758,8.68,training
3s3v,6.917396545410156,6.23,training
3s45,8.512157440185549,8.49,training
3s4q,8.09754753112793,8.4,training
3s53,9.218916893005373,9.64,training
3s54,9.438942909240724,9.64,training
3s56,9.10136604309082,9.62,training
3s5y,5.218465328216553,7.41,training
3s68,6.422671318054199,8.66,training
3s6t,8.02995491027832,7.35,training
3s71,7.794303894042969,8.64,training
3s72,7.881782531738281,6.4,training
3s73,7.801203727722168,8.7,training
3s74,4.701982975006104,8.4,training
3s78,4.916851997375488,6.47,training
3s7a,7.432723045349121,8.96,training
3s7b,6.076008796691895,6.3,training
3s7f,5.758270263671875,5.43,training
3s7l,7.877266883850098,7.1,training
3s7m,6.596522331237793,8.0,training
3s8l,5.495663642883301,5.64,training
3s8n,5.459877967834473,6.21,training
3s9i,5.171643257141113,5.7,training
3s9y,5.9547061920166025,6.44,training
3s9z,5.906304359436035,6.22,training
3sad,5.807008743286133,5.96,training
3saz,6.6102561950683585,6.1,training
3sb0,6.906539916992188,5.26,training
3sbh,8.440528869628906,7.28,training
3sbi,8.659082412719728,7.92,training
3sc1,6.364800453186035,4.38,training
3sd5,8.096794128417969,6.58,training
3sdg,7.498491287231445,5.55,training
3sdi,7.880732536315918,8.33,training
3sdk,6.766232490539551,6.8,training
3sfc,7.991905212402344,8.52,training
3sff,7.8257999420166025,6.7,training
3sfg,4.500302314758301,6.06,training
3sfh,6.938603401184082,7.05,training
3sfi,7.4313011169433585,6.4,training
3sgt,6.212847709655763,3.82,training
3sgv,5.972419738769531,4.46,training
3sgx,6.625779151916504,5.49,training
3sh0,6.130922317504883,5.66,training
3sh1,7.079375267028809,7.39,training
3sha,7.229294776916504,5.59,training
3shb,5.442434310913086,6.03,training
3shc,7.336613655090332,5.72,training
3shj,7.69260311126709,7.47,training
3shv,4.919922828674316,6.66,training
3shy,7.140687942504883,7.04,training
3shz,8.027460098266603,7.44,training
3si3,5.735653877258301,4.16,training
3si4,6.377930641174316,3.88,training
3sie,7.256569862365723,7.88,training
3sio,7.8473920822143555,8.0,training
3sjf,7.09972095489502,7.64,training
3sji,7.391624450683594,5.69,training
3sjo,7.431275367736816,5.78,training
3sjt,5.6674346923828125,6.06,training
3sk2,5.87735652923584,3.61,training
3ska,8.494006156921388,7.49,training
3skc,8.261858940124513,8.8,training
3ske,8.603997230529785,7.77,training
3skf,8.362137794494629,8.3,training
3skg,7.867868423461914,8.1,training
3skh,7.058785438537598,6.05,training
3skk,5.148859024047852,4.47,training
3sl0,4.888846397399902,2.7,training
3sl1,4.999371528625488,3.59,training
3sl4,7.419090270996094,7.57,training
3sl5,7.480154037475586,7.66,training
3sl8,7.318558692932129,6.54,training
3sm0,7.2192020416259775,6.13,training
3sm1,7.003182411193848,5.84,training
3sm2,8.347127914428711,9.7,training
3smq,6.0033159255981445,5.02,training
3sn7,8.513587951660156,9.15,training
3sn8,6.3987321853637695,5.65,training
3sna,5.400972843170166,4.14,training
3snb,6.05732536315918,4.38,training
3snc,5.3783230781555185,4.39,training
3snd,5.590132713317871,5.08,training
3sni,7.985766410827638,7.96,training
3snl,8.233007431030272,9.15,training
3so6,6.891267776489258,5.39,training
3so9,9.022274017333984,8.56,training
3soq,5.529853820800781,4.57,training
3sou,5.274927616119385,5.68,training
3sov,5.772506713867188,4.21,training
3sow,5.220861434936523,5.14,training
3spk,8.363434791564941,8.52,training
3sqq,7.0054664611816415,5.32,training
3sr4,6.2120866775512695,6.54,training
3srb,6.42967414855957,4.19,training
3src,5.736191749572754,3.89,training
3srg,5.18794584274292,5.7,training
3srv,6.832387924194336,7.5,training
3st6,4.799867630004883,3.62,training
3std,8.954625129699707,11.11,training
3stj,4.6850242614746085,4.8,training
3str,8.824068069458008,8.4,training
3su4,7.31734561920166,6.26,training
3su6,8.148221015930176,6.02,training
3sud,7.938090324401855,9.85,training
3suf,7.722811698913574,7.56,training
3sur,5.262101173400879,4.15,training
3sut,7.461793899536133,7.85,training
3suu,7.469133377075195,8.52,training
3suv,4.196401596069337,4.55,training
3suw,5.793595314025879,4.7,training
3sv2,5.490407943725586,4.19,training
3sv6,6.5025081634521475,7.46,training
3sv7,6.718079566955566,6.08,training
3sv8,6.618938446044923,7.91,training
3sv9,6.174691200256348,5.0,training
3svj,7.9489078521728525,6.93,training
3svv,7.7813777923583975,6.94,training
3sw2,8.674293518066406,8.33,training
3sw9,5.898811340332031,5.38,training
3sww,7.656374931335449,8.4,training
3sx4,7.791348457336426,8.52,training
3sx9,8.278697967529299,8.89,training
3sxf,7.522290229797362,8.6,training
3sxu,5.287047386169434,5.05,training
3sym,4.166041374206543,4.57,training
3sz1,4.477267265319824,4.66,training
3sz9,4.780035018920898,5.27,training
3szb,4.413850784301758,4.92,training
3szm,5.0728187561035165,6.4,training
3t01,3.3132882118225098,4.48,training
3t03,6.686202049255371,6.8,training
3t07,6.536480903625487,7.8,training
3t08,4.51447868347168,3.04,training
3t0b,4.297475814819337,4.3,training
3t0d,3.5505828857421875,2.37,training
3t0l,5.071088790893555,4.52,training
3t0m,3.5435826778411865,3.94,training
3t0t,7.0585384368896475,7.04,training
3t0w,5.72609806060791,7.3,training
3t0x,7.663199424743652,8.0,training
3t19,8.983997344970703,8.66,training
3t1m,5.0394287109375,3.04,training
3t1n,4.709508895874023,6.1,training
3t2c,4.948248863220215,4.6,training
3t2p,4.850980758666992,3.6,training
3t2t,4.0527968406677255,2.4,training
3t2v,5.5177764892578125,6.99,training
3t2w,7.991139411926269,7.46,training
3t3d,4.687914848327637,4.91,training
3t3e,4.719776153564453,5.99,training
3t3g,4.307719707489014,5.49,training
3t3h,4.823056221008301,5.71,training
3t3i,4.249077796936035,4.77,training
3t3v,7.74761962890625,8.52,training
3t3y,7.0319013595581055,5.47,training
3t4h,6.335232734680176,5.28,training
3t4n,4.448843955993652,4.14,training
3t4p,5.92878532409668,5.19,training
3t4v,7.595690727233888,6.3,training
3t5i,5.409916877746582,6.82,training
3t5u,6.285353660583496,7.59,training
3t60,6.301830291748048,6.7,training
3t64,6.403299331665039,6.7,training
3t6b,7.354495048522949,6.36,training
3t6j,7.467506408691406,6.36,training
3t6r,5.772178649902344,5.66,training
3t6y,5.9731197357177725,5.52,training
3t70,6.12492561340332,6.3,training
3t7g,5.322425842285156,5.2,training
3t82,7.553389549255371,7.0,training
3t83,7.0073585510253915,6.98,training
3t84,8.059782028198242,6.97,training
3t85,7.3062334060668945,7.95,training
3t8s,6.212832450866699,8.55,training
3t8v,6.5856895446777335,6.59,training
3t8w,6.733429908752441,7.54,training
3t9t,8.446933746337889,8.71,training
3ta0,5.078104972839356,3.47,training
3ta1,5.012322425842285,3.25,training
3tam,8.8900728225708,8.43,training
3tay,4.084406852722168,3.38,training
3tb6,4.646745681762695,5.08,training
3tc5,6.664608955383301,5.17,training
3tcp,7.970813751220702,8.37,training
3tct,7.359710693359375,8.52,training
3tcy,4.265745162963866,4.62,training
3td4,5.066033840179443,5.66,training
3tdc,6.238568305969237,8.27,training
3tdh,4.549885749816895,4.26,training
3tdj,5.618818283081055,5.25,training
3tdu,5.768454551696777,5.67,training
3tdz,6.092867851257324,6.82,training
3te5,5.410412788391113,4.91,training
3tei,5.234648704528809,6.3,training
3tf6,4.1353397369384775,6.4,training
3tf7,6.74538516998291,3.52,training
3tfk,6.317519187927246,5.01,training
3tfn,7.206070899963379,6.57,training
3tfv,6.801210403442383,7.1,training
3tg5,5.847755432128906,4.7,training
3tge,8.046440124511719,10.15,training
3tgs,6.497724533081055,5.39,training
3th0,5.397732734680176,4.12,training
3th8,6.410386085510254,6.25,training
3th9,7.788491249084473,7.7,training
3thb,8.299951553344728,8.7,training
3thd,5.4890336990356445,4.05,training
3ti1,7.1015825271606445,3.89,training
3ti3,8.696524620056152,8.74,training
3ti4,7.496438026428223,6.02,training
3ti5,8.260713577270508,8.95,training
3ti6,8.652099609375,9.27,training
3ti8,8.57611083984375,9.05,training
3tia,8.879478454589844,8.51,training
3tib,5.864691734313965,6.89,training
3tic,9.269128799438477,8.87,training
3tif,5.414191246032715,5.38,training
3tiw,6.4674739837646475,7.67,training
3tiy,4.816563606262207,4.77,training
3tiz,5.469849586486816,3.82,training
3tjc,6.9381303787231445,7.51,training
3tjd,7.528484344482423,9.0,training
3tjh,6.1602983474731445,5.41,training
3tjm,7.326123237609862,5.2,training
3tk2,4.4974365234375,4.62,training
3tkh,6.9032840728759775,7.33,training
3tki,8.51163387298584,10.3,training
3tkm,7.690166473388673,9.0,training
3tku,7.449353218078612,5.72,training
3tkw,8.20518684387207,5.27,training
3tkz,6.135834693908691,5.92,training
3tl0,5.781199455261231,6.59,training
3tl5,8.350187301635742,7.85,training
3tlh,6.0130720138549805,8.82,training
3tll,6.780683517456055,4.39,training
3tmk,5.7711992263793945,6.87,training
3tn8,6.184514045715332,6.13,training
3tne,8.059096336364746,5.72,training
3tnh,6.497415542602539,6.46,training
3tpp,7.4075355529785165,7.82,training
3tpr,7.175341606140138,7.7,training
3tpu,6.8218841552734375,4.32,training
3tpx,7.406444549560548,9.35,training
3tsd,4.2893896102905265,3.66,training
3tsz,6.022391319274902,4.46,training
3tt0,8.184369087219237,9.05,training
3tt4,7.824483871459961,8.28,training
3tti,8.131429672241211,8.22,training
3ttj,7.60777473449707,6.68,training
3ttm,6.94917106628418,8.52,training
3ttn,6.200969696044923,7.84,training
3ttp,9.332244873046877,9.12,training
3ttz,6.676715850830077,8.4,training
3tu1,6.7247676849365225,6.6,training
3tu7,8.151867866516112,8.09,training
3tu9,5.092755317687988,5.12,training
3tv4,8.080638885498049,6.96,training
3tv5,6.348038673400879,5.32,training
3tv6,8.297179222106934,8.32,training
3tv7,7.424193382263184,7.52,training
3tv8,4.189369201660156,7.15,training
3tvl,4.856321334838867,4.0,training
3tvw,6.591649055480957,4.43,training
3tvx,6.510424613952638,4.14,training
3twd,7.755179405212402,7.74,training
3twj,7.078498840332031,7.84,training
3twr,6.377072334289551,5.19,training
3tws,6.446593284606934,5.52,training
3twu,6.325079917907715,5.62,training
3twv,6.294619560241699,4.76,training
3tww,6.316068649291992,5.38,training
3twx,6.367583274841309,5.26,training
3txo,7.776355743408202,8.05,training
3ty0,7.741884231567383,7.08,training
3tyq,8.51427173614502,8.3,training
3tyv,8.601339340209961,8.1,training
3tz0,4.453034400939941,5.04,training
3tz2,4.297976493835448,5.24,training
3tz4,4.939414024353027,5.49,training
3tza,7.169960975646973,5.5,training
3tzd,5.593729019165039,4.28,training
3tzm,8.242192268371582,7.77,training
3u0d,6.2792510986328125,10.0,training
3u0p,5.9366722106933585,5.68,training
3u0t,6.6959590911865225,9.52,training
3u10,5.346019268035889,5.44,training
3u15,7.096489906311035,7.11,training
3u18,6.12010669708252,6.09,training
3u1i,5.948409080505371,5.25,training
3u1y,8.411563873291017,8.67,training
3u2k,6.850111961364746,7.52,training
3u2q,8.582103729248049,8.22,training
3u3f,5.884030342102051,5.1,training
3u3u,6.7344512939453125,6.88,training
3u3z,4.730985164642334,5.36,training
3u4h,5.958399772644043,4.25,training
3u4i,5.70462703704834,3.89,training
3u4o,8.062500953674316,7.28,training
3u4r,8.139699935913086,7.41,training
3u4u,9.070523262023926,8.52,training
3u4w,7.38661003112793,8.4,training
3u51,7.041876792907715,5.51,training
3u5l,6.691755294799805,6.19,training
3u6a,7.607963562011719,6.49,training
3u6h,8.510793685913086,9.0,training
3u6i,8.795486450195312,9.0,training
3u6j,8.145739555358888,8.21,training
3u6w,3.900887489318848,6.92,training
3u78,6.5256900787353525,5.6,training
3u7k,6.99307918548584,7.07,training
3u7l,7.536805152893066,7.28,training
3u7n,7.8980607986450195,7.95,training
3u81,5.438670158386231,4.44,training
3u8d,7.4025325775146475,6.33,training
3u8h,7.929373741149902,6.49,training
3u8j,8.641070365905763,8.51,training
3u8m,8.58698558807373,8.89,training
3u8w,7.798975944519043,9.0,training
3u90,5.2521257400512695,4.62,training
3u93,5.987396240234375,6.31,training
3u9c,5.2981905937194815,5.89,training
3u9n,8.110195159912111,7.0,training
3ua8,8.471480369567871,7.85,training
3ua9,7.512887001037598,7.25,training
3ual,6.28018856048584,5.81,training
3uat,5.707588195800781,6.66,training
3ubd,6.477987289428711,5.54,training
3ubx,7.2698707580566415,7.6,training
3ucj,4.913060188293457,6.0,training
3ud5,7.143476486206055,3.82,training
3ud7,5.69994068145752,4.74,training
3ud8,5.805450439453125,5.38,training
3ud9,5.541398048400879,4.67,training
3uda,6.064148902893066,5.01,training
3udd,7.950925827026367,7.1,training
3udj,5.2755775451660165,3.62,training
3udk,5.334577083587647,4.49,training
3udm,5.832863807678223,4.48,training
3udn,6.606263160705566,5.15,training
3udp,6.71512508392334,5.22,training
3udq,7.144728660583496,6.0,training
3udr,6.681733131408691,4.96,training
3udv,6.150450706481934,5.59,training
3udy,6.8145599365234375,5.7,training
3ue4,8.379056930541992,8.96,training
3uec,5.424069881439209,4.21,training
3ued,5.06251335144043,4.53,training
3uef,4.876816749572754,4.68,training
3ueo,5.808272361755371,4.03,training
3uf9,6.2371788024902335,2.11,training
3ufa,4.025120258331299,5.0,training
3ufl,7.130502700805664,6.82,training
3ugc,7.574312210083008,6.02,training
3uh2,6.437586784362793,6.0,training
3uh4,6.908769607543945,7.96,training
3uhm,7.513678550720215,8.44,training
3ui2,5.6049909591674805,6.37,training
3uib,7.393747329711914,6.8,training
3uig,5.121756553649902,5.32,training
3uih,4.8453874588012695,3.92,training
3uii,4.837898254394531,5.0,training
3uij,5.436483383178711,4.7,training
3uik,4.868909358978272,4.97,training
3uil,5.546401023864746,6.0,training
3uix,7.165180206298827,6.82,training
3uj9,4.378767490386963,4.63,training
3ujb,5.719809532165527,5.1,training
3ujc,4.2627153396606445,4.59,training
3ujd,4.401049613952637,4.69,training
3ukr,5.0526933670043945,4.92,training
3uli,7.931083679199219,7.15,training
3umo,5.371250629425049,3.89,training
3ump,5.407550811767578,2.99,training
3umq,3.287489175796509,4.62,training
3umw,8.049382209777832,8.52,training
3umx,7.4372711181640625,6.62,training
3unj,6.916797637939452,4.96,training
3unk,6.921277046203612,4.82,training
3unn,5.54572868347168,4.4,training
3unz,7.027544021606445,7.8,training
3uo5,6.6089210510253915,7.41,training
3uo6,7.435678482055664,7.82,training
3uo9,7.139680862426758,7.1,training
3uod,7.355721473693848,7.31,training
3uoh,7.635770797729492,7.89,training
3uoj,7.8152713775634775,7.29,training
3uok,7.762214660644531,9.1,training
3uol,8.342605590820312,8.51,training
3up7,7.545286178588867,8.21,training
3upf,6.909113883972168,6.7,training
3uph,8.328876495361326,7.82,training
3upi,8.673999786376951,8.22,training
3upk,5.079721927642822,4.3,training
3upv,5.431756019592285,5.3,training
3upx,7.956279754638673,8.12,training
3upy,4.653683662414551,5.62,training
3upz,5.99907112121582,5.6,training
3uqf,6.858780860900879,4.7,training
3uqg,5.836738586425781,5.0,training
3uqp,7.114267349243164,7.31,training
3uqr,7.572641372680664,7.24,training
3ur0,5.174397468566895,7.15,training
3ur9,5.28541898727417,6.31,training
3usn,6.884147644042969,6.15,training
3usx,5.962553977966309,5.02,training
3ut5,6.510144233703612,5.74,training
3uug,4.874758720397949,4.51,training
3uvk,6.2141075134277335,6.8,training
3uvl,6.4502458572387695,5.69,training
3uvm,6.155174255371094,7.52,training
3uvn,6.36460018157959,6.59,training
3uvo,5.76244068145752,7.0,training
3uvp,7.240285873413086,7.46,training
3uvq,8.139196395874022,7.77,training
3uvu,5.667854309082031,7.38,training
3uvw,5.404755592346191,5.17,training
3uvx,5.218312740325928,4.34,training
3uw5,6.891193389892577,7.85,training
3uw9,5.116612434387207,4.56,training
3uwk,5.5318031311035165,4.24,training
3uwl,6.289128303527832,3.68,training
3uwo,7.168668746948242,6.36,training
3ux0,5.918705940246582,6.26,training
3uxd,6.827437400817871,4.41,training
3uxg,5.991741180419923,3.96,training
3uxk,4.432931900024414,4.93,training
3uxm,5.8132877349853525,4.7,training
3uyr,7.079239845275879,6.9,training
3uyt,7.835030555725098,7.85,training
3uz5,6.731121063232423,7.22,training
3uza,7.152806282043457,8.94,training
3uzc,7.510963439941406,9.61,training
3uzd,5.4875688552856445,5.05,training
3uzj,4.686288833618164,5.55,training
3uzp,7.581280708312987,7.89,training
3v01,7.144454002380371,7.6,training
3v04,7.532790184020996,7.89,training
3v0l,5.965662956237793,5.52,training
3v0p,6.117351531982423,6.28,training
3v1r,5.698057174682617,7.68,training
3v2n,7.159726142883301,6.1,training
3v2o,5.312566757202148,5.31,training
3v2p,7.104755401611327,6.36,training
3v2q,6.683758735656737,6.29,training
3v2w,6.33447265625,7.11,training
3v2x,5.278114318847656,5.35,training
3v30,6.738649368286133,3.74,training
3v31,6.297698020935059,5.8,training
3v3b,7.679389953613281,7.26,training
3v3l,6.5073184967041025,6.43,training
3v3m,6.4408321380615225,5.32,training
3v3q,6.3775129318237305,6.6,training
3v3v,6.5919189453125,5.34,training
3v43,5.367783546447754,4.63,training
3v49,7.892794609069824,8.02,training
3v4j,4.259492874145509,5.04,training
3v4t,5.013294696807861,4.11,training
3v4v,7.204098701477051,7.38,training
3v4x,6.172060012817383,6.15,training
3v51,7.88093376159668,8.55,training
3v5g,8.130337715148926,7.13,training
3v5j,8.171149253845215,7.96,training
3v5l,7.514572143554687,8.15,training
3v5p,8.072528839111326,8.96,training
3v5q,7.751161575317383,7.4,training
3v66,8.336057662963867,8.89,training
3v6r,7.008639335632324,6.15,training
3v6s,7.041808128356934,9.12,training
3v78,7.409934043884277,5.54,training
3v7c,8.21164608001709,5.74,training
3v7d,6.052065849304199,6.39,training
3v7s,8.475083351135254,7.05,training
3v7t,7.711113929748535,7.21,training
3v7x,8.133603096008299,8.57,training
3v8s,6.2860050201416025,6.19,training
3v8t,8.019529342651367,9.52,training
3v8w,8.10062313079834,8.07,training
3v9b,8.519187927246094,9.3,training
3va4,5.1201820373535165,4.4,training
3vap,8.578719139099121,8.4,training
3vb4,5.906001091003418,4.31,training
3vb5,6.695220947265625,5.34,training
3vb6,5.810654640197754,4.41,training
3vb7,5.644061088562013,4.31,training
3vbd,7.976941108703612,8.07,training
3vbg,7.730116844177246,7.48,training
3vbq,8.85194206237793,9.33,training
3vbt,5.965174674987793,4.43,training
3vbv,5.432894706726074,5.0,training
3vbw,4.759138107299805,5.22,training
3vbx,5.015283584594727,4.77,training
3vby,5.644997596740723,4.55,training
3vc4,8.123199462890625,7.62,training
3vd7,5.392671585083008,4.48,training
3vdb,3.2854151725769043,2.52,training
3vdc,4.652055740356445,4.92,training
3veu,7.251218795776367,7.26,training
3vf3,7.06295108795166,5.86,training
3vf7,10.123061180114746,9.1,training
3vf8,6.963180541992188,6.82,training
3vf9,6.964516639709473,8.72,training
3vfa,9.382209777832033,9.19,training
3vfj,6.684948921203612,7.04,training
3vfq,5.217848777770996,5.19,training
3vg1,7.771870613098144,7.26,training
3vgc,7.007566452026367,5.51,training
3vhc,7.099922180175781,8.89,training
3vhd,8.301759719848633,9.28,training
3vhe,8.231206893920897,8.21,training
3vhk,6.170516014099121,4.6,training
3vhu,8.352697372436522,7.31,training
3vhv,7.987339973449707,6.29,training
3vi2,4.451886177062988,3.77,training
3vi5,7.042038917541504,5.68,training
3vi7,7.431698799133301,7.39,training
3vid,5.910430908203125,6.21,training
3vjc,7.672775268554687,7.72,training
3vje,7.822585105895996,8.01,training
3vjk,8.503554344177246,9.43,training
3vjl,7.626358985900879,8.25,training
3vjm,8.246614456176758,9.43,training
3vjs,6.439859390258789,6.19,training
3vjt,6.571354866027832,5.39,training
3vnt,8.490731239318848,8.66,training
3vo3,8.761106491088867,8.85,training
3voz,5.415689468383789,6.85,training
3vp1,5.084644317626953,5.48,training
3vp2,4.752901554107666,5.1,training
3vp3,4.669458389282227,4.95,training
3vp4,4.167865753173828,4.73,training
3vqh,7.0085811614990225,5.92,training
3vqs,7.84015941619873,7.75,training
3vqu,6.900230407714844,7.43,training
3vrt,8.278501510620117,8.57,training
3vru,8.985366821289062,10.0,training
3vrv,8.723482131958008,10.54,training
3vrw,8.177934646606445,9.39,training
3vry,8.584100723266603,8.11,training
3vs3,8.757664680480957,9.37,training
3vsw,7.260347366333008,6.89,training
3vsx,8.31183910369873,8.85,training
3vtb,9.281050682067873,9.3,training
3vtc,8.421972274780272,7.89,training
3vtd,9.198787689208984,7.92,training
3vtr,5.4970703125,5.57,training
3vuc,8.63585090637207,9.05,training
3vv6,4.822193145751953,3.8,training
3vv7,6.75737190246582,5.34,training
3vv8,6.530076026916504,4.77,training
3vva,7.8868961334228525,9.32,training
3vvy,7.2825069427490225,4.84,training
3vvz,7.267792701721191,4.58,training
3vw0,7.0095577239990225,4.67,training
3vw1,6.76283073425293,4.67,training
3vw6,7.668826103210449,7.85,training
3vw7,7.5780067443847665,8.1,training
3vw9,7.678793907165527,7.96,training
3vws,5.136602401733398,3.65,training
3vx3,5.57352352142334,7.82,training
3vyd,7.193889617919923,6.39,training
3vye,7.861895561218263,8.11,training
3vyf,8.087873458862305,8.8,training
3vzd,7.419676780700684,6.3,training
3vzg,3.8144381046295166,1.72,training
3vzv,7.13278865814209,8.04,training
3w0l,5.609001159667969,7.02,training
3w1f,8.121241569519043,8.44,training
3w2o,7.700491905212402,5.08,training
3w2p,7.136702537536621,5.09,training
3w2q,7.832487106323242,7.18,training
3w2r,7.580002784729004,7.72,training
3w2s,7.585076332092285,8.16,training
3w2t,8.432733535766603,7.53,training
3w32,8.383781433105469,7.12,training
3w33,8.136774063110353,7.44,training
3w37,6.4352312088012695,5.18,training
3w54,8.213221549987793,9.7,training
3w55,7.661378860473633,7.1,training
3w5e,8.474419593811035,7.96,training
3w5n,6.3479862213134775,3.87,training
3w5t,7.199450492858888,4.52,training
3w69,7.572831153869629,7.24,training
3w8o,8.479947090148926,7.62,training
3w9k,7.150095939636231,6.32,training
3wab,5.81253719329834,7.47,training
3wav,6.939949035644531,6.74,training
3waw,6.718602180480957,6.24,training
3wax,7.088711738586426,7.89,training
3way,7.147150993347168,7.66,training
3wb4,4.663799285888672,4.44,training
3wb5,5.055300712585449,4.57,training
3wbl,7.6915645599365225,4.64,training
3wc5,7.428534507751465,8.7,training
3wc7,7.650948524475098,8.26,training
3wcb,5.971435546875,7.74,training
3wcf,7.318598747253418,7.28,training
3wcg,5.960831642150879,6.85,training
3wch,6.980369567871094,7.05,training
3wci,6.025815963745117,6.57,training
3wcl,6.382861137390138,6.59,training
3wd1,7.280867576599121,7.66,training
3wd2,6.68243408203125,6.24,training
3wd9,8.495973587036133,8.08,training
3wdc,8.065481185913086,7.92,training
3wdd,7.7023372650146475,6.11,training
3wde,7.68596076965332,6.91,training
3wdz,6.3436431884765625,6.92,training
3we4,7.886432647705077,7.82,training
3wf5,8.303057670593263,7.09,training
3wf6,6.98728084564209,7.48,training
3wf7,7.676896095275879,6.69,training
3wf8,7.209259986877441,6.63,training
3wf9,6.708573341369629,6.25,training
3wff,7.435005187988281,6.18,training
3wfg,8.21140193939209,6.92,training
3wgg,5.042694091796875,4.4,training
3wgw,5.512641906738281,5.89,training
3whw,7.047863960266112,8.22,training
3wi2,7.2759132385253915,7.04,training
3wi6,6.802964210510254,5.33,training
3wig,7.779708862304687,8.64,training
3wix,8.177117347717285,6.27,training
3wiy,8.23508358001709,6.21,training
3wiz,7.927971839904785,8.36,training
3wjw,5.297667503356934,3.87,training
3wk4,5.461270332336426,5.13,training
3wk5,5.8746395111083975,4.82,training
3wk6,5.847412109375,5.2,training
3wk7,5.773551940917969,3.9,training
3wk8,5.872804641723633,4.31,training
3wk9,5.82036018371582,4.15,training
3wka,5.558262825012207,4.54,training
3wkb,5.093847274780273,4.21,training
3wkc,6.874554634094237,3.71,training
3wkd,4.862884044647217,3.77,training
3wke,8.842494010925293,8.89,training
3wmb,6.8491249084472665,5.37,training
3wmc,5.618982315063477,6.51,training
3wnr,3.831606149673462,6.28,training
3wns,4.483423709869385,5.96,training
3wnt,5.284163951873778,6.28,training
3wp0,5.918923377990723,4.99,training
3wp1,6.2966718673706055,4.85,training
3wpn,4.822449684143066,4.36,training
3wq5,6.735252380371094,3.85,training
3wq6,6.513813018798827,4.59,training
3wqh,7.438937187194824,8.48,training
3wqm,6.9273834228515625,6.25,training
3wqv,4.945229530334473,5.21,training
3wqw,4.975584506988525,5.23,training
3ws8,7.7614994049072275,6.68,training
3ws9,7.275697708129883,7.04,training
3wsy,7.051671028137207,6.36,training
3wt5,8.321325302124022,9.54,training
3wt7,8.152864456176758,8.75,training
3wth,6.926523208618164,6.29,training
3wti,5.851992607116699,5.9,training
3wtk,7.2871456146240225,6.53,training
3wtl,7.420635223388673,7.04,training
3wut,6.010308265686035,6.49,training
3wuu,5.9321842193603525,5.14,training
3wuv,6.5475053787231445,5.17,training
3wv1,8.518378257751465,11.41,training
3wv2,7.225533485412598,7.92,training
3wv3,7.0328474044799805,7.62,training
3wvm,6.107050895690918,5.71,training
3wyj,6.906954765319824,6.44,training
3wyk,7.739227294921875,7.64,training
3wyl,7.899249076843263,8.85,training
3wym,8.502300262451174,9.52,training
3wyx,7.767425537109375,8.37,training
3wyy,8.324499130249022,8.49,training
3wz6,6.6152544021606445,5.96,training
3wz7,7.0611610412597665,5.74,training
3wzj,7.806879997253418,8.18,training
3wzk,7.729939460754394,7.24,training
3wzn,8.100550651550293,7.0,training
3wzp,7.740189552307129,6.82,training
3wzq,6.877164840698242,6.23,training
3wzu,5.543377876281738,5.89,training
3x00,8.58858585357666,9.08,training
3zbf,7.396930694580077,7.52,training
3zbx,8.551915168762207,8.22,training
3zc5,9.018472671508787,7.13,training
3zc6,9.507946968078613,9.22,training
3zcl,8.746930122375487,8.0,training
3zcw,8.396550178527832,6.19,training
3zcz,5.920417785644531,6.77,training
3zdh,7.407284736633301,7.35,training
3zdv,6.014106750488281,5.48,training
3zeb,5.788139343261719,6.13,training
3zep,7.179144859313965,7.66,training
3zev,6.5274391174316415,8.64,training
3zh8,7.198586463928223,6.47,training
3zha,5.438800811767578,6.0,training
3zhf,5.211464881896973,3.92,training
3zhx,6.906120300292969,6.68,training
3zhz,6.858149528503418,7.05,training
3zi0,6.712895393371582,7.4,training
3zi8,3.941776752471924,5.66,training
3zim,7.894121170043945,8.17,training
3zj6,6.428447723388673,6.66,training
3zj8,5.114272117614746,3.9,training
3zjc,5.521088600158691,5.05,training
3zjt,6.5024919509887695,5.64,training
3zju,6.277323722839356,5.68,training
3zjv,6.0979576110839835,6.27,training
3zk6,7.629059791564941,6.34,training
3zke,5.508240699768066,6.8,training
3zkf,6.077638626098633,6.02,training
3zki,7.235757827758789,5.92,training
3zlk,7.2718868255615225,5.88,training
3zlo,8.412337303161621,8.82,training
3zlq,6.761554718017577,6.04,training
3zlr,8.558681488037111,9.26,training
3zls,5.371870994567871,4.4,training
3zlv,4.3807387351989755,3.52,training
3zlw,6.8598594665527335,3.7,training
3zlx,7.103616714477539,3.8,training
3zly,4.722143173217773,3.52,training
3zm4,7.3591556549072275,5.96,training
3zm5,7.397049903869629,6.74,training
3zm6,7.89117431640625,6.52,training
3zm9,6.9420127868652335,7.42,training
3zmg,8.310503959655763,7.64,training
3zmh,6.09709358215332,5.28,training
3zmi,4.988815307617188,5.95,training
3zmj,7.072038650512695,4.93,training
3zmm,8.87187385559082,9.14,training
3zmp,6.296114921569824,5.67,training
3zmq,5.308277130126953,6.44,training
3zmt,5.792393684387207,4.55,training
3zmu,5.535642623901367,4.3,training
3zmv,5.646608352661133,4.26,training
3zmz,5.4878196716308585,4.74,training
3zn0,5.337372779846191,4.97,training
3zn1,6.313004493713379,4.54,training
3znc,7.8989810943603525,7.34,training
3znr,8.180989265441895,7.44,training
3zns,8.263504981994629,7.41,training
3zo1,6.945788383483888,6.0,training
3zo2,8.163276672363281,7.1,training
3zo4,7.357715606689452,6.83,training
3zos,8.151542663574219,8.89,training
3zot,6.251457214355469,5.95,training
3zov,7.265514373779298,7.22,training
3zp9,7.428013801574707,7.82,training
3zpq,6.638351440429688,7.17,training
3zpr,5.9901628494262695,6.65,training
3zps,7.5997724533081055,8.3,training
3zpt,8.472472190856934,8.51,training
3zqe,4.922422409057617,4.23,training
3zqi,6.625853538513184,7.19,training
3zqt,5.21444034576416,4.41,training
3zrc,6.647482872009277,5.27,training
3zrk,6.6210289001464835,6.89,training
3zrl,6.612002372741699,6.8,training
3zrm,6.940195083618164,6.89,training
3zs0,6.1841793060302725,6.7,training
3zs1,7.829071044921875,6.4,training
3zsq,6.03508186340332,4.96,training
3zst,4.897058486938477,1.72,training
3zsw,5.299568176269531,2.7,training
3zsy,5.33566427230835,3.23,training
3zsz,5.099658966064453,2.7,training
3zt1,5.2987399101257315,2.7,training
3zt4,4.942305088043213,2.8,training
3ztc,6.304725646972656,4.56,training
3ztd,5.373777866363525,4.02,training
3ztx,7.355531692504883,7.74,training
3zuk,7.48551082611084,7.46,training
3zv7,5.800868034362793,5.92,training
3zvt,6.445198059082031,5.92,training
3zvv,4.8295936584472665,3.04,training
3zvw,4.538259983062744,3.9,training
3zvy,5.4762773513793945,5.1,training
3zw3,7.640707015991211,7.47,training
3zxe,5.154932975769043,3.35,training
3zxh,6.8692588806152335,8.52,training
3zxr,6.351186752319336,7.7,training
3zxv,6.6422367095947275,7.31,training
3zy2,6.537872314453125,6.46,training
3zy5,6.098252296447754,6.64,training
3zya,7.3233070373535165,7.0,training
3zyb,4.528265953063965,5.38,training
3zyf,5.034409523010254,4.85,training
3zyh,5.233366012573242,4.29,training
3zyr,6.822573661804199,5.34,training
3zyu,7.376596450805664,7.0,training
3zze,7.9903831481933585,8.89,training
3zzf,4.086424827575684,0.4,training
3zzh,4.425057888031006,3.36,training
456c,8.007563591003418,9.77,training
4a0j,5.232681274414063,6.0,training
4a16,9.401653289794922,9.37,training
4a1w,6.672985076904298,7.3,training
4a22,7.81142520904541,8.49,training
4a23,4.886594772338867,5.89,training
4a2a,6.548257827758789,4.35,training
4a4c,5.396439075469972,3.61,training
4a4e,4.639711380004883,3.32,training
4a4f,4.082196235656738,2.88,training
4a4g,4.274004459381104,2.99,training
4a4h,4.707273483276367,2.77,training
4a4l,8.481846809387207,7.82,training
4a4o,8.527966499328612,8.05,training
4a4q,9.355385780334473,9.4,training
4a4v,6.498990058898926,6.54,training
4a4w,6.8060712814331055,7.72,training
4a4x,8.212512969970701,7.23,training
4a50,6.826041221618652,7.91,training
4a51,6.796669006347656,6.73,training
4a6s,5.323401927947998,5.2,training
4a6v,6.627203941345215,5.72,training
4a6w,6.5492191314697275,5.72,training
4a7b,7.825234413146973,7.4,training
4a7c,8.462272644042969,8.22,training
4a7i,8.070533752441406,8.7,training
4a7j,5.67452335357666,7.0,training
4a95,7.182452201843263,5.76,training
4a9c,7.009176254272461,4.61,training
4a9i,4.837525844573975,4.9,training
4a9m,6.5902366638183585,6.3,training
4a9n,6.1405982971191415,5.82,training
4a9r,6.8468427658081055,7.8,training
4a9s,6.610595703125,7.21,training
4a9t,7.4324073791503915,7.15,training
4a9u,6.442303657531737,7.22,training
4aa0,7.8230648040771475,7.46,training
4aa1,6.212794303894043,4.12,training
4aa2,6.035820960998535,3.97,training
4aa4,7.579606056213379,8.05,training
4aa5,8.157148361206055,7.8,training
4aa7,7.86235237121582,5.7,training
4aac,8.151622772216799,8.17,training
4aaw,8.105484008789062,6.3,training
4ab8,3.771031618118286,3.87,training
4ab9,3.76481032371521,3.33,training
4aba,3.943018674850464,3.82,training
4abd,3.677627325057984,4.4,training
4abe,3.881747484207153,3.4,training
4abi,7.2609500885009775,8.2,training
4abj,7.306649208068848,7.47,training
4abk,5.424907684326172,5.72,training
4abu,4.755937576293945,6.28,training
4abv,5.091832160949707,6.07,training
4ac3,6.67516040802002,3.96,training
4acc,7.420563697814941,7.7,training
4acd,7.599387168884277,8.31,training
4acf,6.1763668060302725,5.8,training
4acg,8.07093620300293,9.66,training
4ach,7.319851875305176,7.66,training
4aci,4.100803852081299,2.22,training
4acm,7.3019371032714835,6.68,training
4acu,7.490896224975586,7.39,training
4acx,7.473759651184082,7.11,training
4ad2,5.594489097595215,6.2,training
4ad3,6.14249324798584,4.62,training
4ael,7.621083259582519,7.92,training
4af3,7.947431564331055,7.51,training
4afe,7.888607978820801,7.14,training
4afg,7.499447822570801,8.3,training
4afh,8.332809448242188,9.54,training
4afj,6.990023612976074,6.4,training
4aft,7.359488487243652,6.47,training
4ag8,9.012202262878418,8.96,training
4agc,8.596582412719728,10.7,training
4agd,7.8687095642089835,8.41,training
4agl,4.152509689331056,3.65,training
4ago,6.328862190246582,4.81,training
4ah9,4.382284164428712,2.46,training
4ahu,4.342569351196288,2.27,training
4ahv,4.775168418884277,1.82,training
4ai5,3.5312988758087163,2.92,training
4ai8,5.4632768630981445,4.0,training
4aif,4.730044364929199,4.84,training
4aig,6.924324035644531,6.52,training
4aj1,4.058609962463379,3.11,training
4aj2,4.23779296875,2.38,training
4aj4,5.291136741638184,3.89,training
4aje,3.1213955879211426,3.68,training
4aji,4.957400321960449,3.55,training
4ajk,5.2403907775878915,3.11,training
4ajl,5.741504669189452,3.8,training
4ajn,7.119041442871094,7.16,training
4ajo,7.461503028869629,7.03,training
4ajw,6.505706787109375,5.86,training
4akn,7.773191452026367,6.1,training
4al4,6.135796546936035,6.89,training
4alg,7.4663944244384775,6.3,training
4alu,7.210599899291992,7.77,training
4alv,8.040285110473633,8.15,training
4alw,6.691662788391112,7.57,training
4aml,4.967182159423828,2.1,training
4amw,3.825721263885498,1.55,training
4amx,3.3531765937805176,2.19,training
4amy,8.630349159240723,10.82,training
4amz,8.625892639160156,9.82,training
4an0,8.388754844665527,10.7,training
4an1,8.58644962310791,10.26,training
4an2,7.185914993286133,9.05,training
4an3,6.963844299316406,9.22,training
4an9,7.073264122009277,7.36,training
4anb,7.7648658752441415,8.18,training
4anm,7.909926414489746,7.55,training
4anq,7.825765609741211,6.22,training
4anu,7.30164909362793,7.68,training
4anv,8.059291839599611,6.36,training
4anw,8.559728622436522,7.74,training
4anx,8.265372276306152,7.74,training
4aoc,4.43000602722168,4.27,training
4aof,7.36951732635498,7.1,training
4aom,6.344571113586426,7.07,training
4ap0,7.65036678314209,8.0,training
4aph,7.041877746582031,5.4,training
4apo,4.927725315093994,4.91,training
4app,7.886570930480957,7.19,training
4apr,7.757166862487793,6.7,training
4aq3,8.743254661560059,7.43,training
4aq6,4.166910648345946,4.8,training
4aqc,7.909331321716309,9.05,training
4aqh,6.330305099487305,6.54,training
4ara,6.939603805541992,6.05,training
4arb,6.692805290222168,5.89,training
4ark,6.7979021072387695,7.2,training
4aro,7.237363815307617,6.8,training
4arw,5.332152366638184,7.13,training
4as9,5.939360618591309,4.79,training
4asd,8.689348220825195,9.28,training
4ase,9.33980941772461,11.0,training
4asj,7.425886154174805,7.55,training
4ask,8.36274528503418,7.22,training
4asy,6.5989418029785165,4.22,training
4at3,8.369004249572754,8.4,training
4at4,7.123356819152832,7.92,training
4at5,7.301180839538574,7.42,training
4att,7.1376800537109375,6.98,training
4au7,7.020538330078125,4.76,training
4au8,6.291015625,6.26,training
4aua,6.070371627807617,5.14,training
4auy,6.6771583557128915,7.74,training
4av0,5.93746280670166,6.98,training
4av4,7.323426246643066,7.03,training
4av5,6.627327919006348,7.21,training
4avg,6.105751037597656,7.22,training
4avh,5.396529197692871,7.23,training
4avi,5.71378231048584,7.63,training
4avj,7.260364532470702,7.44,training
4avs,4.690767288208008,3.49,training
4avt,6.030564308166504,8.06,training
4avu,6.374746322631836,7.85,training
4avw,6.118072509765625,7.62,training
4aw5,8.30548095703125,6.12,training
4aw8,5.121150016784668,7.66,training
4awf,5.814335823059082,5.57,training
4awg,6.43903923034668,5.96,training
4awi,7.517022132873535,6.0,training
4awj,3.588130235671997,2.0,training
4awk,6.7338619232177725,6.89,training
4awm,6.998772621154785,5.72,training
4awo,9.151266098022461,7.62,training
4awp,8.94355297088623,7.09,training
4awq,8.232776641845701,6.32,training
4ax9,7.991010665893555,9.57,training
4axa,6.7019309997558585,8.0,training
4axd,5.418262481689453,4.43,training
4axm,7.212883949279785,7.89,training
4ay5,4.581565856933594,6.27,training
4ay6,5.427077293395996,5.12,training
4ayp,6.0325927734375,6.12,training
4ayq,6.204621315002441,7.33,training
4ayr,5.4404258728027335,7.0,training
4ayt,5.395824432373047,3.7,training
4ayu,5.195626258850098,4.73,training
4ayv,7.955742835998535,9.17,training
4ayw,5.518847465515137,4.0,training
4ayx,5.770342826843263,3.7,training
4ayy,8.404173851013184,8.17,training
4az0,7.40811824798584,7.42,training
4az2,7.635664939880371,7.33,training
4az3,7.994285583496094,8.3,training
4az5,5.516885757446289,5.99,training
4aza,7.1935577392578125,6.99,training
4azb,6.578167915344237,7.24,training
4aze,6.918651580810548,8.11,training
4azf,6.643563270568848,6.35,training
4azi,5.546882629394531,7.45,training
4azp,6.2075843811035165,5.9,training
4azt,6.361933708190918,4.17,training
4azy,8.036601066589355,6.7,training
4b00,8.658357620239258,8.61,training
4b05,7.850750923156737,7.58,training
4b0b,4.6338210105896,3.33,training
4b0c,5.090606689453125,2.07,training
4b0g,8.235928535461426,7.82,training
4b0j,4.001883029937743,2.15,training
4b11,7.6850852966308585,5.64,training
4b12,6.418861389160156,4.99,training
4b13,7.2219743728637695,5.7,training
4b14,7.37227725982666,6.22,training
4b1c,7.1566972732543945,7.1,training
4b1d,6.963926315307617,7.49,training
4b1j,6.221851348876952,7.3,training
4b2d,3.875742435455322,3.7,training
4b2i,4.012748718261719,3.0,training
4b2l,4.777055740356445,3.24,training
4b34,4.116304397583009,3.14,training
4b35,4.234274387359618,2.89,training
4b3b,4.801302909851074,3.6,training
4b3c,3.7643556594848633,2.68,training
4b3d,4.138343334197998,2.68,training
4b3u,5.114680290222168,5.33,training
4b4g,6.955136299133301,6.76,training
4b4m,7.29332160949707,6.69,training
4b4n,6.1124000549316415,3.44,training
4b4q,5.410120964050293,5.75,training
4b5b,7.466322898864746,6.41,training
4b5s,3.471940279006958,3.49,training
4b60,6.0328426361083975,5.43,training
4b6c,6.773277282714844,6.16,training
4b6e,3.469925880432129,2.3,training
4b6f,3.909550189971924,3.3,training
4b6o,6.5594329833984375,7.0,training
4b6q,6.557540893554688,7.55,training
4b6r,6.503161430358888,5.85,training
4b6u,6.013690948486327,5.11,training
4b70,6.584944725036621,5.2,training
4b71,4.716776847839356,5.89,training
4b72,7.375172615051269,6.2,training
4b74,7.313458442687987,7.66,training
4b76,4.199481964111328,4.54,training
4b77,7.173948287963867,5.1,training
4b78,6.657830238342285,5.0,training
4b7j,8.196207046508789,7.95,training
4b7n,8.15107250213623,8.78,training
4b7p,8.468781471252441,9.46,training
4b7q,6.821383476257324,9.74,training
4b7z,5.4334449768066415,4.31,training
4b80,5.611684799194336,4.4,training
4b81,5.871987342834473,4.92,training
4b82,5.2501492500305185,4.39,training
4b83,5.480746269226074,5.15,training
4b84,6.330739974975586,4.66,training
4b85,6.060845375061035,4.06,training
4b8o,6.876466751098633,8.4,training
4b8p,5.9391136169433585,6.85,training
4b8y,6.515721321105957,8.05,training
4b95,5.651934623718263,4.28,training
4b9h,5.3201026916503915,5.35,training
4b9w,5.911221504211426,4.17,training
4ba3,5.908884048461914,5.54,training
4bae,7.310239791870117,8.52,training
4bam,7.998934745788574,8.94,training
4ban,8.016983032226562,8.61,training
4bao,8.044082641601562,8.37,training
4baq,8.278881072998049,9.01,training
4bb2,7.580690383911133,7.07,training
4bb4,7.6673583984375,6.72,training
4bb9,5.295210838317871,6.0,training
4bbe,7.254592895507812,8.44,training
4bbf,7.989264488220215,8.66,training
4bbg,6.939445495605469,8.32,training
4bbh,6.60435962677002,7.1,training
4bc5,3.5899584293365483,4.6,training
4bcb,7.533498764038086,8.52,training
4bcc,8.487893104553223,8.05,training
4bcd,7.508903503417969,7.48,training
4bcf,8.45021915435791,8.15,training
4bcg,8.173789978027344,8.15,training
4bch,8.28882884979248,7.66,training
4bci,8.006443023681639,8.22,training
4bcj,8.26188850402832,7.96,training
4bck,7.066444396972656,8.4,training
4bcn,7.32645320892334,7.92,training
4bco,8.360811233520508,6.88,training
4bcp,7.296954154968263,6.25,training
4bcq,7.924281120300293,6.83,training
4bcs,7.588645935058594,6.99,training
4bcw,6.713974952697754,4.0,training
4bd3,5.516358375549316,4.54,training
4bda,4.452739715576172,5.57,training
4bdb,4.1587276458740225,4.07,training
4bdc,5.732527732849121,4.93,training
4bdd,5.1514854431152335,4.43,training
4bde,5.128936767578125,4.8,training
4bdf,4.607131004333496,4.09,training
4bdg,4.869465351104736,4.12,training
4bdh,4.96348762512207,4.11,training
4bdi,4.999575138092041,3.64,training
4bdj,5.905917167663574,5.14,training
4bdk,5.165274620056152,5.44,training
4bds,6.558749198913574,7.6,training
4bdt,8.265612602233888,8.96,training
4bea,7.341261863708496,8.3,training
4bek,5.2960052490234375,4.39,training
4bf1,8.654759407043457,8.62,training
4bf6,7.9877777099609375,8.35,training
4bfd,7.241933822631836,7.02,training
4bfp,8.27576732635498,7.82,training
4bfr,7.0715179443359375,7.64,training
4bfy,7.1308841705322275,6.92,training
4bfz,6.948387145996094,6.26,training
4bg1,5.73001766204834,6.31,training
4bg6,6.02459716796875,7.16,training
4bgg,8.042073249816895,7.82,training
4bgh,7.064533233642577,8.4,training
4bgk,5.6716508865356445,6.28,training
4bgm,5.893282890319824,6.21,training
4bgx,5.71303653717041,1.77,training
4bgy,5.69951057434082,2.96,training
4bh3,4.5948896408081055,1.92,training
4bh4,5.36820125579834,1.49,training
4bhf,4.76121997833252,3.46,training
4bhi,5.591708183288574,7.05,training
4bhn,7.423072814941406,8.2,training
4bhz,5.382063865661621,4.27,training
4bi0,5.424461364746094,4.23,training
4bi1,5.888374328613281,4.16,training
4bi2,5.203766822814941,4.03,training
4bi6,3.6902446746826167,3.95,training
4bi7,3.3137943744659424,4.58,training
4bib,7.818066596984862,6.6,training
4bic,6.776900291442871,7.3,training
4bid,7.94583797454834,8.1,training
4bie,7.396575927734375,6.6,training
4bio,6.215533256530763,5.12,training
4bis,4.796048164367676,5.85,training
4bj8,9.562631607055664,8.29,training
4bj9,6.64958381652832,7.35,training
4bjb,6.559308052062987,6.66,training
4bjc,7.032371520996094,7.85,training
4bjx,6.3217525482177725,7.66,training
4bkj,7.924469947814941,8.72,training
4bks,5.721139907836914,3.82,training
4bky,7.838481903076173,7.92,training
4bkz,7.676362037658691,7.57,training
4blb,6.08812141418457,5.35,training
4bnt,5.080333709716797,3.86,training
4bnu,8.168732643127441,7.7,training
4bnv,7.463381767272949,7.52,training
4bnx,7.623359680175781,7.7,training
4bny,7.959462165832519,7.1,training
4bnz,6.391929626464844,6.59,training
4bo0,7.9197959899902335,6.7,training
4bo1,7.4825096130371085,7.3,training
4bo2,7.33167839050293,7.3,training
4bo3,7.197071075439452,6.52,training
4bo4,7.017666816711426,6.89,training
4bo5,7.374669075012207,7.1,training
4bo6,7.186443328857423,6.74,training
4bo7,7.356011390686035,7.0,training
4bo8,7.8182106018066415,6.92,training
4bo9,7.539691925048827,6.51,training
4bpi,6.341035842895508,6.17,training
4bpj,6.5859880447387695,6.0,training
4bps,4.77663516998291,2.99,training
4bqg,6.604226112365723,6.22,training
4bqh,6.72480583190918,5.59,training
4bqs,3.352339744567871,4.21,training
4bqt,6.864752769470215,5.79,training
4bqw,7.9742679595947275,7.48,training
4bqx,7.088328361511231,6.52,training
4bqy,7.591818809509277,5.96,training
4br3,7.2313175201416025,5.72,training
4brx,6.881405830383301,6.49,training
4bs4,7.21646785736084,8.22,training
4bs5,7.952771186828612,8.22,training
4bsq,7.656109809875487,9.15,training
4bt4,3.807178497314453,3.34,training
4bt5,4.406317710876465,2.76,training
4bt9,5.55533504486084,3.84,training
4btb,5.64098072052002,5.01,training
4bti,8.22402286529541,9.7,training
4btk,7.553422927856445,6.62,training
4btl,7.695838928222656,5.6,training
4btm,6.198311805725098,5.39,training
4btt,7.820225715637207,8.84,training
4btu,8.475417137145996,9.3,training
4btw,7.298483848571777,7.15,training
4btx,6.664628028869629,6.54,training
4bty,7.508378982543945,7.7,training
4buq,6.601956367492676,8.14,training
4bv2,4.349567413330078,3.74,training
4bvb,5.69472599029541,4.48,training
4bw1,6.1881141662597665,5.9,training
4bw2,6.262026786804199,5.2,training
4bw3,6.868562698364258,6.3,training
4bw4,7.140997886657715,6.2,training
4bxk,6.248435974121094,7.95,training
4bxn,5.812609672546388,8.0,training
4bxu,5.481161117553711,7.0,training
4byi,7.356646537780763,8.05,training
4byj,7.5166587829589835,6.57,training
4bzn,8.180124282836914,5.84,training
4bzo,8.258256912231445,7.89,training
4bzr,7.4042911529541025,7.6,training
4bzs,6.848532676696777,7.12,training
4c0r,6.080168724060059,4.91,training
4c16,5.737359046936035,4.96,training
4c1c,5.273253440856934,4.97,training
4c1d,6.744967460632324,5.36,training
4c1e,6.662724494934082,7.14,training
4c1f,5.384027004241943,4.63,training
4c1g,4.998578071594238,5.14,training
4c1h,4.896022319793701,4.09,training
4c1m,7.128067970275879,7.8,training
4c1t,5.274252891540527,7.15,training
4c1u,5.905888557434082,7.09,training
4c1w,4.809494972229004,9.41,training
4c1y,3.794936656951904,3.6,training
4c2v,8.897443771362305,9.0,training
4c35,7.0432682037353525,6.25,training
4c36,7.6186065673828125,7.7,training
4c37,8.062008857727049,7.71,training
4c38,7.752077102661133,7.76,training
4c3k,5.764328956604004,4.97,training
4c4e,7.426730155944824,7.6,training
4c4f,7.486530303955077,7.59,training
4c4g,8.172618865966799,8.22,training
4c4h,7.544729232788086,8.22,training
4c4i,7.450521469116211,7.66,training
4c4j,8.32316780090332,8.52,training
4c4n,6.168672561645508,6.1,training
4c5d,7.20783805847168,5.4,training
4c5w,4.2523155212402335,5.48,training
4c61,7.907791137695312,8.4,training
4c66,6.346375465393066,4.1,training
4c68,6.436319351196289,6.17,training
4c6u,5.125308036804199,4.59,training
4c6v,6.208193778991699,4.59,training
4c6x,5.497160911560059,3.76,training
4c6z,5.300042152404785,3.45,training
4c70,5.435884475708008,3.52,training
4c71,4.945740699768066,3.42,training
4c72,5.6358604431152335,5.09,training
4c73,6.876835823059082,4.92,training
4c7t,7.24073600769043,6.4,training
4c8r,6.724091529846191,6.82,training
4c94,5.168700695037842,5.05,training
4c9w,7.171673774719237,6.11,training
4c9x,7.7804298400878915,7.32,training
4ca6,7.188321113586426,6.74,training
4ca8,7.638054847717285,6.68,training
4cae,7.628561019897461,7.74,training
4caf,7.4121904373168945,7.12,training
4cbt,7.2851829528808585,7.3,training
4cby,7.305498123168945,7.7,training
4cc2,5.207297325134277,4.33,training
4cc3,5.112517356872559,4.14,training
4cc5,5.379892349243164,4.42,training
4cc6,7.709831237792969,6.64,training
4cc7,5.321523666381836,4.33,training
4ccd,5.105796813964844,4.49,training
4cd1,5.69937801361084,4.89,training
4cd4,6.3630619049072275,6.58,training
4cd5,6.6024112701416025,6.71,training
4cd6,4.4604268074035645,3.59,training
4cd8,5.010865211486816,2.89,training
4cdr,4.9647088050842285,5.1,training
4ce1,6.640461921691895,4.38,training
4ce2,6.460232734680176,3.84,training
4ce3,5.55438232421875,3.96,training
4cfe,7.657052040100098,7.22,training
4cff,7.08290958404541,6.4,training
4cfl,6.014283180236816,5.88,training
4cfm,6.248291969299316,4.74,training
4cft,5.457596778869629,4.95,training
4cfu,6.917400360107423,4.0,training
4cfv,7.2504825592041025,4.63,training
4cfw,7.357220649719237,6.29,training
4cfx,7.137974739074707,5.06,training
4cg9,6.923067092895508,6.21,training
4cga,7.179130554199219,6.4,training
4cgj,6.0586910247802725,2.84,training
4ch2,5.707000732421875,5.99,training
4ch8,5.054522514343262,5.99,training
4ci1,7.827038764953612,6.6,training
4ci2,8.521514892578125,6.75,training
4ci3,7.630125999450684,6.81,training
4cik,5.035968780517578,6.43,training
4civ,3.9073426723480233,4.95,training
4cix,5.509753227233887,4.47,training
4ciy,6.103602409362793,4.57,training
4ciz,6.197192192077638,7.29,training
4cj4,5.406633377075195,3.36,training
4cjn,5.158552169799805,4.76,training
4cjp,5.600291252136231,3.32,training
4cjq,5.888260841369629,3.59,training
4cjr,5.6152687072753915,3.1,training
4ck3,5.275293827056885,3.57,training
4cki,6.635378837585449,5.96,training
4ckj,5.706947326660156,4.84,training
4ckr,7.871352195739746,6.98,training
4cku,6.704816818237305,6.82,training
4cl6,6.437268257141112,5.39,training
4cl9,7.064658164978027,7.3,training
4clb,6.993112564086914,6.55,training
4cli,8.411435127258299,8.89,training
4clj,8.249161720275879,9.15,training
4clp,4.2823195457458505,1.27,training
4clz,6.537931442260742,4.37,training
4cmt,8.291914939880371,9.7,training
4cmu,8.281339645385742,9.7,training
4cnh,7.240622520446777,8.4,training
4cp5,4.937988758087158,3.34,training
4cp7,7.504575729370117,8.11,training
4cpq,7.8827857971191415,7.74,training
4cpr,7.801896095275879,7.46,training
4cps,8.799890518188477,8.27,training
4cpt,8.917919158935547,7.7,training
4cpu,8.644742965698242,7.53,training
4cpw,8.221371650695799,7.5,training
4cpx,8.142561912536621,7.77,training
4cq0,6.542848587036133,5.09,training
4cqe,8.297191619873049,8.43,training
4cqf,6.326878547668457,4.3,training
4cqg,8.308064460754395,9.39,training
4cr5,4.359977722167969,4.15,training
4crb,8.227828979492188,7.57,training
4crd,8.896251678466797,7.1,training
4crf,7.958698272705077,9.3,training
4crj,5.9383277893066415,5.96,training
4cs9,5.282273292541504,2.1,training
4csd,4.694886207580566,5.91,training
4csj,8.03409481048584,8.31,training
4csy,5.612521171569824,3.06,training
4ctj,3.172074794769287,2.51,training
4ctk,3.2705860137939453,2.0,training
4cts,2.770203113555908,5.0,training
4cu1,6.797604560852051,4.71,training
4cu8,4.796588897705078,4.47,training
4cwb,6.813094139099121,6.09,training
4cwf,6.2606048583984375,4.49,training
4cwn,6.999770164489746,5.59,training
4cwo,6.2152976989746085,5.21,training
4cwp,7.569849967956543,6.77,training
4cwr,7.775491714477539,8.3,training
4cws,8.449548721313478,7.92,training
4cxw,6.484755516052246,6.09,training
4cxx,7.878661155700684,5.68,training
4cxy,6.490272521972656,4.93,training
4cy1,6.378365516662598,6.74,training
4czs,5.6732177734375,5.0,training
4d08,8.271481513977049,8.0,training
4d09,8.272619247436522,8.77,training
4d0w,7.799262046813965,7.7,training
4d0x,8.536046028137207,8.1,training
4d1a,6.756488800048827,4.72,training
4d1b,5.858401298522949,4.44,training
4d1c,6.571234703063965,5.7,training
4d1d,6.52708625793457,5.74,training
4d1s,8.024662971496582,7.66,training
4d1y,5.7077693939208975,7.13,training
4d2d,3.780425548553467,3.47,training
4d2p,7.511853218078612,5.68,training
4d2r,7.195071220397949,5.48,training
4d2s,7.47557258605957,7.7,training
4d2t,6.503965377807617,6.0,training
4d2v,7.114865303039551,7.43,training
4d2w,5.857611656188965,4.51,training
4d3h,5.77993106842041,6.43,training
4d4d,5.301776885986328,5.96,training
4d52,3.164055347442627,3.11,training
4d62,4.47977876663208,2.44,training
4d63,4.186460494995116,1.64,training
4d83,7.8380069732666025,7.26,training
4d85,8.040641784667969,6.85,training
4d88,8.02264404296875,7.31,training
4d89,8.14818286895752,8.7,training
4d8a,5.690462112426758,3.42,training
4d8c,8.079938888549805,8.7,training
4d8e,4.876702308654785,7.01,training
4d8i,5.453385353088379,6.69,training
4d8n,6.623441696166992,5.74,training
4d8s,5.0908613204956055,6.49,training
4d9p,5.906115531921388,3.84,training
4da5,7.1383609771728525,6.44,training
4dai,5.169750690460205,6.96,training
4daw,7.1105613708496085,7.08,training
4db7,5.5126991271972665,6.56,training
4dbm,7.0660037994384775,7.62,training
4dbn,8.010655403137207,8.15,training
4dcd,6.1997623443603525,5.75,training
4dce,7.676388740539551,6.76,training
4dcs,5.834019660949707,5.1,training
4dcv,5.872917175292969,4.59,training
4dcx,7.5956878662109375,4.5,training
4dcy,6.463306427001952,4.52,training
4ddl,7.6791181564331055,8.31,training
4ddm,3.676577091217041,2.46,training
4dds,6.63641357421875,5.01,training
4ddy,5.45011043548584,5.62,training
4de0,5.173682689666748,5.89,training
4de5,3.0278210639953613,3.15,training
4de7,4.2216854095458975,4.8,training
4dea,7.331657409667969,6.59,training
4deb,7.2411136627197275,6.43,training
4ded,7.8481388092041025,7.42,training
4deg,8.271350860595701,8.22,training
4deh,7.807870864868164,6.21,training
4dei,8.228089332580566,9.0,training
4dem,6.770431518554688,7.55,training
4der,6.330707550048827,6.31,training
4det,6.280630111694336,5.68,training
4deu,6.110978126525879,5.64,training
4dfb,4.4474196434021,4.6,training
4dff,7.053743362426758,7.46,training
4dfg,9.770010948181152,11.74,training
4dfl,7.5721778869628915,6.17,training
4dfn,7.459827423095702,7.7,training
4dfu,6.048931121826173,4.6,training
4dfw,7.4410152435302725,7.85,training
4dgb,5.111754894256592,3.89,training
4dgg,6.884438514709473,6.1,training
4dgm,7.530720710754394,5.92,training
4dgn,7.5758304595947275,6.46,training
4dgo,6.914665222167969,6.24,training
4dgr,6.9190778732299805,5.04,training
4dh6,7.804329872131348,7.77,training
4dhf,8.183572769165039,7.55,training
4dhl,4.865304470062256,4.48,training
4dhm,5.119933605194092,3.78,training
4dhn,4.392594337463379,3.89,training
4dho,4.310348510742188,3.93,training
4dhp,4.3949642181396475,4.44,training
4dhq,5.065127372741699,4.49,training
4dhr,4.695979595184326,4.57,training
4dhs,4.564597129821777,4.8,training
4dht,4.285673141479491,4.82,training
4dhu,5.570556640625,5.3,training
4di2,7.927924156188965,8.26,training
4dij,7.616067886352539,7.52,training
4dj7,4.9508056640625,6.3,training
4djh,7.491589546203612,9.49,training
4djo,9.773653984069824,11.52,training
4djp,9.120951652526855,10.55,training
4djq,9.11723518371582,10.32,training
4djs,7.099897384643555,7.89,training
4djw,5.875633239746094,6.28,training
4djy,6.944596290588379,8.27,training
4dk5,8.371818542480469,8.4,training
4dk7,7.950745582580566,7.7,training
4dk8,8.447402000427246,5.74,training
4dkp,6.311847686767577,5.72,training
4dkt,6.309558868408202,4.8,training
4dlj,6.861783981323242,5.92,training
4dma,5.973367691040039,6.19,training
4dmn,4.833183288574219,5.64,training
4dmy,8.9606351852417,9.0,training
4dn0,5.362220764160156,5.72,training
4do3,4.986528396606445,4.1,training
4do4,6.267202377319336,7.29,training
4dow,5.6571083068847665,5.02,training
4dpf,7.334906578063965,6.4,training
4dpi,8.465105056762695,7.11,training
4dpt,5.909221649169923,7.3,training
4dpu,6.402603149414063,7.3,training
4dpy,4.960175514221191,5.37,training
4dq2,7.181897163391112,7.52,training
4dr9,7.548153877258301,8.0,training
4drk,7.267038345336914,5.08,training
4drm,7.244730949401855,5.24,training
4drn,6.846081733703612,5.24,training
4dro,6.73823356628418,5.41,training
4drp,6.992177963256836,5.41,training
4dru,7.69088077545166,8.62,training
4ds1,6.280769348144531,4.75,training
4dsy,4.845358848571777,4.43,training
4dt2,4.566441535949707,4.37,training
4dt6,7.315925598144531,7.23,training
4dtk,9.393386840820312,8.52,training
4dtt,6.579977989196777,5.54,training
4du8,5.4733991622924805,5.37,training
4dum,7.316327095031737,7.02,training
4dus,8.14262580871582,8.3,training
4dv8,7.760953903198242,9.24,training
4dv9,7.068305969238281,6.72,training
4dve,7.271611213684082,9.52,training
4dvf,7.163632392883301,6.89,training
4dvi,7.9630537033081055,6.72,training
4dwb,6.58802604675293,5.74,training
4dwg,7.026290893554688,7.24,training
4dwk,5.92814826965332,6.22,training
4dx9,5.198567390441895,5.3,training
4dxg,5.232274055480957,7.06,training
4dxj,6.6507978439331055,7.42,training
4dzw,5.643685340881348,7.89,training
4dzy,5.142868995666504,5.62,training
4e0w,6.779097557067871,7.48,training
4e0x,7.4047651290893555,7.12,training
4e1e,5.769044876098633,6.31,training
4e1k,6.882184982299805,6.3,training
4e1m,6.192231178283691,7.26,training
4e1n,7.30257511138916,7.17,training
4e1z,8.07325553894043,8.52,training
4e20,7.880139350891112,8.22,training
4e26,6.752336502075195,6.4,training
4e28,5.865455627441406,5.89,training
4e34,5.336052894592285,6.01,training
4e35,5.302173137664795,4.62,training
4e3b,6.3801021575927725,6.05,training
4e3d,4.028615951538087,2.3,training
4e3f,3.968852996826172,2.52,training
4e3g,3.558384895324707,4.97,training
4e3h,4.325596809387207,7.05,training
4e3i,7.545037269592285,8.89,training
4e3j,8.180304527282715,8.92,training
4e3k,8.988851547241211,9.1,training
4e3l,8.398135185241701,8.52,training
4e3m,8.684201240539549,9.7,training
4e3n,9.00836181640625,10.3,training
4e3o,6.514537811279298,6.51,training
4e49,4.0035457611083975,5.11,training
4e4a,3.782795667648315,2.05,training
4e4l,8.876723289489746,8.77,training
4e4n,8.322768211364746,9.05,training
4e4x,8.005107879638674,8.15,training
4e5d,7.073861122131348,6.22,training
4e5f,5.695925712585449,4.82,training
4e5g,6.067305564880371,4.67,training
4e5h,7.144794464111327,6.37,training
4e5i,6.593711853027344,5.3,training
4e5j,6.772512435913086,4.73,training
4e67,7.2904300689697275,6.48,training
4e6c,4.54096794128418,4.82,training
4e70,6.511664390563965,5.28,training
4e7r,7.512519836425781,7.7,training
4e81,6.033843994140625,5.24,training
4e8w,6.9508161544799805,6.09,training
4e8y,7.441823005676269,6.09,training
4e8z,6.898011207580566,6.64,training
4e90,8.527681350708008,8.1,training
4e93,7.880217552185059,6.93,training
4e96,5.998417854309082,6.66,training
4e9c,6.043126106262207,5.96,training
4e9d,7.241515159606934,7.7,training
4ea1,6.477256774902344,6.44,training
4ea3,8.185404777526855,9.57,training
4ear,8.865326881408691,9.82,training
4eb9,7.196991920471191,8.27,training
4ebv,7.024673461914063,5.38,training
4ebw,7.052654266357423,5.06,training
4ec0,6.769717216491699,6.07,training
4ec4,7.4053306579589835,7.6,training
4ede,7.322794914245605,7.38,training
4edu,4.953882217407227,3.99,training
4edy,5.992613792419434,5.83,training
4edz,7.730141639709473,8.08,training
4ee0,6.3726444244384775,8.63,training
4eeh,5.536291122436523,4.35,training
4eej,6.894806861877441,7.15,training
4eev,8.324076652526855,8.33,training
4ef4,5.365518093109131,5.35,training
4ef6,4.495047569274902,2.92,training
4efg,7.134788513183594,7.26,training
4efk,4.043492317199707,2.49,training
4eft,6.564201354980469,4.07,training
4efu,7.1681785583496085,6.6,training
4eg4,6.6736555099487305,7.89,training
4eg5,7.003532409667969,8.1,training
4eg6,7.6583805084228525,7.37,training
4eg7,5.604924201965332,7.34,training
4ega,7.4309749603271475,7.19,training
4egh,4.434052467346191,3.26,training
4egi,4.417078018188477,3.82,training
4egk,6.113644599914551,7.72,training
4eh2,5.129850387573242,3.16,training
4eh3,5.68289852142334,3.53,training
4eh4,4.0507402420043945,2.81,training
4eh5,4.427401542663574,3.09,training
4eh6,4.894353866577148,2.46,training
4eh7,4.722306728363037,3.28,training
4eh8,4.201756477355957,2.2,training
4eh9,6.206132888793945,2.26,training
4ehe,8.432212829589844,8.49,training
4ehg,8.3994140625,7.19,training
4ehm,6.710747718811035,5.85,training
4ehr,7.49640941619873,7.89,training
4ehv,5.385992050170898,2.29,training
4ehz,8.61668872833252,8.0,training
4ei4,8.234902381896973,8.74,training
4ej2,4.4967079162597665,2.49,training
4ej8,4.672009944915772,5.39,training
4ejf,5.411541938781738,5.1,training
4ejn,8.662545204162598,8.3,training
4ek9,4.184095382690431,4.42,training
4eke,5.311365127563477,4.48,training
4ekg,8.189290046691895,8.77,training
4eki,8.182371139526367,10.0,training
4el0,4.27196216583252,4.49,training
4el5,4.666521072387695,5.37,training
4el9,6.299054145812987,5.36,training
4elb,7.749746322631836,8.3,training
4elc,3.787360191345215,3.2,training
4ele,7.885330200195312,7.88,training
4elf,7.307797431945801,8.03,training
4elg,8.174471855163574,8.16,training
4elh,7.33076286315918,8.09,training
4em7,5.980500221252441,5.11,training
4emr,6.330690383911133,7.49,training
4emt,5.247740745544434,5.3,training
4emv,8.838736534118652,8.3,training
4enx,7.730327606201173,6.26,training
4eny,7.21256160736084,7.05,training
4eo4,6.419455528259277,6.35,training
4eoh,3.610059976577759,4.3,training
4eoi,7.485736846923827,6.05,training
4eok,7.064438819885254,5.07,training
4eol,7.40524959564209,6.05,training
4eon,7.342968940734862,6.05,training
4eop,7.252796173095702,6.05,training
4eos,7.3205623626708975,6.05,training
4eox,8.520608901977539,9.55,training
4eoy,6.857402801513673,6.49,training
4ep2,6.425333023071289,5.35,training
4epy,5.622515678405762,3.47,training
4eqc,8.703834533691406,8.1,training
4eqf,5.8130550384521475,6.81,training
4eqj,6.6295928955078125,5.6,training
4er1,7.831918716430664,6.62,training
4er4,7.05452823638916,6.8,training
4ere,6.291872024536133,8.38,training
4erk,6.000406265258789,4.57,training
4erq,6.305233955383301,7.12,training
4erw,8.300365447998049,8.15,training
4ery,6.118401527404785,7.27,training
4erz,6.485537528991699,7.06,training
4es0,5.717545509338379,6.99,training
4esg,6.101580619812013,5.56,training
4esi,5.65248966217041,4.15,training
4est,8.06626033782959,5.02,training
4eu3,3.072953224182129,0.82,training
4euc,5.482007026672363,6.1,training
4euv,5.863776206970215,6.3,training
4ew3,6.9440956115722665,6.74,training
4ewh,8.201628684997559,9.52,training
4ewo,8.489910125732424,7.36,training
4ewr,6.2253990173339835,6.27,training
4exg,7.708881378173827,8.07,training
4exh,6.527041435241699,6.15,training
4exs,5.931122779846191,4.41,training
4exz,7.487539291381836,7.54,training
4eyj,7.091919898986816,6.21,training
4eym,6.9745521545410165,4.01,training
4eyr,6.536850929260254,6.63,training
4ez3,6.094908714294434,4.35,training
4ez5,7.733377456665039,6.52,training
4ezj,8.799080848693848,8.42,training
4ezk,8.662818908691406,8.2,training
4ezl,8.919761657714844,8.59,training
4ezo,7.023512840270996,6.52,training
4ezq,5.455236434936523,5.2,training
4ezr,5.6099281311035165,5.2,training
4ezt,5.986788749694824,5.13,training
4ezw,5.335641860961914,6.0,training
4ezx,5.51634407043457,5.8,training
4ezy,5.482526779174805,5.65,training
4ezz,5.887743949890138,5.19,training
4f08,6.801494598388673,6.6,training
4f0c,6.142871856689452,6.27,training
4f14,5.027209758758545,4.89,training
4f1l,5.771267890930176,5.12,training
4f1q,4.4173665046691895,4.95,training
4f1s,8.655311584472656,8.7,training
4f20,5.353761672973633,3.29,training
4f39,5.991690635681152,5.7,training
4f3h,7.5745201110839835,6.38,training
4f3i,6.877275466918945,7.44,training
4f3k,9.92426300048828,10.16,training
4f49,6.6309547424316415,6.09,training
4f4p,7.593230247497559,9.22,training
4f5y,5.267150402069092,5.43,training
4f63,7.3881797790527335,6.3,training
4f64,7.952812194824219,7.2,training
4f65,7.97667121887207,8.6,training
4f6s,5.80663013458252,5.49,training
4f6u,6.631299018859862,6.15,training
4f6v,7.0307559967041025,5.8,training
4f6x,7.503663063049316,5.09,training
4f70,6.202035903930664,5.74,training
4f7j,6.652316093444824,5.24,training
4f7l,6.469613075256348,8.0,training
4f7n,7.402552604675293,7.1,training
4f8h,4.725730419158936,4.24,training
4f8j,4.573692321777344,5.07,training
4f9g,5.760666847229004,5.62,training
4f9u,6.260459899902344,6.03,training
4f9v,5.357668876647949,6.03,training
4f9y,7.224010467529298,6.74,training
4fab,6.149993896484375,8.06,training
4fai,7.237166404724121,6.99,training
4fak,6.442964553833008,4.28,training
4fbe,6.8067474365234375,6.99,training
4fbx,7.451693534851074,7.66,training
4fc0,8.138998985290527,7.16,training
4fcb,8.129570007324219,8.54,training
4fcd,7.84327507019043,9.55,training
4fcf,6.308485984802246,8.62,training
4fci,4.2142333984375,1.26,training
4fck,3.2350447177886963,1.26,training
4fcm,5.65744686126709,3.94,training
4fcq,7.3069400787353525,7.0,training
4fcr,8.795761108398438,9.4,training
4fe6,9.412610054016113,10.0,training
4fe9,4.2724270820617685,3.0,training
4fea,6.719451904296875,6.47,training
4fem,4.601114273071289,4.06,training
4feq,7.1186580657958975,5.96,training
4fev,6.376970291137695,5.42,training
4few,6.634666442871094,5.21,training
4ff8,6.7336368560791025,6.4,training
4ffs,11.276599884033205,10.44,training
4fgt,6.054525375366211,5.41,training
4fgx,7.3497066497802725,7.14,training
4fgy,6.468077659606934,6.3,training
4fgz,5.328948974609375,2.87,training
4fhh,7.122346878051758,7.46,training
4fhi,7.400968551635742,7.0,training
4fht,4.0732669830322275,6.17,training
4fi9,5.908387184143066,7.34,training
4fic,5.147790908813477,4.7,training
4fil,8.392359733581543,7.47,training
4fiv,6.317030906677246,6.52,training
4fjz,8.245256423950195,6.29,training
4fk6,8.471012115478517,9.7,training
4fk7,5.223269462585449,5.24,training
4fkk,7.758485794067383,9.3,training
4fl1,5.155574321746826,3.28,training
4fl2,5.596152305603027,3.66,training
4fl3,5.413447380065918,3.82,training
4flh,8.340275764465332,9.0,training
4fli,5.506914138793945,5.44,training
4flj,6.3729352951049805,5.13,training
4flk,6.139077186584473,5.25,training
4fll,6.692426681518555,5.29,training
4flp,6.529895782470702,6.72,training
4fm7,7.528220176696777,7.24,training
4fmn,5.250350475311278,6.1,training
4fmo,5.139193534851074,5.53,training
4fmq,5.746391296386719,5.05,training
4fmu,8.552912712097168,6.44,training
4fn5,7.0493812561035165,6.76,training
4fnn,6.151419639587402,7.57,training
4fns,5.511834144592285,6.7,training
4fny,7.841313362121582,7.8,training
4fnz,7.81590461730957,7.8,training
4fob,7.8756446838378915,8.3,training
4foc,7.693321228027344,8.52,training
4fod,7.975296020507812,8.92,training
4fp1,4.215173244476318,4.57,training
4fpf,4.93401575088501,4.41,training
4fpk,5.315743923187256,4.24,training
4fqo,5.54066276550293,5.16,training
4fr3,6.1740150451660165,7.15,training
4fri,7.718843460083008,5.55,training
4frj,7.860816955566406,6.55,training
4frk,8.843021392822266,8.1,training
4frs,6.900454521179199,8.77,training
4fs3,7.249589920043945,7.85,training
4fs4,6.632384300231934,6.57,training
4fse,6.819029808044434,7.4,training
4fsl,6.737810134887695,7.7,training
4ft2,4.97335147857666,5.64,training
4fvq,5.422962188720703,6.0,training
4fvr,5.586029052734375,6.0,training
4fxf,5.777520179748535,5.19,training
4fxj,3.7212123870849614,3.62,training
4fxq,6.72081184387207,5.77,training
4fxy,8.283956527709961,7.54,training
4fxz,5.3099942207336435,7.03,training
4fyh,6.437671661376952,4.85,training
4fyo,8.204880714416504,7.33,training
4fz3,4.8237342834472665,3.73,training
4fz6,6.750028610229492,6.9,training
4fzc,6.481290817260742,8.4,training
4fzg,6.2104759216308585,7.72,training
4fzj,4.105835914611816,3.15,training
4g0a,5.941511154174805,7.6,training
4g0c,7.825182914733888,7.92,training
4g0k,6.979572296142577,5.37,training
4g0l,5.114007949829102,5.19,training
4g0p,3.404521942138672,3.01,training
4g0y,3.8736646175384517,2.3,training
4g0z,4.533015251159668,2.21,training
4g11,6.989352226257324,5.0,training
4g16,6.782790184020996,6.85,training
4g17,6.651994705200195,7.54,training
4g19,4.555727005004883,3.58,training
4g1f,7.198686599731445,7.77,training
4g2f,6.973800659179688,6.8,training
4g2j,7.9833412170410165,7.96,training
4g2l,8.059841156005861,7.49,training
4g2r,6.0930585861206055,4.45,training
4g2w,7.689019203186035,8.8,training
4g2y,7.527580261230469,6.0,training
4g31,8.067763328552246,9.4,training
4g34,7.464031219482423,7.93,training
4g3e,8.48189640045166,8.38,training
4g3f,7.8326053619384775,8.36,training
4g3g,7.650686264038086,8.43,training
4g4p,6.43533992767334,6.89,training
4g55,5.863520622253418,4.92,training
4g5f,3.1451940536499023,3.05,training
4g5y,3.547044277191162,2.77,training
4g68,5.271041870117188,7.92,training
4g69,4.753781318664551,5.98,training
4g8l,7.01777458190918,8.0,training
4g8o,6.754242897033691,7.66,training
4g8r,5.479262351989746,7.66,training
4g8v,5.206034660339356,5.8,training
4g8y,4.627845764160156,4.59,training
4g90,4.804768085479736,4.51,training
4g93,6.881382942199707,3.52,training
4g95,7.2321205139160165,7.61,training
4g9c,8.314712524414062,8.64,training
4ga3,6.977714538574219,7.52,training
4gao,5.484505653381348,5.74,training
4gb9,8.935941696166992,6.27,training
4gby,5.760465621948242,3.46,training
4gbz,5.025169849395752,3.11,training
4gcj,8.059476852416992,7.7,training
4gd6,6.940337181091309,7.38,training
4gdy,8.390981674194336,7.08,training
4ge1,6.510100364685059,6.43,training
4ge2,5.914888381958008,6.05,training
4ge4,8.690078735351562,8.11,training
4ge5,6.525212287902832,6.57,training
4ge6,6.273825645446777,7.47,training
4ge7,8.841069221496582,8.15,training
4ge9,8.642646789550781,8.8,training
4gee,8.375134468078612,9.0,training
4gfd,8.243021011352539,9.48,training
4gfn,8.287352561950684,8.3,training
4gfo,6.965005874633789,6.62,training
4gg5,8.883727073669434,9.03,training
4gg7,8.373884201049805,8.2,training
4ggl,8.944173812866211,9.0,training
4ggz,10.717823028564453,10.18,training
4gh6,8.048750877380371,7.68,training
4ghi,7.6960248947143555,7.09,training
4ght,8.203083992004395,5.78,training
4gih,7.742380142211914,8.32,training
4gii,8.13550853729248,8.74,training
4giu,5.116833686828613,5.33,training
4gj2,8.015034675598145,8.6,training
4gj3,8.061338424682617,8.85,training
4gj6,6.006573677062987,5.12,training
4gj7,7.839215278625487,6.77,training
4gj8,5.041062355041504,3.3,training
4gj9,5.9422712326049805,3.3,training
4gja,7.035428047180176,5.92,training
4gjb,6.236539840698242,4.0,training
4gjc,6.407604217529298,7.05,training
4gjd,7.980145454406737,8.52,training
4gk2,8.741969108581543,8.8,training
4gk3,8.155828475952147,7.25,training
4gk4,8.578818321228027,7.85,training
4gk7,6.276061058044434,7.9,training
4gkc,7.555948257446289,6.82,training
4gki,6.363758087158202,4.46,training
4glr,6.326128959655763,9.46,training
4glw,6.0077877044677725,6.1,training
4glx,7.314578056335449,7.8,training
4gly,7.150465965270996,5.11,training
4gm3,7.479262351989746,9.0,training
4gm8,8.168452262878418,9.0,training
4gmc,6.9850196838378915,7.74,training
4gmy,7.392271995544434,7.55,training
4gne,5.352923393249512,2.47,training
4gnf,5.314376831054688,3.35,training
4gng,5.1229591369628915,3.54,training
4gpk,5.764554023742676,7.52,training
4gpl,6.127942085266112,5.89,training
4gq4,6.949862480163574,7.66,training
4gq6,6.543438911437987,7.28,training
4gql,8.016136169433594,9.59,training
4gqp,7.432879447937013,9.6,training
4gqr,5.848433494567871,3.96,training
4gr3,7.595409393310548,7.81,training
4gr8,7.7246551513671875,7.83,training
4gs6,6.742056846618652,7.15,training
4gs8,5.29057502746582,7.0,training
4gs9,3.915354013442993,5.66,training
4gsc,5.039313316345215,5.85,training
4gsy,7.468767166137695,6.92,training
4gtm,7.102323532104492,8.04,training
4gto,8.371621131896973,7.98,training
4gtp,7.7402610778808585,7.94,training
4gtq,7.566591262817383,8.3,training
4gtr,7.626832962036133,8.3,training
4gts,7.014961242675781,7.89,training
4gtt,7.750810623168945,8.22,training
4gtv,7.5737266540527335,7.42,training
4gu9,6.3291425704956055,4.37,training
4gue,6.5773868560791025,5.24,training
4gui,4.41118049621582,3.64,training
4guj,3.781296968460083,3.05,training
4gv1,8.178177833557129,8.52,training
4gv8,5.503478050231934,6.49,training
4gvc,5.923644065856934,4.71,training
4gvd,5.0320472717285165,4.57,training
4gvm,6.101815223693848,6.11,training
4gvu,7.645617485046388,7.52,training
4gw1,6.7516422271728525,6.37,training
4gw5,6.8781328201293945,5.46,training
4gw6,6.528422355651856,6.2,training
4gw8,7.550858497619629,6.06,training
4gwi,4.609594821929932,3.69,training
4gwk,3.020792961120605,3.34,training
4gxl,5.8237714767456055,5.28,training
4gxs,5.451142311096191,4.0,training
4gy5,5.424783706665039,6.82,training
4gye,7.304701805114746,6.85,training
4gz3,4.214415550231934,5.74,training
4gzf,7.192317008972168,8.36,training
4gzp,7.954436302185059,7.84,training
4gzx,5.505573272705078,3.19,training
4h1e,7.779855728149414,8.52,training
4h1j,6.777687072753906,5.92,training
4h1m,6.963143348693848,7.11,training
4h2j,7.21274471282959,5.32,training
4h2m,6.940865516662598,5.21,training
4h2o,6.405397415161133,5.52,training
4h36,5.144247055053711,4.27,training
4h38,6.199840545654298,6.04,training
4h39,5.62752628326416,6.68,training
4h3a,5.451204299926758,6.29,training
4h3b,6.100390434265138,5.17,training
4h3c,5.462579727172852,5.72,training
4h3i,7.3523807525634775,8.52,training
4h3j,7.060210227966309,7.05,training
4h3q,5.4786720275878915,5.1,training
4h42,5.200244903564453,3.47,training
4h4b,5.307014465332031,2.7,training
4h4d,6.334067344665527,6.82,training
4h4e,5.4616804122924805,6.68,training
4h4m,7.912717819213867,8.52,training
4h58,7.4553728103637695,6.72,training
4h5c,6.874378204345702,7.55,training
4h5d,6.636456489562987,6.24,training
4h5e,4.85752010345459,6.07,training
4h71,3.632321834564209,4.45,training
4h75,5.4385833740234375,6.6,training
4h7q,5.6763343811035165,5.06,training
4h81,5.176206588745117,5.12,training
4h85,5.884123802185059,5.15,training
4hai,7.755044937133789,8.1,training
4hbn,5.887696266174316,6.1,training
4hbp,7.1552734375,8.42,training
4hbv,4.544023990631104,4.64,training
4hbw,5.801520347595215,5.32,training
4hbx,6.138604164123535,5.72,training
4hby,6.0407371520996085,5.36,training
4hco,4.237485885620116,4.32,training
4hct,7.986012458801269,7.14,training
4hcu,7.751212120056152,8.0,training
4hcv,7.673867225646973,6.4,training
4hcz,4.97386360168457,4.44,training
4hdb,9.413174629211426,8.05,training
4hdc,8.416318893432617,8.92,training
4he9,10.250290870666504,8.46,training
4heg,9.018158912658693,8.92,training
4hej,7.722159385681152,4.62,training
4heu,8.326313018798826,10.01,training
4hev,6.6627559661865225,6.34,training
4hf4,9.073222160339355,8.62,training
4hfp,7.879857063293457,7.38,training
4hfz,6.9595985412597665,5.72,training
4hg7,7.001415252685548,7.05,training
4hgc,7.237283706665039,10.0,training
4hgl,8.300713539123535,8.1,training
4hgs,9.052123069763184,8.3,training
4hgt,8.404482841491701,7.4,training
4hhy,8.224702835083008,8.72,training
4hhz,7.724686622619629,7.72,training
4hiq,6.772181510925293,8.21,training
4his,7.282773971557617,8.09,training
4hj2,5.685793876647949,2.53,training
4hki,7.021515846252441,6.85,training
4hkk,7.086349487304688,5.54,training
4hkn,6.889159202575684,5.96,training
4hkp,4.670280456542969,4.55,training
4hl5,6.737597465515138,6.35,training
4hlc,7.529754638671875,6.76,training
4hld,7.8928489685058585,9.3,training
4hlf,6.413714408874513,6.06,training
4hlg,6.577483177185059,6.51,training
4hlh,6.919179916381836,5.96,training
4hlk,7.159956932067871,5.96,training
4hlm,7.0354509353637695,6.77,training
4hlw,5.52860164642334,5.38,training
4hmh,6.588253974914551,6.21,training
4hmk,5.173206329345703,6.1,training
4hmq,6.714722633361816,8.24,training
4hn2,7.010183334350586,6.89,training
4hnc,4.775826454162598,3.17,training
4hnf,7.259931564331055,6.15,training
4hni,7.716521263122559,7.49,training
4hnn,4.456816673278809,5.7,training
4hnp,6.41129207611084,6.78,training
4hod,5.4213972091674805,6.1,training
4hp0,6.005044937133789,6.12,training
4hpi,5.524187088012695,4.85,training
4hpy,6.963264465332031,9.92,training
4hra,8.557509422302246,10.1,training
4hrc,6.89842414855957,8.92,training
4hrd,7.4194374084472665,8.82,training
4hs6,6.702720642089844,7.52,training
4hs8,6.390425682067871,7.92,training
4hso,4.420340538024902,4.66,training
4ht0,8.658068656921388,8.0,training
4ht6,5.423499584197998,6.21,training
4htp,6.500504493713379,5.62,training
4htx,8.277724266052246,8.33,training
4hu1,8.549771308898926,7.54,training
4huo,6.227272033691406,4.7,training
4hup,6.182303428649902,4.82,training
4hv3,6.803237915039063,3.94,training
4hv7,5.9549055099487305,3.52,training
4hva,6.0920820236206055,5.89,training
4hvb,8.770747184753418,9.95,training
4hvd,8.204339981079103,8.85,training
4hvg,8.105097770690918,7.77,training
4hvh,8.132237434387207,7.72,training
4hvi,7.798879623413086,7.16,training
4hvs,7.878045082092285,7.8,training
4hw2,6.58759880065918,7.26,training
4hw3,6.728140830993652,6.49,training
4hw7,7.8006553649902335,7.21,training
4hwb,5.534902572631836,9.24,training
4hwo,7.625369071960449,8.54,training
4hwp,7.2338714599609375,7.76,training
4hwr,7.572253227233888,6.74,training
4hwt,7.397459983825684,4.3,training
4hww,5.5935707092285165,6.65,training
4hxj,4.325295925140382,4.13,training
4hxl,6.874786376953125,5.66,training
4hxm,6.195039749145508,6.1,training
4hxq,5.565590858459473,7.22,training
4hxr,5.941590309143066,5.39,training
4hxs,5.631629943847656,5.39,training
4hxw,8.300108909606934,8.7,training
4hxz,7.00372314453125,6.05,training
4hy0,6.369579315185548,6.7,training
4hy4,6.686943054199219,8.57,training
4hy5,6.2173805236816415,8.89,training
4hy9,6.418624877929688,7.1,training
4hyb,7.101504325866699,6.46,training
4hyf,8.768033981323242,7.6,training
4hyh,8.807701110839844,9.0,training
4hyi,9.371583938598633,8.52,training
4hys,6.503887176513673,7.26,training
4hyu,7.1914472579956055,8.21,training
4hz5,7.092778205871582,5.92,training
4hze,5.804276466369629,6.29,training
4hzm,4.815724849700928,4.63,training
4hzt,6.498560905456543,6.12,training
4hzw,8.349492073059082,8.88,training
4hzx,8.724137306213379,9.3,training
4hzz,7.200362205505371,8.08,training
4i06,5.778215408325195,7.17,training
4i0d,6.78524112701416,6.21,training
4i0f,6.859375953674316,6.35,training
4i0r,7.659120559692383,7.85,training
4i0s,7.741814613342285,7.44,training
4i0t,7.700182914733888,7.59,training
4i0z,6.093263626098633,6.33,training
4i10,6.429675102233888,6.77,training
4i11,4.652410507202148,4.57,training
4i12,7.084566116333008,6.39,training
4i1c,7.002166748046875,8.1,training
4i1r,6.630021095275879,4.65,training
4i2w,5.127458572387695,3.92,training
4i2z,5.55296516418457,4.87,training
4i31,6.00533390045166,9.32,training
4i32,5.878837585449219,7.24,training
4i33,5.77489185333252,8.33,training
4i3z,5.78709888458252,4.29,training
4i47,3.7268891334533687,6.92,training
4i4e,7.573573112487793,6.3,training
4i4f,7.618213653564452,6.19,training
4i54,7.303423881530763,6.96,training
4i5c,8.08518123626709,8.82,training
4i5h,8.798088073730469,8.7,training
4i5m,8.065465927124022,8.06,training
4i5p,6.762799263000487,6.42,training
4i60,6.793684959411621,5.73,training
4i67,5.542483329772949,6.35,training
4i6b,6.836773872375487,5.93,training
4i6f,8.007455825805664,8.3,training
4i6h,8.521282196044924,8.3,training
4i6q,7.854273796081543,7.52,training
4i72,9.794808387756348,9.05,training
4i73,8.214591026306152,6.72,training
4i74,8.265737533569336,6.72,training
4i7b,5.386185646057129,5.7,training
4i7c,5.580949783325195,8.22,training
4i7d,5.491851806640625,7.0,training
4i7f,8.275618553161621,7.0,training
4i7j,3.3774728775024414,3.32,training
4i7k,4.356721878051759,3.04,training
4i7l,3.840573072433472,3.99,training
4i7m,4.79841423034668,4.14,training
4i7p,4.1329870223999015,3.5,training
4i80,6.840018272399902,7.62,training
4i8n,6.418323516845702,4.46,training
4i8x,3.940842866897583,2.64,training
4i8z,9.048101425170898,11.05,training
4i9c,5.731842994689941,5.51,training
4i9h,7.591317176818848,7.17,training
4i9i,8.739531517028809,8.1,training
4i9o,5.397357940673828,5.72,training
4i9r,7.044057846069336,6.95,training
4i9s,7.114361763000487,6.79,training
4i9u,5.482526779174805,3.86,training
4i9z,7.909581184387207,7.74,training
4ia0,7.808828353881836,7.11,training
4iaw,7.61807918548584,9.63,training
4iax,7.515756607055664,9.56,training
4ib5,6.156017303466798,6.25,training
4ibb,5.249554634094238,3.57,training
4ibe,5.461619377136231,4.15,training
4ibf,5.658210754394531,4.43,training
4ibi,5.72442626953125,4.14,training
4ibm,7.462887763977051,5.74,training
4idn,5.570124626159668,5.24,training
4ido,5.341025352478027,4.93,training
4idt,7.834643363952638,7.0,training
4idv,7.970531463623048,7.4,training
4idz,4.315035343170166,4.36,training
4ie0,6.1982831954956055,5.08,training
4ie2,5.6172142028808585,5.35,training
4ie3,5.811205863952638,6.01,training
4ie4,6.043132781982423,5.48,training
4ie5,4.6354570388793945,4.82,training
4ie6,6.517404556274414,5.55,training
4ie7,5.405562400817871,5.05,training
4ifh,6.699002265930176,5.21,training
4ifi,5.071540355682373,5.48,training
4igk,5.310436725616455,4.55,training
4igq,5.36270809173584,4.52,training
4igr,6.4978294372558585,7.2,training
4igt,7.394703865051269,7.89,training
4ih3,4.8971710205078125,4.82,training
4ih6,6.715883255004883,4.74,training
4iho,6.455421447753906,5.1,training
4ii9,6.1161556243896475,6.03,training
4iic,5.699698448181152,4.85,training
4iid,4.318756103515625,5.62,training
4iie,4.8515048027038565,2.34,training
4iif,5.906596183776856,5.18,training
4ij1,4.396809101104736,5.4,training
4ijh,5.074620246887207,4.33,training
4ijl,5.559300422668457,3.87,training
4ijp,7.166206359863281,7.8,training
4ijq,7.324629783630371,7.52,training
4ikn,4.770355224609375,4.85,training
4ikr,7.856033325195312,6.23,training
4iks,7.4073848724365225,5.14,training
4ikt,8.276579856872559,6.17,training
4iku,7.39735221862793,5.75,training
4im0,7.932663917541504,7.72,training
4imq,6.36415958404541,5.82,training
4imz,5.445334434509277,6.92,training
4in9,6.518380165100098,4.97,training
4inb,8.190958976745605,6.05,training
4inh,6.743208885192871,6.25,training
4inr,6.570169448852539,5.59,training
4int,6.745879173278809,5.8,training
4inu,6.787919998168945,9.26,training
4io2,5.250418186187744,6.7,training
4io3,5.089724063873291,6.06,training
4io7,3.832775115966797,3.68,training
4io8,6.41526985168457,6.64,training
4ipf,7.4219932556152335,7.74,training
4ipj,3.652889013290405,4.87,training
4ipn,4.654235363006592,3.39,training
4iq6,7.4444923400878915,7.24,training
4iqt,5.962262153625487,6.11,training
4iqu,5.496063232421875,6.24,training
4ir5,5.646124839782715,6.21,training
4ir6,6.340876579284668,6.08,training
4irx,5.884247779846191,6.12,training
4is6,7.1848649978637695,6.2,training
4ish,7.7067670822143555,8.72,training
4isi,8.012576103210451,8.14,training
4ith,7.2438716888427725,6.5,training
4iti,7.725664138793945,6.36,training
4itj,6.806009292602539,6.42,training
4itp,8.365228652954103,7.27,training
4iu0,5.543145179748535,5.89,training
4iu1,4.433744430541992,4.3,training
4iu4,5.63304328918457,5.0,training
4iue,6.925291061401367,6.55,training
4iuo,4.755134582519531,3.64,training
4iur,5.474438667297363,5.58,training
4iut,5.452919006347656,5.72,training
4iuu,5.327610492706299,5.65,training
4iuv,5.7145347595214835,5.72,training
4iva,8.428600311279299,7.16,training
4ivk,5.695750236511231,3.85,training
4ivs,7.028502464294434,7.36,training
4ivt,7.238526344299316,6.0,training
4iwd,8.012399673461914,9.0,training
4ixh,7.150705337524414,8.21,training
4ixu,6.453703880310059,7.64,training
4ixv,6.217507362365723,6.62,training
4iz0,6.122200965881348,4.0,training
4izm,4.300132751464844,6.66,training
4izy,7.424424171447754,8.52,training
4j03,8.124350547790527,7.59,training
4j04,6.2701377868652335,4.96,training
4j06,5.708521842956543,5.34,training
4j08,6.108933448791504,6.66,training
4j09,6.824399948120117,4.77,training
4j0a,6.268949508666992,6.8,training
4j0p,7.680365562438965,7.29,training
4j0r,6.358776092529298,6.41,training
4j0s,5.9816551208496085,6.42,training
4j0t,7.523449897766112,6.74,training
4j0v,7.987410545349121,7.55,training
4j0y,8.036933898925781,6.36,training
4j0z,7.324139595031737,7.11,training
4j17,7.359758377075195,7.27,training
4j1c,7.843161582946777,7.31,training
4j1e,7.718161582946777,7.72,training
4j1f,6.822710037231445,7.92,training
4j1h,7.658356666564941,6.11,training
4j1i,7.9058284759521475,7.4,training
4j1k,7.166440010070801,7.89,training
4j1p,7.633745193481445,7.05,training
4j22,7.775023460388184,7.74,training
4j24,6.222578048706055,7.3,training
4j26,6.0793867111206055,5.44,training
4j2c,6.886897087097168,5.25,training
4j2t,8.206395149230957,7.96,training
4j3d,7.813425064086914,8.28,training
4j3e,7.155441284179688,7.06,training
4j3i,6.363389015197754,5.74,training
4j3j,7.268362998962402,7.51,training
4j3m,7.069551467895508,7.68,training
4j3u,5.648271560668945,6.34,training
4j45,5.0049166679382315,5.77,training
4j46,5.935863494873048,5.28,training
4j47,5.74952507019043,4.92,training
4j48,5.335078239440918,5.62,training
4j4n,6.5113630294799805,6.88,training
4j4o,7.132281303405763,6.9,training
4j4v,5.663572311401367,6.36,training
4j51,5.788765907287598,6.59,training
4j52,8.036192893981934,8.52,training
4j53,8.47327995300293,8.7,training
4j5p,7.788163185119629,7.92,training
4j6i,7.987770080566406,8.85,training
4j70,5.770204544067383,5.24,training
4j73,5.453695297241211,4.56,training
4j74,5.791041374206543,4.59,training
4j77,4.826009750366211,5.47,training
4j78,5.580418586730957,4.65,training
4j79,5.564653396606445,3.1,training
4j7d,7.1603736877441415,4.7,training
4j7e,6.258957862854004,4.85,training
4j7i,5.468416213989258,5.06,training
4j81,5.3676109313964835,4.5,training
4j82,5.16881275177002,4.35,training
4j84,5.9473609924316415,4.69,training
4j86,5.575818061828613,3.77,training
4j8b,5.590703964233398,4.79,training
4j8g,5.875853538513184,4.19,training
4j8m,8.206459045410156,7.32,training
4j8r,5.366063117980957,7.7,training
4j8s,6.291889190673827,5.7,training
4j8t,7.4950828552246085,6.77,training
4j93,5.384026527404785,4.7,training
4j9a,7.872556686401367,8.22,training
4jai,7.5189619064331055,8.4,training
4jaj,5.536603927612305,5.26,training
4jal,6.36943244934082,4.6,training
4jaz,5.446863174438477,5.04,training
4jbl,4.319605827331543,3.27,training
4jbo,7.8109846115112305,7.62,training
4jbp,7.714567184448242,7.39,training
4jbs,6.602566719055176,7.96,training
4jck,3.418914794921875,2.37,training
4jda,6.148069381713867,6.29,training
4jdf,4.322896480560304,2.19,training
4je7,7.210061073303223,6.4,training
4je8,6.111116409301758,5.21,training
4jfd,5.6502532958984375,4.44,training
4jfe,5.703474998474121,4.51,training
4jff,5.9099884033203125,9.22,training
4jfi,6.6203670501708975,4.74,training
4jfj,7.22243595123291,5.68,training
4jfk,6.992854118347168,6.44,training
4jfl,6.739523887634277,4.98,training
4jfm,6.867194175720215,5.48,training
4jft,7.014510154724121,5.46,training
4jfv,7.1999149322509775,6.28,training
4jfw,6.763985633850098,6.34,training
4jfx,6.087733268737793,6.44,training
4jfz,6.803367614746094,7.15,training
4jg0,6.547121047973633,6.76,training
4jg1,6.485422134399414,6.63,training
4jg6,5.230130195617676,6.44,training
4jg7,6.563612937927246,6.92,training
4jg8,7.356614112854004,8.6,training
4jgv,5.246410369873047,6.57,training
4jh0,7.716157913208008,9.03,training
4jhq,7.234326362609862,7.74,training
4jht,6.411993980407715,4.99,training
4jhz,5.899075508117676,6.02,training
4jib,8.113275527954103,7.35,training
4jik,8.097071647644043,7.74,training
4jin,6.226702690124513,5.64,training
4jit,5.800271987915039,6.64,training
4jiz,6.287327766418457,5.62,training
4jj7,7.469655036926269,6.4,training
4jj8,7.004901885986327,6.14,training
4jje,7.9855918884277335,7.64,training
4jjf,7.624588966369629,8.0,training
4jjg,7.718606948852539,8.7,training
4jjm,7.292613983154298,7.57,training
4jjq,4.8064165115356445,5.03,training
4jjs,6.023362159729004,6.7,training
4jju,7.154492378234862,6.29,training
4jk5,6.724620819091798,7.55,training
4jk6,6.921058654785156,7.19,training
4jkt,7.9364070892333975,7.09,training
4jkw,5.0290565490722665,4.16,training
4jlg,8.327750205993652,8.7,training
4jlh,6.1050357818603525,5.4,training
4jlj,6.903441429138184,6.13,training
4jlm,7.349964141845702,7.64,training
4jln,7.891909599304199,7.78,training
4jls,5.400790214538574,5.66,training
4jmg,6.8569984436035165,8.82,training
4jmh,7.18526554107666,8.68,training
4jmu,6.9648942947387695,5.47,training
4jmx,6.5419654846191415,7.21,training
4jn2,8.072254180908201,11.68,training
4jn4,5.624026298522949,5.86,training
4jnc,8.867941856384277,8.52,training
4jne,5.51924991607666,5.86,training
4jnj,9.148214340209961,9.07,training
4jnm,8.068199157714844,8.52,training
4joa,7.286158561706543,7.54,training
4joe,5.158868312835693,3.56,training
4jof,5.169663906097412,4.17,training
4jog,4.990795135498047,3.72,training
4joh,5.264514923095703,3.35,training
4joj,5.137896537780762,3.96,training
4jok,5.1956329345703125,4.07,training
4joo,6.136629104614258,4.43,training
4jp9,6.916668891906737,7.62,training
4jpa,7.382736206054687,8.48,training
4jpc,6.4361915588378915,7.03,training
4jpe,6.781918525695801,7.32,training
4jps,8.143397331237793,8.3,training
4jpx,4.316427230834962,5.15,training
4jpy,4.1878662109375,4.43,training
4jq7,7.601211547851562,6.41,training
4jq8,7.355120658874513,8.1,training
4jql,6.3728790283203125,6.0,training
4jr0,7.6588544845581055,8.2,training
4jr3,7.8533897399902335,6.66,training
4jr5,7.763650894165039,8.15,training
4jrg,6.904631614685059,6.71,training
4jrv,7.769287109375,7.54,training
4jsa,5.15593147277832,4.96,training
4jsc,7.408902168273926,7.13,training
4jsr,8.041930198669434,8.4,training
4jss,3.9611213207244873,3.3,training
4jt8,7.936521530151367,7.48,training
4jt9,7.317507743835449,8.14,training
4ju3,6.486933708190918,7.07,training
4ju4,6.717836380004883,6.47,training
4ju6,6.311827659606934,6.17,training
4ju7,6.311827659606934,6.17,training
4jv6,7.146127700805664,6.66,training
4jv7,6.776093482971191,6.0,training
4jv8,8.231821060180664,5.85,training
4jv9,6.836271286010742,5.74,training
4jvb,8.772454261779785,7.41,training
4jve,6.76375675201416,7.07,training
4jvi,6.667771339416504,5.3,training
4jvj,6.852357864379883,7.66,training
4jvq,7.184723854064941,6.2,training
4jwk,4.511281967163086,8.32,training
4jwr,6.622332572937013,6.21,training
4jx7,7.1243858337402335,6.91,training
4jx9,4.342325687408446,8.62,training
4jxv,6.238875389099121,4.51,training
4jxw,6.195089340209961,4.72,training
4jyt,7.9022932052612305,7.4,training
4jyu,7.8781776428222665,8.0,training
4jyv,7.994919776916504,7.77,training
4jz1,8.000392913818361,6.7,training
4jzb,6.682566642761231,6.47,training
4jzd,7.376917839050293,8.3,training
4jze,8.568398475646973,8.15,training
4jzf,8.061930656433105,6.76,training
4jzi,7.714232444763184,7.4,training
4jzr,7.789122581481934,7.8,training
4k0o,4.518987655639648,3.0,training
4k0u,6.203451156616211,7.26,training
4k0y,7.995908737182617,7.82,training
4k10,5.45059871673584,6.92,training
4k19,6.579954147338867,8.36,training
4k1b,8.375354766845701,11.52,training
4k2f,7.556225776672362,7.4,training
4k2g,7.192025184631348,7.7,training
4k2y,3.888991594314575,3.33,training
4k3k,4.753618240356445,2.35,training
4k3l,5.170032978057861,2.96,training
4k3m,4.935161590576172,3.55,training
4k3n,7.62217903137207,7.96,training
4k3o,5.586393356323242,4.44,training
4k3p,5.200117111206055,5.8,training
4k3q,5.127774238586426,3.94,training
4k3r,5.267836570739746,3.59,training
4k42,5.960826873779298,6.55,training
4k43,7.803373336791992,6.88,training
4k4e,7.701102256774902,7.62,training
4k4f,7.151848793029785,6.7,training
4k4j,7.696059226989746,6.12,training
4k5l,5.508078575134277,4.96,training
4k5m,5.099624156951903,3.71,training
4k5n,4.5559043884277335,3.9,training
4k5o,5.813641548156737,3.98,training
4k5p,4.835139751434326,3.46,training
4k5y,7.048811912536621,8.17,training
4k5z,3.745691299438477,3.0,training
4k60,4.200138568878174,3.24,training
4k63,5.7792110443115225,4.22,training
4k64,4.440525531768799,3.0,training
4k66,4.67949104309082,3.26,training
4k67,4.528301239013672,3.43,training
4k69,7.625361442565918,7.4,training
4k6t,5.070688724517822,4.1,training
4k6u,5.0514092445373535,4.14,training
4k6v,5.18435001373291,4.63,training
4k6w,5.200827121734619,5.35,training
4k6y,5.2387046813964835,4.83,training
4k6z,8.28328800201416,8.7,training
4k72,4.64966344833374,3.0,training
4k75,5.438335418701172,4.25,training
4k76,5.626992225646973,5.35,training
4k78,5.384851932525635,4.79,training
4k7i,3.265159368515014,2.82,training
4k7n,3.852867126464844,3.48,training
4k7o,3.776703357696533,4.3,training
4k8a,5.814120292663574,4.02,training
4k8o,5.485429763793945,3.77,training
4k8s,7.043940544128418,7.44,training
4k9g,7.593399047851562,5.82,training
4k9h,7.862394332885742,7.12,training
4k9y,7.782449722290039,6.95,training
4kab,4.505755424499512,4.03,training
4kai,8.158926010131836,7.3,training
4kao,7.7354373931884775,6.11,training
4kb7,7.276193618774414,7.49,training
4kb8,7.4790592193603525,7.89,training
4kb9,9.983031272888184,11.0,training
4kba,7.49041748046875,8.22,training
4kbc,7.369688034057617,7.85,training
4kbi,8.162659645080566,7.49,training
4kbk,7.339588165283202,8.18,training
4kby,6.991759300231934,6.73,training
4kc1,4.9687700271606445,2.91,training
4kc2,4.858458518981934,3.31,training
4kc4,5.0708656311035165,3.23,training
4kcg,8.012399673461914,8.3,training
4ke0,7.651914596557617,7.77,training
4ke1,7.670732498168945,8.6,training
4keq,4.5568952560424805,3.82,training
4kfp,8.363396644592285,8.0,training
4kfq,6.758445739746094,8.23,training
4kg1,6.706542015075684,6.56,training
4kif,4.514901161193848,4.84,training
4kii,6.589317321777344,6.23,training
4kij,5.931807518005371,4.3,training
4kil,6.6298255920410165,6.3,training
4kin,7.096247673034668,8.32,training
4kio,7.3029422760009775,6.3,training
4kip,8.027647972106934,8.15,training
4kiq,7.9427127838134775,7.64,training
4kiw,6.246222496032715,5.12,training
4kju,6.009780883789063,8.22,training
4kjv,6.610218048095702,7.74,training
4klb,5.96464729309082,4.16,training
4kln,5.809554100036621,7.7,training
4klv,4.0763115882873535,3.78,training
4km0,6.695050239562987,6.04,training
4km2,6.741722106933594,5.84,training
4kmd,6.60273551940918,5.41,training
4kmu,6.949404716491699,7.92,training
4kmz,8.082672119140625,8.57,training
4kn0,8.076607704162598,7.4,training
4kn1,8.190140724182129,6.84,training
4kn2,8.238142967224121,7.27,training
4kn4,7.427553176879883,7.24,training
4kn7,7.513206481933594,7.62,training
4knb,7.936284065246582,7.33,training
4kne,6.7577714920043945,5.9,training
4kni,8.07005500793457,7.78,training
4knj,8.953495025634766,7.95,training
4knm,8.557726860046388,8.0,training
4knr,6.88145923614502,5.74,training
4knx,7.287343978881836,5.49,training
4knz,6.317161560058594,5.07,training
4ko8,5.970884323120117,7.15,training
4kod,5.597440719604492,5.36,training
4kom,5.6018638610839835,7.0,training
4kon,5.038958549499512,6.48,training
4kot,6.052989959716798,5.46,training
4kov,5.402055740356445,3.75,training
4kow,5.781270980834961,4.31,training
4kox,5.78902530670166,4.77,training
4kp0,6.828908920288086,8.65,training
4kp4,5.773361206054688,5.17,training
4kp5,7.837826728820801,6.08,training
4kp6,7.913572311401367,9.09,training
4kpx,7.00002384185791,7.3,training
4kpz,4.930006980895996,2.71,training
4kql,7.995882987976074,8.77,training
4kqo,6.682183265686035,6.78,training
4kqp,6.1050567626953125,6.05,training
4kqq,6.229767799377441,3.9,training
4kqr,6.163564682006836,3.9,training
4krs,6.7755393981933585,6.52,training
4ks2,8.355216979980469,9.34,training
4ks3,6.630637168884277,6.37,training
4ks4,6.487725257873535,7.14,training
4ks5,6.955648422241211,6.89,training
4ksp,8.383996963500978,8.8,training
4ksq,8.090712547302246,7.31,training
4ksy,5.836930274963379,8.42,training
4ktc,7.942538261413574,9.0,training
4ktu,7.439578056335449,6.16,training
4kup,6.183910369873048,5.22,training
4kv9,5.909533500671388,3.84,training
4kva,5.513400077819824,3.94,training
4kvm,5.592982292175293,5.05,training
4kw6,5.415565490722656,3.43,training
4kwo,7.039381980895996,6.45,training
4kwp,7.7134037017822275,7.49,training
4kww,3.591923952102661,5.55,training
4kxl,6.699578285217285,6.22,training
4kxm,7.126927375793457,5.59,training
4kyh,7.2242536544799805,5.92,training
4kz0,5.417724609375,5.38,training
4kz3,3.6836097240448,2.77,training
4kz4,4.272735595703125,4.15,training
4kz5,5.369309425354004,2.0,training
4kz7,4.057631492614746,2.49,training
4kz8,4.465359687805176,2.8,training
4kza,4.398624897003174,3.7,training
4kzc,7.3239078521728525,8.09,training
4kzl,6.84034538269043,6.15,training
4l02,8.458236694335938,7.7,training
4l09,6.386066436767577,6.07,training
4l0b,6.294301986694336,7.17,training
4l0i,6.944770812988281,6.57,training
4l0l,7.578889846801758,7.27,training
4l0s,7.140869140625,6.84,training
4l0t,7.404102325439452,7.18,training
4l0v,6.68302059173584,6.63,training
4l10,6.244424819946289,7.15,training
4l19,6.8528690338134775,6.1,training
4l1a,5.9065589904785165,8.27,training
4l1u,5.8241539001464835,5.26,training
4l23,7.771349906921388,7.75,training
4l2f,6.618376731872559,6.23,training
4l2g,7.32447624206543,6.68,training
4l2k,6.853282928466798,6.44,training
4l2l,7.2760372161865225,5.7,training
4l2x,7.040154457092285,7.41,training
4l31,6.479428291320801,6.79,training
4l32,7.459837913513184,6.84,training
4l33,7.145022392272949,8.15,training
4l34,7.4121456146240225,6.94,training
4l3o,7.3221378326416025,6.0,training
4l3p,7.3959808349609375,5.92,training
4l4l,9.176856994628906,8.3,training
4l4m,7.726881980895996,8.0,training
4l4v,6.875781059265138,5.78,training
4l50,4.854025840759277,6.06,training
4l51,4.3068222999572745,3.0,training
4l52,8.226533889770508,8.4,training
4l53,8.327302932739258,7.55,training
4l58,5.138936996459961,4.68,training
4l5j,4.0822038650512695,3.0,training
4l6q,6.221932411193848,6.27,training
4l6s,7.035377502441406,8.52,training
4l6t,5.122934341430664,7.49,training
4l70,6.844594955444336,5.66,training
4l7b,7.013577461242676,5.64,training
4l7c,7.142282485961914,5.13,training
4l7d,6.6086483001708975,6.12,training
4l7f,8.488102912902832,6.8,training
4l7g,6.236652374267577,4.0,training
4l7h,6.174947738647461,3.7,training
4l7j,6.779885292053223,3.7,training
4l7l,6.1312828063964835,6.0,training
4l7n,7.168818473815918,4.84,training
4l7o,7.140618324279785,4.88,training
4l7r,5.605124473571777,5.02,training
4l7u,6.164460182189941,5.66,training
4l8m,8.519476890563965,9.0,training
4l9i,5.823272705078125,4.89,training
4la7,7.929333686828612,6.57,training
4lbl,4.2020111083984375,4.96,training
4lbo,4.254973411560059,5.77,training
4lbp,3.823340654373169,4.94,training
4lbu,8.549832344055176,6.56,training
4lc7,5.968790054321289,4.93,training
4lch,8.013382911682129,10.62,training
4led,3.638071298599243,2.3,training
4leg,5.7048912048339835,4.55,training
4len,6.753191947937013,7.4,training
4leq,9.024353981018066,6.54,training
4lg6,5.411069869995117,6.74,training
4lge,7.5025997161865225,8.46,training
4lgg,6.7861576080322275,8.52,training
4lgh,8.196839332580566,8.7,training
4lgu,6.488851547241211,8.68,training
4lh2,3.5754189491271973,1.24,training
4lh3,3.276432752609253,1.52,training
4lh5,7.135188102722168,6.7,training
4lh6,4.922707557678223,4.11,training
4lh7,5.383981704711914,4.47,training
4lhv,5.866084098815918,10.0,training
4li0,6.612198829650879,6.59,training
4li5,6.9541282653808585,6.26,training
4li6,7.845883369445801,6.97,training
4li7,7.303377151489258,6.11,training
4li8,8.205121040344237,8.12,training
4lil,5.179773330688477,4.9,training
4lj3,7.275338172912598,9.0,training
4lj5,5.4432716369628915,6.29,training
4lj8,5.146958827972412,5.82,training
4ljh,5.379916191101074,4.71,training
4lk6,6.4584693908691415,5.2,training
4lk7,6.204709053039551,5.04,training
4lkd,4.712530136108398,5.35,training
4lke,5.55222225189209,5.37,training
4lkf,5.118042945861816,5.37,training
4lkg,6.1506595611572275,6.8,training
4lkh,3.87410306930542,3.0,training
4lkj,5.385134220123291,6.7,training
4lkk,5.015702247619629,5.92,training
4lkl,5.851949691772461,6.09,training
4lkm,6.176237106323242,6.34,training
4lko,7.840410232543945,8.22,training
4lkt,7.03874397277832,5.9,training
4ll3,10.493687629699707,11.57,training
4llj,4.425622463226318,3.42,training
4llk,4.4675259590148935,3.0,training
4lm0,4.67174768447876,3.25,training
4lm1,5.057955265045166,3.23,training
4lm4,4.036374092102052,3.04,training
4lm5,7.060359001159668,6.82,training
4lmn,7.696535110473633,10.3,training
4lmu,6.741381645202638,7.26,training
4ln2,4.943714141845703,3.61,training
4ln7,7.2082157135009775,7.39,training
4lnb,6.533506393432617,6.56,training
4lnf,4.249037265777588,2.62,training
4lng,7.3806514739990225,5.62,training
4lno,3.70147442817688,2.62,training
4lnp,4.834808349609375,3.67,training
4lnw,8.827621459960938,7.04,training
4loh,5.63416862487793,6.96,training
4loi,5.992383003234862,6.77,training
4loj,6.59356689453125,6.52,training
4loo,8.249797821044924,8.15,training
4lop,8.348319053649902,8.15,training
4loq,8.23370361328125,8.15,training
4lov,6.9211015701293945,7.77,training
4loy,8.57281494140625,8.09,training
4lp0,7.833836555480957,8.0,training
4lp6,6.32569694519043,8.27,training
4lp9,7.400416374206543,6.21,training
4lpb,8.72962760925293,8.0,training
4lpf,4.765589714050293,3.51,training
4lpg,6.115528106689452,4.25,training
4lph,5.755491256713867,5.04,training
4lps,5.531205177307129,5.74,training
4lq3,5.340590000152588,6.35,training
4lq9,5.60944938659668,4.85,training
4lqy,4.950231552124023,3.89,training
4lrh,8.251002311706543,9.72,training
4lsj,8.145071029663086,9.57,training
4lte,6.769467353820801,7.22,training
4lts,8.052815437316895,8.36,training
4luo,4.62928581237793,3.24,training
4luv,4.306699275970459,2.85,training
4luz,6.750885009765625,4.7,training
4lv1,6.7096710205078125,7.4,training
4lv2,7.6900081634521475,8.0,training
4lv3,6.265912055969237,5.49,training
4lv4,5.346756935119629,5.0,training
4lvt,8.57002067565918,10.36,training
4lw1,4.630602836608887,3.15,training
4lwc,6.903632164001465,6.72,training
4lwt,5.590849876403809,5.41,training
4lwu,7.595603942871094,8.3,training
4lwv,8.157779693603517,8.22,training
4lww,7.504425048828125,7.54,training
4lxa,7.883404731750487,8.7,training
4lxb,8.669075012207031,8.15,training
4lxd,7.809859275817871,7.23,training
4lxk,8.049446105957031,8.4,training
4lxm,7.58540153503418,7.06,training
4lxz,6.790853500366211,6.74,training
4ly9,8.297633171081543,8.15,training
4lyn,7.219076156616211,7.22,training
4lys,5.952375411987305,4.34,training
4lyw,6.418045997619629,6.63,training
4lzr,5.376968383789063,4.7,training
4m0e,6.37870979309082,6.22,training
4m0r,5.857746124267577,5.21,training
4m13,7.5663490295410165,6.7,training
4m14,5.8633480072021475,6.7,training
4m1d,7.585431098937987,7.64,training
4m1j,7.132598876953125,9.7,training
4m2u,8.029773712158201,8.04,training
4m2v,8.264436721801758,7.44,training
4m2w,8.14875316619873,7.28,training
4m3b,6.682717323303223,6.4,training
4m3d,6.728093147277832,5.41,training
4m3e,6.655135154724121,6.25,training
4m3f,6.494259834289551,5.31,training
4m3g,6.602866172790527,6.26,training
4m3m,6.570380210876465,9.05,training
4m3p,4.356861591339111,5.4,training
4m3q,7.084416389465332,7.77,training
4m48,7.515270233154298,6.81,training
4m4q,7.276787757873535,7.96,training
4m5g,5.864725112915039,5.01,training
4m5h,6.276625633239746,4.54,training
4m5i,6.602618217468263,5.17,training
4m5j,6.400249481201173,4.84,training
4m5k,6.819581031799316,5.23,training
4m5l,5.992246627807617,4.72,training
4m5m,7.805214881896973,4.74,training
4m5n,5.241267681121826,5.12,training
4m5o,4.929797172546387,6.42,training
4m5r,4.215770721435547,3.0,training
4m5u,7.491302490234375,7.96,training
4m6p,8.132384300231934,7.27,training
4m6q,9.453410148620604,8.21,training
4m6u,3.752517938613892,2.74,training
4m7b,7.4077701568603525,6.7,training
4m7c,6.465048789978027,6.12,training
4m7j,6.4573936462402335,6.11,training
4m84,7.675156593322754,7.31,training
4m8t,6.138760566711426,6.43,training
4m8x,9.432027816772461,10.2,training
4m8y,9.400710105895996,9.96,training
4man,8.895221710205078,11.0,training
4mao,8.226533889770508,7.33,training
4mb9,7.704017639160156,8.0,training
4mbc,6.899605751037598,6.4,training
4mbf,6.011538505554199,5.77,training
4mbi,7.927804946899414,8.15,training
4mbj,7.950409889221191,7.21,training
4mbl,8.081027030944824,8.54,training
4mbp,5.865922927856445,5.64,training
4mc2,8.919547080993652,8.19,training
4mc6,9.306514739990234,9.59,training
4mc9,8.894816398620605,9.44,training
4mcb,7.7528343200683585,5.82,training
4mcc,6.04063892364502,6.25,training
4mcd,5.222933769226074,5.33,training
4mcv,7.8918704986572275,8.89,training
4md6,7.9824676513671875,7.77,training
4mdn,7.5087080001831055,6.22,training
4mdq,6.20676326751709,5.92,training
4mdr,5.549787521362305,4.39,training
4mds,6.190898895263673,5.21,training
4mdt,6.276339530944824,5.0,training
4men,6.221162796020508,3.9,training
4meo,5.450058937072754,3.6,training
4mep,5.234770774841309,5.33,training
4meq,4.688216209411621,3.6,training
4mex,7.292737007141112,6.7,training
4mf0,6.7826690673828125,8.08,training
4mf1,7.64765739440918,9.15,training
4mfe,2.915836334228516,2.27,training
4mg5,8.133232116699219,5.34,training
4mg6,6.53697395324707,5.62,training
4mg7,7.7250776290893555,6.36,training
4mg8,7.74588680267334,6.48,training
4mg9,5.2126197814941415,5.68,training
4mga,6.217388153076173,5.86,training
4mgb,6.6536216735839835,5.44,training
4mgc,5.7345123291015625,6.32,training
4mgv,6.702269554138184,7.12,training
4mh7,6.451683044433594,5.23,training
4mha,7.584037780761719,8.28,training
4mho,4.543384552001953,5.08,training
4mhs,5.585709571838379,5.29,training
4mi3,4.749249458312988,4.12,training
4mi6,5.083822250366211,4.31,training
4mi9,5.036156177520752,3.42,training
4mib,8.399109840393066,9.7,training
4mic,5.95510196685791,5.3,training
4mji,6.247912406921388,4.09,training
4mjo,7.245645523071289,6.22,training
4mjp,5.529722213745117,3.88,training
4mjq,4.8890814781188965,3.71,training
4mjr,4.927081108093262,3.55,training
4mk0,7.054267883300781,5.2,training
4mk1,4.714625358581543,4.8,training
4mk2,6.296496391296388,6.14,training
4mk5,6.644622802734375,6.35,training
4mk7,6.1936893463134775,6.36,training
4mk8,7.604945182800293,9.0,training
4mk9,8.273798942565918,8.05,training
4mka,8.221415519714355,9.0,training
4mlt,4.940611362457275,2.85,training
4mlx,4.711602210998535,3.19,training
4mm4,7.497378349304199,6.37,training
4mm5,6.948169708251952,7.74,training
4mm6,6.897953987121582,6.69,training
4mm7,6.2681007385253915,3.63,training
4mm8,6.961094856262207,6.11,training
4mm9,7.256845474243164,5.68,training
4mma,7.303875923156737,6.04,training
4mmf,7.371596336364746,6.53,training
4mmp,5.587153434753418,7.71,training
4mn3,5.619729995727539,5.75,training
4mnp,4.624540328979492,7.34,training
4mnq,6.253783226013184,4.43,training
4mnv,5.997238159179688,4.94,training
4mnw,6.084855079650879,5.76,training
4mnx,6.304072380065918,4.75,training
4mny,6.454587936401367,5.71,training
4mo8,7.836885452270508,8.0,training
4mot,8.052752494812013,7.3,training
4mp2,5.998587608337402,5.45,training
4mp7,6.224053382873535,5.74,training
4mpc,5.501739501953125,6.15,training
4mpe,6.171295166015625,6.37,training
4mpn,5.704635620117188,6.62,training
4mq1,7.755023956298827,7.92,training
4mq2,7.269124984741211,7.01,training
4mqp,4.875654220581055,4.98,training
4mqu,7.823810577392577,8.4,training
4mr3,6.18565845489502,5.94,training
4mr4,5.522796630859375,5.94,training
4mr5,6.895223617553711,6.6,training
4mr6,7.174246788024902,6.6,training
4mra,5.031947612762451,4.47,training
4mrd,5.164637088775635,3.37,training
4mre,3.3423185348510738,2.19,training
4mrf,3.487289428710937,1.95,training
4mrg,3.291722297668457,2.96,training
4mrh,3.621633052825928,1.9,training
4mro,7.334473609924316,7.06,training
4ms0,3.8890972137451167,3.39,training
4msa,4.7145419120788565,3.3,training
4mse,6.369629859924316,6.16,training
4msg,8.628237724304201,10.0,training
4msk,8.615931510925293,7.2,training
4msl,6.364602088928223,6.15,training
4mss,6.245442390441895,6.4,training
4msu,7.7636146545410165,5.85,training
4mt9,8.778203010559082,10.0,training
4mti,6.757218360900879,8.92,training
4mu7,7.775666236877441,8.85,training
4muv,6.920910835266112,5.76,training
4muw,8.505047798156737,8.01,training
4mvh,8.711260795593263,8.35,training
4mvn,5.12794303894043,5.46,training
4mvw,7.327359199523926,7.55,training
4mvx,7.645401000976562,7.24,training
4mvy,7.543699264526367,7.54,training
4mw0,7.396270751953125,7.41,training
4mw1,6.950757026672362,7.72,training
4mw2,6.507838249206543,6.7,training
4mw4,6.783734321594237,6.5,training
4mw5,6.634232521057129,7.35,training
4mw6,7.216919898986816,5.78,training
4mw7,6.4382829666137695,5.0,training
4mw9,6.8852901458740225,7.02,training
4mwb,6.831197738647461,6.49,training
4mwc,6.4562435150146475,5.87,training
4mwe,7.489222526550293,5.91,training
4mwq,7.650986671447754,9.1,training
4mwr,8.443537712097168,9.39,training
4mwu,7.900588035583496,8.49,training
4mwv,7.9187889099121085,9.4,training
4mww,5.535592079162598,3.67,training
4mwx,8.303691864013674,7.12,training
4mwy,7.23415470123291,7.05,training
4mx0,8.575465202331543,6.73,training
4mx1,6.556805610656737,3.68,training
4mx5,5.10582447052002,4.55,training
4mx9,8.493239402770996,8.59,training
4mxa,8.28403377532959,8.92,training
4mxc,8.38601016998291,8.17,training
4my6,7.257313728332519,5.62,training
4myd,6.272270202636719,4.55,training
4myh,4.957779884338379,4.64,training
4myq,8.307914733886719,7.49,training
4mz4,8.441729545593263,7.89,training
4mz5,5.801831245422362,6.1,training
4mz6,5.367085933685303,5.02,training
4mzf,5.287863731384277,7.35,training
4mzh,5.532987594604492,7.18,training
4mzj,6.478179931640625,5.8,training
4mzk,6.823723793029785,5.31,training
4mzl,6.357918739318848,5.62,training
4mzo,7.1757917404174805,6.57,training
4mzs,7.787271499633789,7.92,training
4n00,8.022195816040039,8.02,training
4n07,5.787382125854492,6.46,training
4n1b,6.5121049880981445,5.96,training
4n1t,8.188558578491211,9.1,training
4n1u,7.5534725189208975,8.3,training
4n1z,6.446627616882324,9.14,training
4n3r,7.668690681457519,6.82,training
4n3w,4.978032112121582,3.5,training
4n4s,8.057458877563478,6.88,training
4n4t,7.530631065368652,7.31,training
4n4v,8.154773712158201,8.7,training
4n5g,5.996136665344237,5.0,training
4n5t,8.225125312805176,8.15,training
4n6y,7.242035865783691,7.04,training
4n6z,8.339665412902832,7.8,training
4n70,9.74619197845459,12.0,training
4n7e,6.2798118591308585,6.48,training
4n7g,6.642783164978027,5.66,training
4n7h,5.042478561401367,5.48,training
4n7j,3.9131288528442383,5.47,training
4n7u,4.31789493560791,6.29,training
4n7y,6.732640266418457,6.26,training
4n84,6.8793983459472665,6.29,training
4n8d,6.544829368591309,4.92,training
4n8e,7.497209548950195,7.7,training
4n8r,6.492330551147461,5.0,training
4n98,4.666481971740723,3.55,training
4n99,4.8230462074279785,3.67,training
4n9a,4.853132247924805,4.19,training
4n9b,5.762969970703125,5.28,training
4n9c,4.505450248718262,3.9,training
4n9d,7.394582748413086,7.72,training
4n9e,8.365365982055664,7.82,training
4na4,5.6547441482543945,6.92,training
4na7,8.118239402770996,9.7,training
4na8,8.000588417053223,8.82,training
4nah,7.106514930725098,6.31,training
4nak,7.3169803619384775,5.85,training
4nal,7.641200065612793,5.66,training
4nan,6.679788589477539,4.72,training
4nat,7.464637756347656,6.48,training
4nau,7.779762268066406,9.06,training
4nb3,7.445330619812013,7.66,training
4nb6,6.906145095825195,7.22,training
4nbl,5.567452430725098,6.33,training
4nbn,5.6623497009277335,4.36,training
4ncg,8.789882659912111,7.96,training
4ncm,8.033580780029299,7.0,training
4ncn,5.597309112548828,5.67,training
4nct,8.113642692565918,7.55,training
4ndu,4.063304901123047,2.74,training
4ng9,7.792725563049316,7.12,training
4nga,8.142345428466799,7.77,training
4ngh,6.676227569580077,7.52,training
4ngm,8.691608428955076,10.35,training
4ngn,8.076022148132324,7.55,training
4ngp,7.993204116821289,7.96,training
4ngq,7.737648010253906,8.8,training
4ngr,8.469453811645508,7.55,training
4ngs,8.892337799072266,8.12,training
4ngt,8.239339828491211,8.41,training
4nh7,8.659834861755371,8.4,training
4nh8,7.060392379760742,8.52,training
4nh9,7.273625373840332,6.43,training
4nhc,6.490626335144043,7.34,training
4nhx,4.035400390625,5.72,training
4nhy,4.808999061584473,5.64,training
4nie,7.263829231262207,7.7,training
4nj3,7.353009223937987,6.52,training
4nj9,5.520919799804688,6.97,training
4nja,6.370861053466798,6.22,training
4njd,7.3324337005615225,4.84,training
4nk3,7.318631172180176,6.33,training
4nk9,8.265103340148926,8.51,training
4nka,7.79979133605957,6.51,training
4nks,7.474106788635254,7.17,training
4nld,7.293153762817383,7.7,training
4nmo,5.876955032348633,4.83,training
4nmp,4.883427619934082,4.04,training
4nmq,5.468304634094238,4.49,training
4nmr,5.012188911437988,3.53,training
4nms,4.9696388244628915,4.94,training
4nmt,5.2661170959472665,4.85,training
4nmv,5.02584171295166,4.95,training
4nmx,7.004493713378906,6.18,training
4nni,4.473724365234375,5.5,training
4nnn,6.670961380004883,6.57,training
4nnw,6.348101615905763,6.61,training
4no1,6.433957099914551,7.57,training
4no6,6.337421417236327,6.11,training
4no8,7.008957862854004,7.15,training
4no9,6.672076225280763,7.82,training
4np2,4.395086765289307,2.26,training
4np9,5.410261154174805,5.03,training
4npv,7.588298797607423,7.46,training
4nrb,4.2217016220092765,4.42,training
4nrc,4.153453350067139,3.62,training
4nrk,4.7337989807128915,7.62,training
4nrl,4.10909366607666,8.62,training
4nrm,3.438951015472412,3.2,training
4nro,5.012305736541748,5.02,training
4nrp,3.909257173538208,4.59,training
4nrq,5.071405410766602,3.46,training
4nrt,5.9042558670043945,6.0,training
4nru,6.824419975280763,6.94,training
4ntj,7.64228630065918,7.36,training
4nud,6.122464179992676,7.07,training
4nue,6.722034454345702,6.82,training
4nuf,6.169633865356445,5.3,training
4nus,8.399176597595215,8.3,training
4nvp,7.8051300048828125,7.57,training
4nvq,7.3243303298950195,8.48,training
4nw2,5.371713638305664,4.54,training
4nw5,7.55164623260498,7.7,training
4nw6,7.629772186279298,8.4,training
4nw7,7.8534507751464835,6.63,training
4nwc,5.95806884765625,5.76,training
4nwd,6.248028755187987,5.4,training
4nwk,8.214238166809082,8.7,training
4nwm,7.686756134033202,8.1,training
4nxo,7.331573486328125,7.22,training
4nxs,6.4735107421875,7.37,training
4nxu,4.151470184326172,5.54,training
4nxv,5.355975151062012,5.42,training
4ny3,5.025184631347656,4.31,training
4nyf,6.004098892211914,7.31,training
4nyi,5.599090576171875,3.06,training
4nyj,5.242223739624023,3.49,training
4nym,5.104785919189453,3.55,training
4nyt,4.3129591941833505,2.39,training
4nzb,5.838242530822754,4.17,training
4nze,7.258360862731934,6.8,training
4nzm,6.9796953201293945,6.85,training
4nzn,5.739980697631836,6.38,training
4nzo,5.576578140258789,6.77,training
4o04,6.754326820373535,6.16,training
4o05,7.104508399963379,7.43,training
4o09,7.060215950012207,7.7,training
4o0a,7.15645694732666,6.72,training
4o0j,6.382659912109375,4.89,training
4o0r,8.190022468566895,7.44,training
4o0t,8.375079154968263,5.54,training
4o0v,8.196557998657228,8.48,training
4o0x,8.553820610046388,7.17,training
4o0y,8.52031135559082,7.22,training
4o0z,8.139107704162598,7.24,training
4o10,7.976146697998048,7.11,training
4o12,8.995197296142578,8.7,training
4o13,8.426089286804201,7.82,training
4o15,8.511397361755371,8.7,training
4o1b,8.08632755279541,6.41,training
4o1d,7.662374496459961,7.62,training
4o1l,7.751252174377441,6.7,training
4o24,6.167403221130371,4.3,training
4o28,7.996686935424805,7.54,training
4o2a,7.177083969116211,5.74,training
4o2b,6.907160758972168,5.74,training
4o2e,6.642158508300781,8.0,training
4o2f,6.198376655578612,6.41,training
4o36,6.923563957214356,6.36,training
4o37,6.7088565826416025,6.16,training
4o3a,4.5639848709106445,2.59,training
4o3b,6.086949348449707,6.09,training
4o3c,5.168219089508057,2.59,training
4o3f,7.1470375061035165,5.56,training
4o3t,7.1862993240356445,4.37,training
4o3u,6.9993391036987305,6.4,training
4o42,5.24880313873291,4.66,training
4o43,5.457151412963867,4.3,training
4o44,7.826343536376952,7.85,training
4o45,6.070167541503906,4.15,training
4o4g,7.897881507873535,8.05,training
4o4k,5.249203681945801,3.7,training
4o4r,5.972124099731445,6.06,training
4o4y,6.848052024841309,7.81,training
4o55,6.803325653076173,5.3,training
4o5b,6.509523391723633,8.3,training
4o5g,5.153608798980713,4.3,training
4o6e,7.767712593078612,9.0,training
4o6w,7.311999320983888,8.52,training
4o70,6.004273414611816,4.72,training
4o71,6.007953643798827,4.74,training
4o72,5.915285110473633,6.0,training
4o74,6.683657646179199,7.6,training
4o75,6.080235481262207,4.68,training
4o76,6.2695512771606445,6.89,training
4o77,6.008504867553711,5.6,training
4o78,6.288369178771973,5.34,training
4o7a,6.065629959106445,4.72,training
4o7b,7.425861358642577,4.7,training
4o7c,6.224059104919434,5.0,training
4o7d,3.871237993240357,3.0,training
4o7e,6.0020809173583975,5.24,training
4o7f,7.578046798706055,4.89,training
4o91,7.624284744262695,6.83,training
4o97,7.323453903198242,8.52,training
4o9s,8.235017776489258,6.55,training
4o9v,7.804745674133301,8.0,training
4o9w,5.853302001953125,7.16,training
4oag,4.950401306152344,6.3,training
4oak,5.094297409057617,4.22,training
4oar,8.016794204711914,10.42,training
4oas,7.658421516418457,10.0,training
4oaz,6.1494197845458975,5.77,training
4ob0,5.894814491271973,5.3,training
4ob1,5.18739128112793,6.3,training
4ob2,5.82781982421875,6.3,training
4oba,7.356923103332519,9.4,training
4obo,6.173541069030763,7.11,training
4obp,7.95139217376709,7.77,training
4obq,7.807594299316406,7.19,training
4obv,4.9626898765563965,0.75,training
4obz,6.513420104980469,5.72,training
4oc0,6.97575569152832,6.5,training
4oc2,7.682276725769043,8.28,training
4oc3,7.971414566040039,8.28,training
4oc4,7.451536178588867,6.98,training
4oc5,7.990750312805176,7.07,training
4oc6,8.265178680419924,7.07,training
4occ,7.169233322143555,8.7,training
4ock,4.921784400939941,5.08,training
4ocp,5.216167449951172,6.1,training
4ocq,5.872019767761231,4.61,training
4oct,4.708599090576172,5.05,training
4ocv,4.8228607177734375,5.08,training
4ocx,8.368749618530272,11.44,training
4ocz,7.641158103942871,9.18,training
4od0,7.407644271850586,9.04,training
4od7,5.325082778930664,5.08,training
4od9,7.004232406616211,7.24,training
4ode,8.752182960510254,10.0,training
4odf,8.441454887390138,10.0,training
4oee,5.167881965637207,5.76,training
4oef,5.144692897796631,4.76,training
4oeg,5.841818809509277,5.05,training
4oel,5.155550956726074,7.0,training
4oem,4.783658981323242,5.3,training
4oew,7.855561256408691,6.82,training
4oex,7.365633010864258,5.84,training
4ofb,6.0135555267333975,5.43,training
4ofl,6.105301856994629,7.66,training
4og3,6.754366874694824,6.55,training
4og4,6.112987518310548,6.02,training
4og5,7.052927017211914,6.52,training
4og6,7.1212406158447275,6.71,training
4og7,7.005605697631836,6.94,training
4og8,6.613670349121094,7.25,training
4ogi,6.612008094787598,7.43,training
4ogn,8.315218925476074,10.0,training
4ogt,8.154768943786621,10.0,training
4ogv,6.681698799133301,8.05,training
4ohk,7.881307601928711,8.3,training
4ohm,7.677979469299316,7.55,training
4oho,7.823515892028809,7.77,training
4ohp,7.619062423706055,7.46,training
4ojq,5.215248107910156,3.3,training
4ojr,7.443897247314452,7.42,training
4ok3,5.067523002624512,4.15,training
4ok5,5.052780151367188,4.51,training
4ok6,5.595797538757324,4.85,training
4okg,8.94189167022705,9.32,training
4okp,3.6998326778411865,2.7,training
4olc,4.520637512207031,6.19,training
4old,3.971237421035767,2.7,training
4olh,8.26494312286377,8.3,training
4oma,5.9390316009521475,4.17,training
4omc,7.349308967590332,10.78,training
4omd,7.229599952697754,9.01,training
4omj,6.552021026611327,5.26,training
4omk,6.677191734313965,4.4,training
4ona,8.38341236114502,8.15,training
4onf,7.432384490966798,8.92,training
4ono,6.995025634765625,5.19,training
4oo9,9.008779525756836,9.07,training
4ool,5.993635177612305,6.85,training
4oon,6.311695098876952,7.52,training
4oow,3.1618008613586426,5.37,training
4op1,7.971585273742676,6.89,training
4op2,7.543473243713379,5.93,training
4op3,8.093579292297362,8.15,training
4oq3,7.647000312805176,8.1,training
4oq5,7.484787940979004,6.3,training
4oq6,5.391944885253906,5.48,training
4or0,6.195549011230469,7.46,training
4or6,5.437459945678711,5.31,training
4oru,4.846691131591797,3.68,training
4orx,4.6842241287231445,3.53,training
4ory,4.219578742980957,3.53,training
4os1,7.135091781616211,5.6,training
4os2,7.211814880371094,6.7,training
4os4,6.740866661071777,4.87,training
4os5,6.698079109191895,4.63,training
4os6,6.963482856750487,6.44,training
4os7,6.7859954833984375,4.62,training
4osf,4.373551368713379,5.44,training
4ot6,7.2173824310302725,5.92,training
4otf,7.977846145629883,8.22,training
4otg,7.858962059020996,7.59,training
4oth,7.973727226257324,8.05,training
4oti,7.458685874938965,7.37,training
4otw,7.992066383361816,9.28,training
4oty,7.237993240356445,7.4,training
4ou3,6.672629356384277,4.41,training
4oue,3.3355498313903813,3.3,training
4ouj,3.583668708801269,2.86,training
4ov5,6.968916893005371,7.43,training
4ovf,4.952624320983887,4.13,training
4ovg,4.501127243041992,3.69,training
4ovh,4.9527788162231445,4.85,training
4ovz,6.718131065368652,6.31,training
4ow0,6.74090576171875,6.82,training
4own,3.841632843017578,4.22,training
4owo,3.2688357830047607,4.47,training
4oya,8.287356376647951,6.44,training
4oyb,6.91019344329834,5.8,training
4oyg,4.570295333862305,5.18,training
4oyi,5.323962211608887,4.72,training
4oyk,5.664230346679688,6.74,training
4oym,5.355420112609863,4.96,training
4oyo,4.945458889007568,3.52,training
4oyp,3.657628059387207,3.0,training
4oys,8.084453582763674,8.82,training
4oyt,5.996196746826173,2.81,training
4oz1,5.37941837310791,5.62,training
4oz2,3.8322162628173833,3.0,training
4oz3,5.870960235595702,4.55,training
4ozl,6.390241622924805,4.97,training
4ozn,5.28395938873291,5.4,training
4ozo,4.511323928833008,3.83,training
4p00,7.185009002685548,6.4,training
4p02,6.97408390045166,6.4,training
4p0a,4.536945343017578,4.52,training
4p0b,4.913264751434326,6.54,training
4p0n,7.860699653625487,8.66,training
4p0v,6.915884017944336,5.92,training
4p0w,5.912224769592285,5.96,training
4p0x,6.0351619720458975,5.92,training
4p10,7.65195369720459,8.1,training
4p1r,8.258232116699219,8.39,training
4p1u,8.383967399597168,8.52,training
4p2t,5.5250091552734375,5.43,training
4p3h,5.73886775970459,6.0,training
4p44,6.989877700805664,7.8,training
4p45,6.83403205871582,7.8,training
4p4b,7.938631057739258,7.85,training
4p4d,6.478422164916992,5.74,training
4p4e,7.425530433654785,6.74,training
4p4f,7.324287414550781,6.77,training
4p4i,7.123577117919923,7.46,training
4p4j,7.442126274108888,6.15,training
4p4s,5.393043041229248,4.94,training
4p4t,5.3795485496521,4.39,training
4p58,4.248516082763672,4.6,training
4p5e,6.399614334106445,5.55,training
4p5z,7.704734802246094,7.41,training
4p6c,5.423639297485352,4.0,training
4p6e,5.436790466308594,5.89,training
4p6g,7.7769012451171875,8.11,training
4p6w,8.893115043640137,9.15,training
4p6x,7.875500679016112,7.04,training
4p72,6.971721649169923,4.09,training
4p73,8.666361808776855,7.66,training
4p74,6.335095405578612,5.0,training
4p75,6.218751907348633,4.1,training
4p7e,7.805253982543945,4.76,training
4p7m,4.895874977111816,7.41,training
4p7s,6.01704216003418,7.42,training
4p90,7.317324638366699,7.19,training
4pax,5.421177864074707,6.4,training
4pb1,3.825634479522705,2.82,training
4pb2,4.1255884170532235,4.8,training
4pce,5.700623512268066,5.15,training
4pci,5.213923931121826,5.12,training
4pct,5.116768836975098,7.15,training
4pd5,4.485639572143555,2.86,training
4pd6,4.336681365966797,4.44,training
4pd7,4.009927272796632,3.92,training
4pd8,5.2559471130371085,6.03,training
4pd9,4.926748275756836,3.33,training
4pda,3.9838998317718506,4.21,training
4pde,6.181190490722656,6.44,training
4pdk,6.153645515441895,8.22,training
4pee,7.511170387268066,8.32,training
4pf3,7.760587692260742,7.29,training
4pf5,5.958495140075684,5.48,training
4pg3,6.746340751647949,7.85,training
4pg9,6.636317253112793,7.8,training
4pgb,7.507424354553223,7.48,training
4pgc,7.1209163665771475,5.88,training
4pgd,6.759746551513673,6.92,training
4pge,7.1979312896728525,7.77,training
4pgh,5.450586318969727,4.89,training
4ph4,8.281599998474121,7.74,training
4phu,6.640414237976074,7.92,training
4phv,9.146610260009766,9.17,training
4phw,8.573010444641112,10.0,training
4pid,6.367136001586914,4.62,training
4pin,4.611910820007324,5.4,training
4pio,6.094009399414063,5.7,training
4piq,7.422755241394043,7.1,training
4pis,8.592105865478517,7.22,training
4pji,6.235544204711914,3.7,training
4pjt,7.723708152770996,9.24,training
4pkb,4.729537963867188,6.94,training
4pkr,5.8059492111206055,4.82,training
4pks,6.8044395446777335,4.82,training
4pkt,6.582957267761231,4.83,training
4pku,6.785769462585449,4.52,training
4pkv,6.669537544250487,5.25,training
4pkw,6.38680362701416,4.65,training
4pl0,5.761347770690918,4.4,training
4pl3,5.496027946472168,6.54,training
4pl4,4.777301788330078,5.27,training
4pl5,4.730955600738525,4.96,training
4pm0,7.3833513259887695,7.35,training
4pml,5.528003692626953,4.52,training
4pmm,8.078879356384277,7.57,training
4pmp,7.276730537414551,6.4,training
4pms,7.4621315002441415,8.1,training
4pmt,7.322012901306152,6.0,training
4pn1,5.307634353637695,6.17,training
4pnc,4.019052028656007,5.43,training
4pni,7.0027570724487305,6.09,training
4pnk,6.75926685333252,6.6,training
4pnl,6.734192848205566,5.52,training
4pnm,6.374961853027344,5.85,training
4pnn,5.703400611877441,4.52,training
4pnq,5.593303680419922,5.0,training
4pnr,5.968276023864746,6.34,training
4pns,5.732670783996582,4.52,training
4pnt,5.808662414550781,5.82,training
4pnu,5.426688194274902,4.89,training
4pnw,5.351576328277588,5.05,training
4po0,6.2554569244384775,6.92,training
4po7,5.630592346191406,7.07,training
4poh,7.835057258605957,8.0,training
4poj,7.8332271575927725,8.1,training
4pop,7.79913330078125,8.13,training
4pov,7.789889335632324,8.28,training
4pow,6.408093452453612,6.3,training
4pox,6.325325012207031,5.43,training
4pp0,6.257977485656737,4.4,training
4pp5,7.683497428894043,7.74,training
4pp7,8.159238815307617,7.96,training
4pp9,7.92449951171875,7.37,training
4ppa,7.306317329406737,9.1,training
4ppb,7.344985008239746,10.0,training
4ppc,7.161613464355469,9.03,training
4pqn,8.251463890075684,9.15,training
4pr5,7.036548614501952,5.66,training
4pra,6.668238639831543,5.66,training
4prb,6.461494445800781,3.88,training
4prd,6.2219343185424805,4.6,training
4pre,6.452523231506348,3.74,training
4prg,7.2525739669799805,7.15,training
4prh,6.437084197998048,4.6,training
4pri,6.0475664138793945,4.03,training
4prj,8.215163230895996,7.14,training
4prn,6.866816520690918,5.66,training
4prp,6.409139633178711,5.66,training
4pry,7.4293880462646475,7.7,training
4ps0,7.042397499084473,4.04,training
4ps1,7.497420310974121,6.66,training
4ps3,7.861205101013184,8.7,training
4ps5,6.572978973388673,6.54,training
4ps7,6.6947269439697275,7.41,training
4ps8,8.059266090393066,9.0,training
4psb,6.027501106262207,4.64,training
4psh,6.704303741455077,8.89,training
4psq,6.842729568481445,6.36,training
4psx,5.460864067077637,6.47,training
4ptc,7.08870792388916,8.96,training
4pte,7.383544921875,7.13,training
4ptg,7.412402153015138,8.23,training
4puj,7.908549308776855,7.46,training
4puk,8.117775917053223,7.28,training
4pul,7.65244197845459,6.84,training
4pum,8.265459060668945,6.73,training
4puz,7.9595298767089835,8.11,training
4pv0,7.8764610290527335,9.07,training
4pv5,6.712766647338867,6.54,training
4pv7,7.280609130859375,6.63,training
4pvo,6.935002326965332,6.31,training
4pvt,6.556633949279785,6.52,training
4pvv,6.290642738342285,6.48,training
4px6,8.31663703918457,8.4,training
4pxf,5.070845127105713,3.1,training
4py1,7.924901008605957,7.19,training
4pyn,5.429024696350098,4.52,training
4pyo,4.839993476867676,4.52,training
4pyq,5.562843322753906,5.36,training
4pyv,7.0609331130981445,6.7,training
4pyx,8.150529861450195,6.14,training
4pyy,8.781760215759277,7.23,training
4pz5,6.5548152923583975,6.92,training
4pz8,4.514039516448975,5.92,training
4pzh,8.359186172485353,8.0,training
4pzv,6.739835739135742,5.7,training
4pzw,7.331170082092285,6.96,training
4pzx,7.622823715209961,6.0,training
4q06,8.592617988586426,7.66,training
4q07,8.660066604614258,8.14,training
4q08,7.888064384460449,6.3,training
4q09,8.696005821228027,8.17,training
4q0a,7.454509735107423,6.48,training
4q0k,6.729456901550293,4.87,training
4q0l,7.699176788330077,7.7,training
4q18,7.512322425842285,6.13,training
4q1a,7.565074920654298,9.3,training
4q1b,7.670539855957031,8.72,training
4q1c,7.7883358001708975,8.7,training
4q1d,7.558290481567383,7.78,training
4q1e,7.757790565490723,8.17,training
4q1f,7.7581748962402335,8.04,training
4q1n,8.018752098083496,9.7,training
4q1s,5.71497917175293,4.17,training
4q1y,9.964628219604492,10.35,training
4q2k,8.483062744140625,7.48,training
4q3q,5.3134498596191415,5.89,training
4q3r,6.967608451843263,6.27,training
4q3s,6.918323516845702,6.59,training
4q3t,6.153891563415527,6.48,training
4q3u,5.558560371398926,6.44,training
4q4e,5.624340057373047,6.72,training
4q4i,6.571258544921875,7.33,training
4q4o,8.050614356994629,7.46,training
4q4p,7.1426658630371085,6.39,training
4q4q,6.928671836853027,5.79,training
4q4r,7.523757934570312,6.43,training
4q4s,7.45378303527832,6.95,training
4q6d,8.311022758483888,7.36,training
4q6f,5.340950965881348,5.6,training
4q6r,7.686295509338379,6.68,training
4q7p,5.2909207344055185,4.32,training
4q7s,4.767742156982422,4.42,training
4q7w,5.075389862060547,2.64,training
4q83,6.312420845031737,4.19,training
4q87,7.228982925415039,4.85,training
4q8x,5.885904312133789,3.57,training
4q8y,5.469291687011719,2.64,training
4q90,4.447478771209717,2.15,training
4q9m,7.990340232849121,7.18,training
4q9o,8.417965888977049,5.77,training
4q9s,4.369320869445802,3.81,training
4q9z,8.12217903137207,7.26,training
4qaa,6.480360984802246,6.44,training
4qab,7.279115676879883,9.7,training
4qag,5.105095386505127,5.32,training
4qbb,5.021142959594727,7.52,training
4qbm,5.404451370239258,4.58,training
4qc1,5.70848274230957,4.99,training
4qdk,5.836810111999513,5.85,training
4qer,5.4327545166015625,7.54,training
4qev,7.535033226013184,7.66,training
4qew,7.774972915649414,7.07,training
4qf8,4.6000709533691415,7.51,training
4qfg,4.89559268951416,5.48,training
4qfl,4.772063255310059,5.11,training
4qfn,5.535798072814941,4.12,training
4qfo,6.303611755371094,4.27,training
4qfr,7.60536003112793,8.13,training
4qfs,6.657337188720702,6.05,training
4qg7,7.650321960449219,8.0,training
4qga,7.575874328613281,7.92,training
4qgd,5.710207939147949,7.43,training
4qge,7.282149314880371,9.3,training
4qgf,8.191836357116701,7.16,training
4qgg,8.28762149810791,9.0,training
4qgh,8.299961090087889,9.0,training
4qgi,7.199766159057617,3.9,training
4qh7,5.305906772613525,5.94,training
4qh8,6.0513954162597665,4.89,training
4qhp,7.950753211975098,8.05,training
4qht,6.081377983093263,4.94,training
4qij,6.835554122924805,5.54,training
4qip,5.927952766418457,5.15,training
4qir,7.201397895812987,6.95,training
4qiy,7.495664596557617,7.3,training
4qiz,8.54038143157959,8.15,training
4qjm,8.487161636352539,8.17,training
4qjp,8.396403312683105,8.6,training
4qjr,6.5884361267089835,7.1,training
4qjw,7.950481414794923,7.8,training
4qjx,8.476122856140138,7.28,training
4qk4,7.0077972412109375,6.6,training
4qkd,3.621816396713257,4.09,training
4qkx,6.739336967468263,7.07,training
4ql1,7.2181358337402335,7.03,training
4qlk,4.981619834899902,3.24,training
4qll,4.762904167175293,3.38,training
4qlq,6.917843818664551,8.18,training
4qls,7.175270080566406,7.44,training
4qlt,7.048462867736816,8.6,training
4qlu,7.176979064941406,8.08,training
4qlv,7.187545776367188,7.85,training
4qme,7.40703010559082,6.52,training
4qn7,7.861418724060059,9.08,training
4qn9,5.375341415405273,4.41,training
4qnu,6.317629814147949,6.4,training
4qo4,7.5346717834472665,8.3,training
4qoc,7.598544120788574,9.92,training
4qok,6.636208534240723,5.19,training
4qp1,5.127786159515381,3.61,training
4qp6,4.046888351440431,3.46,training
4qp7,4.728349685668945,5.23,training
4qp8,7.782095909118652,6.55,training
4qp9,7.688732147216798,7.15,training
4qpa,7.497579574584961,7.43,training
4qpl,6.3188819885253915,7.41,training
4qps,7.07591724395752,6.52,training
4qq5,8.296394348144531,6.32,training
4qqc,8.569169998168945,7.34,training
4qqi,5.836709022521973,5.52,training
4qr3,5.687996864318848,5.85,training
4qr4,6.1633663177490225,6.6,training
4qr5,7.210312843322754,7.22,training
4qrc,7.866650581359862,6.34,training
4qrh,5.8586063385009775,5.15,training
4qsh,5.804801940917969,5.1,training
4qsk,4.87804651260376,5.1,training
4qsm,6.348584175109862,7.41,training
4qsu,3.4051733016967773,2.0,training
4qsw,3.7607743740081783,1.68,training
4qsx,3.9228053092956543,1.74,training
4qt0,5.8882789611816415,6.29,training
4qt1,7.923701286315918,8.15,training
4qt2,7.962658882141112,6.32,training
4qta,7.525792121887207,6.7,training
4qtb,8.045845031738281,6.7,training
4qtc,8.103917121887207,6.4,training
4qtd,7.971478462219237,5.97,training
4qtn,5.9030351638793945,6.85,training
4quo,7.872610092163086,7.92,training
4qvl,5.951991081237793,6.53,training
4qvm,5.867655754089356,6.35,training
4qvn,6.003378868103027,5.1,training
4qvp,6.142162322998048,6.05,training
4qvq,6.018646240234375,5.2,training
4qvv,6.103620529174805,5.15,training
4qvw,6.18698787689209,5.38,training
4qvx,8.649077415466309,11.0,training
4qvy,5.903660774230957,5.09,training
4qw0,6.086029052734375,5.14,training
4qw1,6.129209518432617,6.11,training
4qw3,5.926875114440918,6.61,training
4qw4,6.32598876953125,6.95,training
4qw5,6.468674659729004,6.35,training
4qw6,6.1687984466552725,5.85,training
4qw7,6.233489036560059,6.28,training
4qwf,6.479414939880371,6.0,training
4qwg,6.566523551940918,5.97,training
4qwi,6.479545593261719,5.36,training
4qwj,6.701716423034668,5.77,training
4qwk,6.412336349487305,6.27,training
4qwl,6.434182167053223,6.18,training
4qwr,6.271262168884277,5.93,training
4qws,6.550272941589356,6.5,training
4qwu,5.884072303771973,5.51,training
4qwx,5.8848018646240225,6.27,training
4qxj,5.993229866027832,5.9,training
4qxr,6.010594367980957,6.0,training
4qxs,5.976187705993652,5.96,training
4qxt,6.139227867126465,7.8,training
4qy3,4.99284029006958,6.82,training
4qy8,6.354001045227051,7.19,training
4qye,6.789166450500487,5.92,training
4qyg,8.218625068664549,8.39,training
4qyh,7.733586311340332,8.89,training
4qyo,6.133801460266112,8.22,training
4qyy,7.379203796386719,7.3,training
4qz0,6.249550819396973,5.46,training
4qz1,6.0566768646240225,5.44,training
4qz2,5.699337959289551,5.21,training
4qz3,6.078722953796388,5.51,training
4qz4,5.720080375671388,5.01,training
4qz5,6.123700141906737,5.26,training
4qz6,5.953900337219237,5.53,training
4qz7,5.91046142578125,5.65,training
4qzs,6.481657981872559,7.05,training
4qzw,5.900944709777832,5.15,training
4qzx,5.920290946960449,6.26,training
4r02,7.3582096099853525,7.41,training
4r07,6.250731468200684,5.32,training
4r0a,5.113452911376953,4.26,training
4r0i,7.204033851623535,6.52,training
4r17,4.582262992858887,7.68,training
4r18,4.444810390472412,7.68,training
4r1e,6.539748191833496,7.28,training
4r1v,7.9754390716552725,9.0,training
4r1y,7.2207889556884775,6.4,training
4r3b,4.803651332855225,6.25,training
4r3c,7.2081260681152335,7.0,training
4r3s,6.388670921325684,8.22,training
4r3w,5.415107250213623,3.0,training
4r4c,7.023663520812987,5.54,training
4r4i,7.130154609680176,6.27,training
4r4o,6.863821983337402,5.82,training
4r4q,6.215497970581055,5.09,training
4r4t,6.924349784851074,6.26,training
4r59,8.014668464660645,7.96,training
4r5a,7.757044792175293,8.7,training
4r5b,7.561446189880371,6.73,training
4r5g,5.3681721687316895,5.22,training
4r5n,7.371912956237793,7.12,training
4r5t,7.163037300109862,6.1,training
4r5v,6.067549705505371,6.15,training
4r5x,7.1523380279541025,5.26,training
4r6t,5.4288105964660645,7.52,training
4r6v,8.389776229858397,7.45,training
4r6w,5.915809631347656,5.27,training
4r6x,5.667518615722656,5.27,training
4r73,6.004693031311035,7.64,training
4r74,5.33051061630249,8.1,training
4r76,7.583006858825684,7.85,training
4r7m,7.1462955474853525,7.96,training
4r8y,6.338144302368164,6.19,training
4r91,6.84889030456543,6.37,training
4r92,7.2460126876831055,7.41,training
4r93,7.570429801940918,7.8,training
4r95,7.968120574951173,7.85,training
4ra5,8.074113845825195,8.4,training
4rab,6.731630325317383,7.4,training
4rac,7.166253089904785,7.52,training
4rad,6.943771362304688,7.1,training
4rak,8.39903736114502,7.85,training
4ran,6.07869815826416,7.15,training
4rao,6.25555419921875,6.0,training
4raq,6.802560806274414,6.72,training
4rcd,8.964974403381348,9.15,training
4rce,8.671757698059082,8.7,training
4rcf,9.1445951461792,8.4,training
4rcg,5.089662551879883,5.03,training
4rcp,6.37209415435791,5.35,training
4rd0,5.85369873046875,6.62,training
4rd3,5.7529544830322275,6.47,training
4rdn,6.563835144042969,5.92,training
4re2,5.883443832397461,4.98,training
4re3,6.282206535339356,8.57,training
4re4,6.112570762634277,6.87,training
4re9,6.532343864440918,4.92,training
4res,7.164429664611816,7.85,training
4ret,7.267619132995605,7.59,training
4rfc,7.90693473815918,8.24,training
4rfy,7.6710147857666025,7.0,training
4rfz,7.735221862792969,7.4,training
4rg0,7.581012725830077,7.3,training
4rgd,3.3967096805572514,3.94,training
4rh5,6.975876808166504,6.9,training
4rhu,5.451663017272949,6.16,training
4rhx,5.6212968826293945,5.8,training
4rhy,6.522442817687987,5.95,training
4rio,7.820061683654785,9.0,training
4ris,6.9561052322387695,6.05,training
4riv,6.877603530883789,7.0,training
4rj3,7.253425598144531,7.03,training
4rj4,8.121096611022951,7.8,training
4rj5,8.071269989013674,7.18,training
4rj6,8.269826889038086,7.12,training
4rj7,6.948666572570801,7.66,training
4rj8,7.899702072143555,7.77,training
4rkx,4.126831531524658,5.1,training
4rlk,7.333328247070312,5.02,training
4rll,6.442513465881348,5.02,training
4rlp,7.70368766784668,8.14,training
4rlt,7.090413093566895,4.96,training
4rlu,6.275449752807617,4.82,training
4rlw,6.328411102294923,4.87,training
4rme,6.160654067993164,5.92,training
4rn0,6.2988786697387695,6.59,training
4rn1,5.878398895263673,5.0,training
4rn2,6.483880043029785,5.82,training
4rn6,6.148922920227051,5.1,training
4rpo,7.1782894134521475,7.64,training
4rpv,7.912659645080566,8.52,training
4rqk,5.14222526550293,5.82,training
4rqz,4.766831874847412,5.4,training
4rr6,6.014775276184082,6.0,training
4rra,5.963591575622559,4.87,training
4rrf,5.333105087280273,3.62,training
4rrg,5.109044075012207,2.81,training
4rrn,7.8305816650390625,7.32,training
4rro,7.61993408203125,7.59,training
4rrq,4.910768508911133,5.47,training
4rrr,4.748092651367188,4.44,training
4rrs,7.321843147277832,6.68,training
4rrv,6.856307029724121,7.4,training
4rs0,5.448813438415527,6.0,training
4rsc,6.990588188171388,6.63,training
4rse,7.441391944885254,6.4,training
4rsk,4.510872840881348,4.32,training
4rsp,7.06412410736084,5.44,training
4rss,8.615222930908201,8.77,training
4rt0,6.202582359313965,5.5,training
4rt1,6.309407234191895,6.14,training
4ruu,7.39035701751709,7.54,training
4rux,8.285483360290527,7.92,training
4ruy,8.48004150390625,7.89,training
4ruz,7.694579124450684,7.64,training
4rvk,7.908233642578125,7.87,training
4rvl,7.3628273010253915,7.38,training
4rvm,8.272727966308594,9.0,training
4rvt,6.471718788146973,5.72,training
4rwj,7.794753074645996,8.7,training
4rwk,7.793471336364746,7.19,training
4rwl,8.177463531494139,8.1,training
4rww,5.814105987548827,5.85,training
4rx5,8.165915489196777,8.52,training
4rx7,8.145804405212402,8.3,training
4rx8,8.047690391540527,7.46,training
4rx9,7.722599983215332,7.89,training
4rxa,7.223316192626952,5.74,training
4rxc,6.1361045837402335,4.48,training
4rxd,6.416829109191895,6.52,training
4rxe,6.5449981689453125,6.64,training
4rxh,5.87113094329834,5.91,training
4rxz,7.072084426879883,6.74,training
4ryc,7.368133544921875,7.1,training
4ryg,7.529011726379394,8.1,training
4ryl,5.903862953186035,7.28,training
4rz1,7.4784278869628915,7.4,training
4s1g,7.6416263580322275,9.22,training
4s2i,6.458123207092285,9.0,training
4s3e,5.1042141914367685,6.11,training
4s3f,5.486662864685059,6.24,training
4sga,7.07221794128418,7.3,training
4std,7.406501770019531,10.33,training
4tju,7.440376281738281,5.44,training
4tjw,7.045685768127441,6.02,training
4tjy,7.5760135650634775,6.44,training
4tk0,6.250834465026856,5.55,training
4tk1,5.645702362060548,3.72,training
4tk2,5.6305742263793945,3.72,training
4tk3,5.770393371582031,5.1,training
4tk4,5.569923400878906,5.1,training
4tk5,7.5151023864746085,7.49,training
4tkb,5.421262741088867,5.59,training
4tkf,7.669260025024414,6.55,training
4tkg,8.278460502624513,6.85,training
4tkh,5.491351127624512,5.74,training
4tki,6.181729316711426,6.38,training
4tkj,6.075188636779785,6.04,training
4tkn,6.829878807067871,5.89,training
4tky,5.057741165161133,5.7,training
4tlr,7.868586540222168,8.52,training
4tmf,6.069708824157715,5.48,training
4tmp,5.492931365966797,5.43,training
4tmr,7.839006423950195,7.22,training
4tn2,6.866250991821289,6.92,training
4tn4,7.9322919845581055,6.33,training
4tnw,4.53459358215332,3.78,training
4to8,3.086955308914185,1.24,training
4tpk,7.52756404876709,8.57,training
4tpm,8.259200096130371,8.62,training
4tpp,7.855551719665527,8.59,training
4tpt,7.247658729553223,7.04,training
4tpw,6.843523979187013,4.69,training
4tq3,5.436676025390625,5.49,training
4tqn,5.891141891479492,6.11,training
4trc,4.418996810913086,4.52,training
4trw,7.041441917419434,4.14,training
4trz,7.009879112243652,5.03,training
4ts1,3.9573919773101807,4.94,training
4tsx,6.4618492126464835,4.99,training
4tsz,6.404892921447754,7.0,training
4tt2,4.844873428344727,4.66,training
4tte,4.492837905883789,3.69,training
4ttv,7.333280563354492,6.68,training
4tu4,5.220626831054688,3.76,training
4tuh,8.453808784484862,4.0,training
4tv3,8.207987785339355,8.72,training
4tw6,7.178799629211426,4.21,training
4tw7,7.848135948181152,7.59,training
4tw8,7.9428348541259775,5.58,training
4tw9,7.271472930908202,7.7,training
4twc,6.6816463470458975,7.4,training
4twd,5.611611366271973,5.08,training
4twt,6.401965141296388,8.0,training
4tww,7.1405391693115225,4.2,training
4twy,7.1965179443359375,3.97,training
4tx6,5.445292472839356,5.59,training
4txc,7.684650421142577,6.62,training
4txe,7.421895027160644,5.62,training
4txs,4.039717674255371,3.0,training
4ty1,8.059370994567871,9.26,training
4ty6,7.675566673278809,7.52,training
4ty8,3.5162382125854488,2.03,training
4ty9,3.63582706451416,2.05,training
4tya,3.9032258987426762,2.39,training
4tyb,4.326127529144287,1.7,training
4tyl,3.954439640045166,3.22,training
4tyo,6.642148017883301,7.1,training
4tyt,7.20305061340332,7.7,training
4tz2,5.3150482177734375,3.46,training
4tz8,4.542078971862793,3.3,training
4tzm,5.780020713806152,6.7,training
4tzn,6.3911380767822275,6.52,training
4tzq,6.007079124450684,6.52,training
4u01,7.962391853332519,8.46,training
4u03,6.361711502075195,5.77,training
4u0a,6.572939872741699,4.3,training
4u0b,6.456167221069336,4.3,training
4u0c,6.211427688598633,4.31,training
4u0d,6.07203483581543,4.31,training
4u0e,6.9523677825927725,6.92,training
4u0g,7.578695297241211,5.29,training
4u0i,8.637431144714355,8.22,training
4u0m,6.97639274597168,5.77,training
4u0n,6.3092041015625,5.77,training
4u0s,5.9917964935302725,6.8,training
4u0u,5.6322898864746085,5.82,training
4u0w,5.150053024291992,3.0,training
4u0x,5.849102020263673,6.23,training
4u1b,5.4875335693359375,5.31,training
4u2w,7.74062442779541,6.0,training
4u2y,5.3573760986328125,3.99,training
4u43,6.076789855957031,4.32,training
4u44,7.792046546936035,8.1,training
4u45,8.468303680419924,8.0,training
4u4x,5.779582977294923,5.01,training
4u58,5.086055278778076,2.0,training
4u5j,7.527314186096191,5.53,training
4u5l,5.375288963317871,2.4,training
4u5n,5.481926918029785,2.48,training
4u5s,5.012958526611328,2.41,training
4u5t,5.358231544494629,6.7,training
4u5u,4.9486823081970215,2.89,training
4u5v,5.0654401779174805,3.05,training
4u69,5.212766647338867,4.26,training
4u6c,5.040530204772949,5.0,training
4u6e,4.666007995605469,3.3,training
4u6r,8.453568458557129,7.85,training
4u6w,5.3803253173828125,4.21,training
4u6x,6.671854019165039,6.38,training
4u6y,6.340529441833496,7.08,training
4u6z,5.268494606018066,5.41,training
4u70,5.001213073730469,5.02,training
4u71,4.697003364562988,5.22,training
4u73,4.613448143005371,5.18,training
4u79,8.308221817016603,6.4,training
4u7q,8.107028007507324,9.74,training
4u7t,5.263261795043945,5.67,training
4u7v,7.744233131408691,5.49,training
4u82,6.515398025512695,5.72,training
4u8w,10.92088508605957,11.24,training
4u90,5.75862979888916,6.54,training
4u91,5.333160400390625,6.83,training
4u93,6.83458137512207,7.89,training
4uac,5.375740051269531,6.54,training
4ual,8.135583877563478,8.4,training
4uat,5.780888557434082,5.89,training
4uau,6.1565446853637695,5.89,training
4ucc,4.018250465393066,4.32,training
4ucd,3.94507360458374,4.0,training
4uce,3.608707666397095,3.17,training
4uco,7.798632621765138,7.0,training
4ucr,5.786044120788574,3.3,training
4ucs,4.442128658294678,4.21,training
4uct,4.683717727661133,3.12,training
4ucu,3.7688355445861816,3.35,training
4ucv,4.2824459075927725,2.88,training
4uda,7.649012565612793,7.59,training
4udb,9.502788543701172,9.15,training
4ufi,5.659270286560059,6.2,training
4ufj,4.885580062866211,4.28,training
4ufk,5.182221412658691,3.89,training
4ufl,5.324660301208496,2.64,training
4ufm,4.590424537658691,3.72,training
4ufz,6.30650520324707,6.31,training
4uia,7.166119575500487,6.72,training
4uib,8.503217697143555,9.0,training
4uil,5.97016716003418,7.24,training
4uin,6.986551284790039,7.62,training
4uit,7.162474632263184,6.7,training
4uiu,7.571045875549316,7.9,training
4uiv,7.65981388092041,7.8,training
4uiw,7.4734745025634775,7.3,training
4uix,6.921140670776367,7.3,training
4uiy,6.3850202560424805,5.6,training
4uiz,6.087746620178223,4.7,training
4um1,6.6979618072509775,5.77,training
4um3,8.24106502532959,7.54,training
4um9,6.096083641052246,8.07,training
4uma,5.280465602874756,5.41,training
4umb,4.61798095703125,4.0,training
4umc,3.448512315750122,3.44,training
4umj,5.939089775085449,5.57,training
4umn,8.388927459716799,7.2,training
4umq,7.0213985443115225,5.38,training
4umr,5.796210289001465,3.8,training
4umt,7.682459831237793,6.14,training
4umu,7.198028564453125,6.19,training
4unn,6.8683223724365225,6.38,training
4unp,5.666208267211914,3.23,training
4unq,7.139033317565918,6.62,training
4unr,7.811802864074707,8.7,training
4uns,7.854945182800293,6.7,training
4uoh,5.095277786254883,4.77,training
4urk,7.9135494232177725,5.96,training
4url,6.834406852722168,6.3,training
4urm,6.144528388977051,8.05,training
4urn,7.076608657836914,4.46,training
4uro,7.089924812316895,8.4,training
4uru,4.9036970138549805,2.22,training
4urv,4.490971565246582,2.77,training
4urw,5.489279747009277,2.8,training
4urx,4.964902877807617,2.89,training
4ury,4.9674272537231445,2.22,training
4urz,4.526045799255371,2.52,training
4us4,6.468189239501952,5.32,training
4usi,5.073051452636719,4.41,training
4usj,4.646231174468994,4.0,training
4usw,4.55577564239502,2.69,training
4utn,5.557411193847656,6.15,training
4utr,5.166255474090576,6.15,training
4utv,5.239894390106201,5.09,training
4utx,5.257969856262207,5.24,training
4uu5,5.036417007446289,5.04,training
4uu7,5.170126914978027,6.08,training
4uu8,5.226380825042725,6.54,training
4uua,5.278910636901856,5.24,training
4uub,5.285825729370117,4.76,training
4uuq,6.499410629272461,7.54,training
4uv8,5.3018455505371085,6.47,training
4uv9,5.226189136505127,6.01,training
4uva,5.2093658447265625,5.75,training
4uvb,5.2729997634887695,5.49,training
4uvc,5.457195281982422,6.88,training
4uvu,7.576651573181152,5.92,training
4uvv,7.322476387023926,7.49,training
4uvw,7.405464172363281,7.72,training
4uvx,7.250694274902344,7.96,training
4uvy,7.420419692993164,8.26,training
4uwf,8.063614845275879,8.15,training
4uwg,7.788270950317383,8.15,training
4uwh,8.347149848937987,8.52,training
4uwk,8.007783889770508,9.0,training
4uwl,7.963112831115723,8.57,training
4ux4,7.6865692138671875,7.01,training
4ux6,5.497467041015625,5.92,training
4uxh,5.6124372482299805,5.96,training
4uxj,5.489126205444336,5.42,training
4uxl,7.9552955627441415,10.6,training
4uxq,7.690518379211426,7.8,training
4uy1,7.120856285095215,4.7,training
4uyd,4.132640361785889,4.1,training
4uye,5.868888854980469,8.02,training
4uyf,7.464592933654785,7.6,training
4uyg,6.740192413330077,7.6,training
4uyh,7.295816421508789,6.3,training
4uyn,8.289645195007324,8.4,training
4uzd,7.97514533996582,9.22,training
4uzh,6.825076103210449,5.01,training
4v01,8.32026481628418,8.11,training
4v04,8.239463806152344,8.11,training
4v05,7.860621452331543,9.7,training
4v11,5.494699478149414,6.49,training
4v1c,5.221539497375488,4.6,training
4v1f,5.472077369689941,7.7,training
4v24,7.915842056274414,8.37,training
4v25,7.17310905456543,7.08,training
4v27,5.144289016723633,6.66,training
4vgc,5.9895219802856445,6.9,training
4w4s,7.28174877166748,5.02,training
4w4v,7.9053897857666025,6.94,training
4w4w,7.740124702453612,7.46,training
4w4x,7.726946830749513,6.99,training
4w4y,7.873261451721191,6.46,training
4w4z,7.696891784667969,7.52,training
4w50,7.766630172729492,5.85,training
4w52,3.7162871360778813,3.76,training
4w53,3.9829368591308594,3.99,training
4w54,4.885603427886963,4.17,training
4w55,5.18934440612793,4.74,training
4w57,6.396912574768066,4.85,training
4w5a,5.407883167266847,3.77,training
4w5j,5.408270359039307,7.24,training
4w7p,7.4048423767089835,7.49,training
4w7t,6.446474075317383,6.05,training
4w97,7.034687042236327,7.1,training
4w9d,6.4843711853027335,4.99,training
4w9e,5.7132606506347665,5.15,training
4w9g,5.415350437164307,5.26,training
4w9j,7.179648399353027,6.23,training
4w9n,6.121281623840332,4.26,training
4w9q,7.514426231384277,6.85,training
4w9s,6.913397789001465,6.82,training
4wa9,8.167059898376465,8.42,training
4waf,7.601899147033691,5.0,training
4wag,6.724234580993652,7.08,training
4wbg,5.938352584838867,5.55,training
4wbo,7.223584175109862,4.2,training
4wcu,8.096724510192871,8.52,training
4wef,3.8911731243133545,2.59,training
4wet,6.308592796325684,3.35,training
4wey,5.746993064880371,3.5,training
4wf2,8.908544540405273,8.1,training
4wf4,5.660066604614258,3.11,training
4wf6,6.392712593078612,6.3,training
4wgi,7.049417495727539,5.35,training
4wh7,3.3640451431274414,2.3,training
4wh9,4.59149169921875,3.0,training
4whh,7.8290863037109375,7.4,training
4whl,6.858454704284668,6.4,training
4whq,3.743662357330322,4.12,training
4whr,3.656916379928589,4.12,training
4wht,6.435436248779298,8.1,training
4why,6.530177116394043,8.1,training
4whz,7.880671501159668,9.0,training
4wj5,6.66999626159668,6.29,training
4wj7,5.7875633239746085,4.89,training
4wk1,6.968681335449219,5.89,training
4wk2,5.909208297729492,6.94,training
4wk7,6.804841041564941,7.13,training
4wkb,8.817928314208984,11.57,training
4wkc,10.971909523010254,12.68,training
4wke,8.004665374755861,8.1,training
4wki,8.388542175292969,8.3,training
4wkn,10.180072784423828,9.72,training
4wko,10.556227684020996,9.47,training
4wkp,8.964127540588379,9.55,training
4wks,3.969689130783081,2.7,training
4wkt,4.787818908691406,3.26,training
4wku,6.076952934265138,5.68,training
4wkv,6.008936882019043,6.79,training
4wlb,7.39939022064209,6.74,training
4wm9,7.004986763000487,6.92,training
4wmc,6.3568973541259775,8.05,training
4wmu,6.9995059967041025,6.74,training
4wmv,5.3008222579956055,4.03,training
4wmx,5.359848976135254,4.85,training
4wmy,4.937566757202148,7.07,training
4wn1,7.922330856323242,8.29,training
4wn5,6.599008560180664,7.41,training
4wnk,8.073097229003906,6.42,training
4wno,7.852513313293457,6.8,training
4wnp,7.6577415466308585,8.1,training
4wop,5.511061668395996,4.76,training
4wov,7.404502868652344,7.14,training
4wp7,7.402750015258789,6.1,training
4wpf,6.841143608093263,6.6,training
4wph,5.310770034790039,5.8,training
4wpn,7.623166084289551,6.68,training
4wq2,4.745588779449463,6.3,training
4wq3,6.332301139831543,7.0,training
4wr7,8.92305850982666,11.7,training
4wr8,6.351142883300781,6.23,training
4wrb,7.261158943176269,6.19,training
4wri,7.906780242919923,9.01,training
4wrq,5.79945182800293,5.34,training
4wrs,8.452803611755371,9.4,training
4wsj,7.351421356201173,7.33,training
4wsk,7.023612976074219,6.43,training
4wsy,8.227121353149414,7.77,training
4wt2,8.436469078063965,10.42,training
4wt6,8.110910415649414,7.92,training
4wtu,9.058257102966307,9.52,training
4wuy,7.495991706848144,7.82,training
4wv6,6.538856506347656,4.98,training
4wvl,7.179853439331055,6.88,training
4wvs,5.457440376281738,6.27,training
4wvt,5.954319953918457,5.31,training
4wvu,6.439150810241699,5.71,training
4ww6,8.200891494750978,10.21,training
4ww8,8.059446334838867,10.17,training
4wwn,7.641423225402832,6.07,training
4wwo,7.248153686523437,7.42,training
4wwp,7.9684505462646475,6.92,training
4wx4,8.246603965759277,9.22,training
4wx6,7.7003173828125,9.0,training
4wx7,7.6467018127441415,7.4,training
4wxi,7.592399597167969,8.08,training
4wy1,6.589090347290039,5.29,training
4wy3,6.993703842163086,3.62,training
4wy6,7.1561336517333975,5.97,training
4wy7,6.736713409423827,6.78,training
4wym,7.016016960144043,4.0,training
4wyo,7.301801681518555,6.95,training
4wyp,4.113976955413818,3.36,training
4wyy,6.78870964050293,6.0,training
4wyz,4.321502208709717,4.3,training
4wz4,7.4464006423950195,6.44,training
4wz5,7.881147384643555,5.51,training
4wz8,7.6283016204833975,7.21,training
4wzv,7.769551277160644,9.37,training
4x0f,7.3818817138671875,7.0,training
4x0u,4.534319877624512,7.4,training
4x0z,4.123994827270509,3.15,training
4x11,3.576746225357056,2.22,training
4x13,5.173657417297363,3.3,training
4x14,5.090705871582031,2.92,training
4x1f,6.582963943481445,7.97,training
4x1n,7.3114423751831055,6.42,training
4x1p,5.8673858642578125,4.2,training
4x1q,7.201927185058594,5.3,training
4x1r,7.066495895385742,6.4,training
4x1s,7.3594398498535165,6.87,training
4x21,6.997713088989258,7.44,training
4x24,8.639400482177733,9.78,training
4x2l,5.564447402954102,4.44,training
4x2s,5.896822929382324,6.55,training
4x34,5.341442584991455,6.12,training
4x3e,5.498559951782227,5.47,training
4x3h,6.25006103515625,4.23,training
4x3i,5.700671195983888,3.17,training
4x3r,9.195757865905762,11.07,training
4x3s,5.774171829223633,5.89,training
4x3t,6.3892555236816415,4.54,training
4x3u,7.90872859954834,5.09,training
4x47,3.890965700149536,2.85,training
4x48,7.268331527709961,6.77,training
4x49,6.213440895080566,4.53,training
4x5p,6.567789077758789,8.21,training
4x5q,7.084139823913574,9.0,training
4x5r,7.051034927368164,7.85,training
4x5y,7.806234359741211,8.03,training
4x60,8.276544570922853,9.0,training
4x61,8.293717384338379,9.0,training
4x63,8.143911361694336,6.77,training
4x68,7.102424621582031,6.57,training
4x69,6.681180000305176,7.66,training
4x6h,6.139554977416992,7.66,training
4x6i,7.4448585510253915,8.0,training
4x6j,7.681133270263673,7.8,training
4x6k,5.3160057067871085,5.31,training
4x6m,7.974568367004394,8.24,training
4x6n,8.501982688903809,8.82,training
4x6s,6.8467655181884775,5.24,training
4x6x,8.398123741149902,8.64,training
4x6y,7.422093391418457,7.72,training
4x7h,8.35097599029541,7.38,training
4x7i,7.283255577087402,7.69,training
4x7j,8.477946281433105,7.39,training
4x7k,8.395517349243164,8.4,training
4x7l,8.236100196838379,8.05,training
4x7n,8.42092227935791,8.22,training
4x7o,8.87246322631836,8.7,training
4x7q,7.776640892028809,7.85,training
4x8g,7.70984935760498,6.0,training
4x8n,5.7241058349609375,6.62,training
4x8p,5.893763542175293,5.48,training
4x8s,3.7655668258666988,1.89,training
4x8t,3.506155252456665,2.05,training
4x8v,8.00593090057373,6.89,training
4x9r,7.3345985412597665,7.82,training
4x9v,7.730175971984862,7.85,training
4x9w,7.803449630737305,6.85,training
4xar,6.437309265136719,6.97,training
4xas,6.942229270935059,6.59,training
4xbb,6.236166000366211,5.0,training
4xbd,5.716116905212402,6.4,training
4xbo,5.98558521270752,4.59,training
4xc2,6.487314224243164,5.37,training
4xcb,4.76144552230835,5.47,training
4xct,7.370218276977539,8.17,training
4xcu,8.427656173706055,8.22,training
4xdo,3.810073375701904,4.08,training
4xe0,7.9150733947753915,7.72,training
4xe1,7.4581403732299805,7.11,training
4xgz,6.634519577026367,7.62,training
4xh2,6.492534637451173,8.22,training
4xh6,7.477479934692383,5.57,training
4xhk,9.426151275634766,8.3,training
4xhv,5.439886093139648,4.3,training
4xii,7.497739791870117,6.6,training
4xip,6.706465721130371,6.63,training
4xiq,6.996217727661133,7.07,training
4xir,7.361298561096191,6.94,training
4xit,7.640332221984862,7.27,training
4xj0,7.522221565246582,9.52,training
4xjr,5.58445930480957,5.32,training
4xjs,7.096376419067383,7.12,training
4xjt,6.0683441162109375,5.14,training
4xkb,7.595852851867676,6.1,training
4xkc,7.1293888092041025,5.87,training
4xkx,8.967522621154785,9.05,training
4xm6,6.616738319396973,4.05,training
4xm7,6.7425785064697275,3.57,training
4xm8,6.268695831298827,3.02,training
4xmb,7.499631881713867,7.36,training
4xmo,8.352100372314451,8.7,training
4xmr,5.18364143371582,4.07,training
4xnv,7.261971473693848,6.79,training
4xnw,7.956339836120605,7.74,training
4xpj,5.13633918762207,5.09,training
4xqa,5.015595436096191,4.99,training
4xqb,4.948326110839844,3.79,training
4xqu,6.024375915527344,6.07,training
4xrq,7.001533508300781,6.63,training
4xs2,8.438810348510742,5.82,training
4xsx,4.943617343902588,5.0,training
4xsy,6.484349250793457,5.3,training
4xsz,6.916903495788574,5.6,training
4xt9,7.797334671020508,6.8,training
4xta,5.699671745300293,5.43,training
4xtt,7.959238052368164,7.37,training
4xty,8.544244766235353,9.21,training
4xtz,9.22630214691162,9.82,training
4xu0,10.16755485534668,9.11,training
4xu2,9.36167049407959,9.23,training
4xu3,9.180195808410645,9.5,training
4xua,5.313739776611328,4.59,training
4xub,5.4214515686035165,5.97,training
4xuc,6.342475891113281,5.96,training
4xue,6.5196895599365225,5.3,training
4xum,7.170066833496094,4.67,training
4xuz,6.399247169494629,7.36,training
4xv1,7.841926574707031,8.38,training
4xv2,7.659153938293457,8.27,training
4xv3,7.3743896484375,7.92,training
4xv9,9.407896041870117,6.72,training
4xx3,8.306159019470215,7.25,training
4xx4,7.1826133728027335,7.36,training
4xx9,5.54257869720459,5.08,training
4xxs,8.13404655456543,7.28,training
4xy2,7.862871170043945,8.1,training
4xy8,6.008486747741699,6.4,training
4xy9,6.445338249206543,5.33,training
4xyc,7.317190170288086,7.51,training
4xyf,8.258461952209473,9.0,training
4xyn,5.18122673034668,5.89,training
4y0a,4.332936763763429,2.31,training
4y16,7.724590301513673,7.43,training
4y29,6.274066925048827,6.25,training
4y2b,6.4993953704833975,8.36,training
4y2j,6.0248451232910165,3.1,training
4y2p,5.446144104003906,2.66,training
4y2q,6.266949653625487,2.92,training
4y2s,5.792247772216798,4.28,training
4y2t,5.618245124816895,3.82,training
4y2u,6.905689239501952,3.24,training
4y2v,5.580504417419434,4.04,training
4y2x,6.7981529235839835,6.29,training
4y2y,6.2424821853637695,5.05,training
4y32,5.703611373901367,4.05,training
4y3b,6.363107681274414,4.87,training
4y46,7.578590393066406,7.96,training
4y4v,2.9811506271362305,3.65,training
4y59,7.6224775314331055,5.24,training
4y5d,8.201560974121094,5.92,training
4y5h,6.930976867675781,7.82,training
4y5s,4.213055610656738,3.73,training
4y62,4.798384666442871,2.95,training
4y63,4.780242919921875,3.58,training
4y64,4.0782742500305185,3.1,training
4y67,6.1632728576660165,6.93,training
4y6m,7.0942440032958975,7.15,training
4y6p,6.763882637023926,7.16,training
4y6r,5.815182685852051,5.48,training
4y6s,5.894560813903809,5.03,training
4y73,8.434147834777832,9.52,training
4y7r,5.560396194458008,5.03,training
4y83,7.946932792663574,7.77,training
4y85,7.714198112487793,7.89,training
4y87,7.823362350463867,7.24,training
4y8c,8.082231521606445,7.96,training
4y8d,7.612974166870117,8.05,training
4y8x,8.57357120513916,8.43,training
4y8y,8.897693634033203,9.15,training
4y8z,8.80286979675293,10.4,training
4y94,6.020359992980957,6.62,training
4ya8,7.72104549407959,6.1,training
4yab,5.331196308135986,5.07,training
4yad,5.607155799865723,5.6,training
4yas,4.1780076026916495,3.41,training
4yat,5.7556419372558585,5.03,training
4yax,5.215178966522217,5.82,training
4yay,8.205500602722168,8.54,training
4ybi,6.710254669189452,6.6,training
4ybm,5.0428428649902335,6.85,training
4ybs,6.4748077392578125,7.24,training
4ybt,6.613798141479492,7.0,training
4yc0,5.261817932128906,4.13,training
4yc9,6.452088356018066,8.89,training
4ycl,7.2755184173583975,8.15,training
4ycu,5.602510452270508,5.48,training
4ycv,6.5162553787231445,5.82,training
4ycw,5.925474166870117,5.68,training
4ydn,6.993856430053711,8.64,training
4ydq,6.945651054382324,6.52,training
4ye3,8.735630989074707,8.37,training
4yee,5.2732882499694815,6.49,training
4yef,5.085243225097656,5.35,training
4yes,7.629220008850098,8.02,training
4yff,8.363975524902344,8.0,training
4yfi,7.805990219116211,6.3,training
4ygf,8.072587013244629,7.68,training
4yha,7.326101303100586,6.65,training
4yhf,8.521579742431639,8.34,training
4yih,6.426628112792969,4.66,training
4yik,7.811473846435548,6.89,training
4yjn,8.183377265930176,7.92,training
4yk5,7.255866050720215,7.64,training
4ykj,4.3705101013183585,4.43,training
4ykk,4.16925859451294,2.77,training
4ykn,7.645282745361327,8.0,training
4yl0,6.439399719238281,8.22,training
4yl1,6.324142456054688,6.67,training
4yl3,7.866580009460449,8.15,training
4ylj,7.516050338745117,8.22,training
4ylk,7.6115875244140625,6.74,training
4yll,7.746929168701173,6.92,training
4ylu,6.396759986877441,4.0,training
4ym2,3.4884307384490967,2.85,training
4ym4,5.589487075805664,4.47,training
4ymb,6.18360710144043,6.21,training
4ymg,5.753453254699707,4.68,training
4ymh,5.66018009185791,6.46,training
4ymj,6.3207454681396475,7.0,training
4ymx,6.332728385925293,7.1,training
4ynb,10.426712989807127,10.37,training
4ynd,7.138979911804199,8.55,training
4yne,7.835293769836426,8.52,training
4ynl,5.702092170715332,4.62,training
4yo6,7.840634346008301,5.66,training
4yo8,11.098536491394043,10.52,training
4yog,6.63496208190918,5.74,training
4yoi,7.351016044616699,6.48,training
4yoj,7.044686317443848,6.39,training
4yoz,5.469941139221191,6.8,training
4yp1,6.322567939758301,5.04,training
4yp8,8.041364669799805,7.89,training
4ypf,3.590251922607422,2.7,training
4yps,7.889547348022461,7.12,training
4yqh,7.515259742736816,8.05,training
4yrc,3.334444284439087,2.7,training
4yrd,5.456222534179688,4.57,training
4yrg,3.1002469062805176,2.7,training
4yrr,3.747601985931397,2.7,training
4yrs,3.509795427322388,3.07,training
4yrt,3.295183658599853,2.78,training
4ys7,8.20915699005127,9.0,training
4yt6,7.923922538757324,7.96,training
4yt7,8.480380058288574,8.77,training
4ytc,7.9708499908447275,7.89,training
4ytf,9.100179672241213,8.15,training
4yth,8.464649200439451,8.7,training
4yti,8.250808715820312,7.89,training
4yur,8.258048057556152,9.8,training
4yuw,4.522597312927246,5.77,training
4yux,4.3094754219055185,3.74,training
4yuy,3.9026885032653813,3.34,training
4yuz,6.1109371185302725,5.04,training
4yv0,4.444999694824219,3.28,training
4yv1,4.514925956726074,3.08,training
4yv2,5.311241149902344,7.29,training
4yv5,6.250009536743164,6.22,training
4yv9,6.986529350280763,6.4,training
4yvc,6.716256141662598,5.96,training
4yve,7.230813980102539,7.0,training
4yvz,6.0335798263549805,5.52,training
4yw2,4.514391899108887,2.8,training
4yw6,6.592506408691406,7.08,training
4yw7,4.796745777130127,6.89,training
4ywa,5.381591796875,7.55,training
4yx9,7.3167076110839835,5.35,training
4yy6,5.010848045349121,4.22,training
4yyi,4.8891282081604,4.19,training
4yyl,6.441973686218263,5.01,training
4yym,5.515077590942383,3.62,training
4yyn,5.97298526763916,3.96,training
4yz5,4.604564666748047,2.83,training
4yz9,7.23697566986084,7.7,training
4yzc,8.453783988952638,8.52,training
4yzm,7.487709999084473,5.27,training
4yzn,7.59954833984375,4.81,training
4z0k,6.317217826843263,6.34,training
4z1j,8.460527420043945,8.11,training
4z1k,8.283487319946289,8.33,training
4z1n,8.264132499694824,8.23,training
4z1q,6.939887046813965,7.82,training
4z1s,7.380196571350098,6.1,training
4z2b,8.544424057006836,7.76,training
4z2g,7.0212364196777335,6.66,training
4z2h,6.175636291503906,5.08,training
4z2i,6.562205314636231,7.44,training
4z2j,6.615257263183594,6.43,training
4z2k,6.44106388092041,5.78,training
4z2l,5.763049125671388,5.85,training
4z2o,5.402029037475586,4.51,training
4z2p,5.906336784362793,4.6,training
4z3v,8.019207954406737,8.4,training
4z46,4.854428291320801,2.82,training
4z68,6.168826103210449,6.49,training
4z6h,5.275330543518066,6.21,training
4z7f,6.788564682006836,7.53,training
4z7h,7.701058387756348,6.66,training
4z7i,6.4712772369384775,8.11,training
4z7n,5.536995887756348,5.04,training
4z7q,5.723981857299805,4.29,training
4z7s,6.510628700256348,8.22,training
4z83,7.143399238586426,7.4,training
4z84,7.220179557800293,5.82,training
4z88,5.491029739379883,5.39,training
4z89,5.71439266204834,4.69,training
4z8a,5.704909324645996,4.76,training
4z8m,6.258814811706543,7.44,training
4z90,4.06958532333374,4.66,training
4z93,7.552532196044923,7.35,training
4z9l,8.423389434814451,8.8,training
4zae,7.153851509094237,8.44,training
4zb6,6.730971336364746,6.28,training
4zb8,6.865105628967285,6.03,training
4zba,6.062277793884277,5.51,training
4zbf,7.7714805603027335,7.13,training
4zdu,6.427278518676758,5.77,training
4zeb,5.345000267028809,6.52,training
4zec,6.8955116271972665,5.82,training
4zed,5.484954833984375,5.12,training
4zei,5.440566062927246,5.88,training
4zek,5.185781955718994,5.66,training
4zg6,7.487921714782715,6.33,training
4zg7,8.359188079833983,8.7,training
4zg9,7.334362983703612,7.59,training
4zga,7.1425743103027335,7.7,training
4zh2,5.041257381439209,5.0,training
4zh3,5.561384201049805,4.4,training
4zh4,5.728318214416504,4.22,training
4zhl,7.474913597106934,6.47,training
4zim,7.751716613769531,8.62,training
4zip,9.379111289978027,9.68,training
4zj4,8.186531066894531,8.1,training
4zj5,7.887602806091309,7.66,training
4zj6,7.499776840209961,8.52,training
4zji,8.22331714630127,6.47,training
4zjj,8.296975135803223,8.0,training
4zjr,7.7689151763916025,7.54,training
4zjw,8.157589912414549,6.66,training
4zk5,7.93485164642334,8.43,training
4zl4,7.542262077331543,7.86,training
4zla,6.808854103088379,7.3,training
4zlo,6.708539962768555,4.92,training
4zly,5.501392364501953,5.46,training
4zlz,6.458800315856934,7.0,training
4zme,4.937152862548828,4.3,training
4zmf,5.962693214416504,3.96,training
4zom,8.517433166503906,8.52,training
4zow,6.987264633178711,4.12,training
4zpe,7.340714454650879,6.35,training
4zpf,7.896505355834961,6.74,training
4zpg,7.545647621154785,7.26,training
4zph,4.688600540161133,7.51,training
4zqt,6.8015384674072275,5.64,training
4zro,6.598050117492676,6.16,training
4zs2,6.1661720275878915,5.49,training
4zs3,6.180900573730469,5.18,training
4zsa,7.992424011230469,7.82,training
4zsm,4.739924430847168,2.4,training
4zsp,6.395602226257324,5.74,training
4zsq,5.830625534057617,5.65,training
4zsr,6.4663429260253915,4.44,training
4ztl,8.280216217041017,5.92,training
4ztm,8.400431632995605,7.6,training
4ztn,8.465837478637695,7.72,training
4zud,8.106633186340332,8.16,training
4zum,7.053441047668457,6.57,training
4zun,4.2380123138427725,4.59,training
4zuo,6.558932304382324,6.41,training
4zup,6.445757865905763,6.77,training
4zuq,7.60040283203125,6.89,training
4zur,5.713946342468263,7.17,training
4zvi,5.3632545471191415,6.33,training
4zwy,7.4120216369628915,8.7,training
4zwz,7.878616333007812,8.7,training
4zx0,7.702667236328125,8.0,training
4zx1,8.066323280334473,6.14,training
4zxx,8.06995964050293,8.1,training
4zxy,7.711296081542969,6.4,training
4zy4,7.680022239685059,7.66,training
4zy5,7.3906822204589835,7.59,training
4zy6,8.21471118927002,8.3,training
4zyc,7.041121482849121,6.42,training
4zyf,7.053988456726074,8.64,training
4zyi,7.720091819763184,8.1,training
4zyr,5.917186737060548,5.7,training
4zz1,8.281157493591309,7.89,training
4zz2,7.659515380859375,8.04,training
4zz3,7.472964286804199,6.0,training
4zzd,6.395695686340332,6.6,training
4zzz,6.434634208679199,7.06,training
5a00,6.943309783935548,7.52,training
5a0e,7.562681198120117,6.53,training
5a14,8.009148597717285,7.3,training
5a2i,5.1876068115234375,5.06,training
5a2j,5.04359769821167,5.85,training
5a2k,5.222597122192383,6.35,training
5a3h,5.560005187988281,4.57,training
5a3o,5.271317481994629,4.73,training
5a3u,7.356544494628906,8.32,training
5a46,7.70880126953125,7.66,training
5a4c,8.115431785583496,8.24,training
5a5o,3.779920101165772,3.0,training
5a5p,4.833920478820801,4.0,training
5a5r,6.032486915588379,5.9,training
5a5s,6.401823997497559,5.9,training
5a5z,5.214257717132568,4.08,training
5a6n,5.437937736511231,4.28,training
5a81,6.122010231018066,5.54,training
5a82,6.562453269958496,5.6,training
5a83,6.695961952209473,6.8,training
5a85,5.838224411010742,5.3,training
5aad,8.230968475341799,6.67,training
5aae,7.792910575866699,7.46,training
5aaf,7.7034568786621085,7.44,training
5aag,8.013134002685549,7.34,training
5ab0,7.4593143463134775,7.59,training
5ab9,6.05074405670166,6.33,training
5abe,5.581239700317383,3.05,training
5abf,5.814126014709473,4.85,training
5abg,7.193469047546388,8.05,training
5abh,6.360989570617676,8.77,training
5abp,6.200425148010254,6.64,training
5acw,4.807330131530762,3.84,training
5acx,5.694711685180664,5.05,training
5acy,7.057111740112305,8.19,training
5ael,6.682950019836426,7.41,training
5aen,5.212907791137695,7.22,training
5aep,8.353753089904785,7.17,training
5aer,6.882029533386231,4.4,training
5aes,3.844759702682495,2.89,training
5afj,5.340856075286865,4.38,training
5afk,4.642534255981445,3.88,training
5afl,4.356443405151366,3.4,training
5afm,6.1784257888793945,4.15,training
5afn,4.1836466789245605,4.47,training
5afv,6.452848434448242,5.59,training
5afx,5.586251258850098,5.92,training
5agi,6.679389953613281,4.34,training
5agj,6.4751691818237305,6.15,training
5agu,7.828685760498048,10.0,training
5agv,8.064568519592285,9.7,training
5ah2,7.570158958435059,10.08,training
5ahu,6.266013145446777,6.78,training
5ai0,4.989119529724121,3.69,training
5ai1,6.712921142578125,6.47,training
5ai4,3.8323760032653813,3.47,training
5ai5,5.702649116516112,7.03,training
5ai6,5.151238441467285,4.4,training
5ai8,4.636774063110352,3.9,training
5ai9,7.17943286895752,6.61,training
5aia,5.611488342285156,5.2,training
5aib,4.8855485916137695,3.8,training
5aic,4.954514026641847,4.3,training
5ais,6.866996765136719,6.24,training
5aiv,6.718923568725586,6.19,training
5aix,8.165777206420897,7.92,training
5ajo,5.508618354797363,4.96,training
5ajp,5.23890495300293,5.3,training
5ajv,7.078104019165039,6.24,training
5ajw,7.728732109069824,6.98,training
5ajx,7.356741905212402,7.96,training
5ajy,7.37596321105957,6.3,training
5ajz,7.1820011138916025,5.7,training
5ak0,7.955826759338379,7.68,training
5ak2,8.004125595092772,8.41,training
5ak3,4.425105571746826,5.07,training
5ak4,5.182218074798584,4.23,training
5ak5,6.310500144958496,7.07,training
5ak6,3.982632875442505,3.49,training
5ake,7.984522819519043,7.82,training
5akg,4.5074005126953125,4.46,training
5akh,7.8201637268066415,6.59,training
5aki,7.067051887512207,6.12,training
5akj,4.960851669311523,5.86,training
5akk,4.564088821411133,4.0,training
5akl,7.840216636657715,7.07,training
5aku,7.046445846557617,6.82,training
5akw,6.9165143966674805,6.39,training
5akz,4.756251811981201,5.26,training
5al1,7.015061378479004,4.28,training
5al2,7.663847923278809,6.44,training
5al3,7.021499633789063,4.96,training
5al4,6.705628395080566,6.52,training
5al5,7.421669006347656,7.15,training
5alc,9.09335231781006,8.13,training
5ald,5.8416996002197275,5.97,training
5ale,5.14322566986084,5.95,training
5alf,7.456900596618652,6.69,training
5alg,8.058585166931152,7.52,training
5alh,8.612834930419924,7.07,training
5ali,8.482654571533201,7.07,training
5alj,6.8108625411987305,5.56,training
5alk,7.1760663986206055,6.6,training
5all,5.5600996017456055,5.57,training
5alm,6.795482635498048,6.53,training
5aln,6.786818504333496,6.57,training
5alo,6.1065521240234375,6.13,training
5alp,7.04392147064209,7.07,training
5alr,7.841872215270996,7.07,training
5als,7.657271385192871,7.72,training
5alt,7.0386810302734375,4.88,training
5alu,6.875364303588867,7.66,training
5alv,4.659476280212402,4.36,training
5alw,6.734672546386719,5.15,training
5alx,6.4020586013793945,5.48,training
5aly,7.333375930786133,6.73,training
5alz,7.3271942138671875,8.22,training
5am0,7.069465637207031,5.88,training
5am1,7.562105178833008,8.52,training
5am2,5.1898956298828125,5.01,training
5am3,8.42600154876709,8.3,training
5am4,7.3649024963378915,6.95,training
5am5,5.725130081176758,5.74,training
5amg,8.495035171508789,8.22,training
5aml,8.306866645812987,9.15,training
5aoi,5.233355522155762,3.03,training
5aoj,4.967673301696777,4.68,training
5aok,3.9579999446868896,2.7,training
5aom,4.906932353973389,2.9,training
5ap0,8.137490272521973,8.26,training
5ap1,8.18228816986084,7.97,training
5ap2,8.005241394042969,8.48,training
5ap3,7.9593505859375,7.03,training
5ap4,8.238532066345215,6.46,training
5ap5,7.852764129638673,7.97,training
5ap6,8.610819816589355,7.88,training
5ap7,8.32696533203125,6.29,training
5aph,8.264083862304688,7.22,training
5apj,7.9890995025634775,7.4,training
5apr,8.041675567626951,7.77,training
5ar4,8.003607749938965,6.7,training
5ar5,7.098365783691406,6.3,training
5ar7,7.712076187133789,6.49,training
5ar8,9.177921295166016,8.1,training
5aut,6.9341163635253915,5.17,training
5auu,6.924118995666504,4.68,training
5auv,6.4434146881103525,4.51,training
5auw,6.517333030700684,5.05,training
5aux,6.7521562576293945,5.0,training
5auy,6.8955135345458975,5.8,training
5auz,5.853817939758301,4.01,training
5av0,6.459165573120117,3.55,training
5avi,7.709660530090332,6.06,training
5awj,7.972500801086426,9.68,training
5axp,8.612758636474611,9.03,training
5axq,8.548079490661621,10.1,training
5azf,6.5914955139160165,4.44,training
5azg,6.427304267883301,5.54,training
5bml,7.649025917053223,8.0,training
5bms,7.195523262023926,6.34,training
5bnj,8.127131462097168,8.7,training
5bot,6.200348854064941,4.41,training
5boy,6.997245788574219,5.6,training
5bpa,8.22708797454834,9.0,training
5bpe,7.211723327636719,5.95,training
5bq0,6.565892219543457,7.82,training
5brn,4.1857357025146475,6.3,training
5bry,10.32502269744873,11.82,training
5bs4,9.298688888549805,11.0,training
5bsk,5.564727783203125,6.22,training
5btr,5.868410110473633,5.14,training
5bue,8.561585426330566,8.52,training
5bui,7.095959663391112,7.05,training
5buj,8.191930770874022,8.3,training
5bvd,8.658978462219237,9.8,training
5bve,9.248170852661133,11.0,training
5bvf,8.462668418884277,9.72,training
5bvk,6.057798385620117,4.0,training
5bvn,8.326553344726562,8.82,training
5bvo,7.628512382507324,8.3,training
5bvw,8.020510673522951,8.82,training
5bwb,6.641263008117676,5.3,training
5bwc,7.5892744064331055,7.21,training
5byi,8.228870391845701,7.51,training
5c0k,4.928933143615723,2.92,training
5c11,5.207494258880615,6.47,training
5c13,5.73935604095459,6.1,training
5c1m,7.89877986907959,10.8,training
5c26,7.068845748901367,6.77,training
5c29,6.018728256225586,6.06,training
5c2e,8.070143699645996,8.7,training
5c3k,4.394195556640625,3.96,training
5c3p,5.159934520721436,4.46,training
5c42,8.102876663208008,8.72,training
5c4o,8.311000823974611,8.21,training
5c4s,8.108380317687987,8.42,training
5c4t,8.261852264404299,7.66,training
5c4u,8.036333084106445,8.72,training
5c5h,7.476582527160644,6.4,training
5c6o,6.548677444458008,3.7,training
5c6p,5.068127632141113,3.7,training
5c6v,5.08397388458252,4.8,training
5c7a,5.200657844543457,3.31,training
5c7b,4.7960777282714835,3.0,training
5c7c,6.732494354248048,5.26,training
5c7d,6.084963798522949,5.11,training
5c7e,5.3184852600097665,5.0,training
5c7f,5.213275909423828,3.98,training
5c83,7.466596603393555,6.8,training
5c84,6.754682540893555,6.19,training
5c8k,8.313365936279299,7.7,training
5c8m,7.913145065307617,7.19,training
5c91,5.484651565551758,3.61,training
5cal,7.565641403198242,7.66,training
5can,8.151063919067383,6.91,training
5cao,8.122021675109862,7.42,training
5cap,8.469855308532715,7.28,training
5caq,8.110503196716309,8.57,training
5cau,8.67874813079834,8.8,training
5cav,7.973282814025879,6.67,training
5cbm,6.552231788635254,7.77,training
5cbr,7.698285102844237,5.74,training
5cc2,4.790678977966309,4.1,training
5ccl,5.541667938232422,4.77,training
5ccm,7.698932647705077,8.4,training
5ceo,8.290786743164062,9.3,training
5cep,7.878069877624513,6.84,training
5ceq,7.879008293151855,7.38,training
5cf4,8.468422889709473,7.4,training
5cf5,8.448481559753418,8.6,training
5cf6,8.115736961364746,8.09,training
5cf8,8.883027076721191,8.96,training
5cfa,5.622227668762207,6.54,training
5cfb,7.758986473083496,7.28,training
5cgc,8.175135612487793,9.3,training
5cgd,8.170092582702638,9.3,training
5cgj,6.479233741760254,5.22,training
5ci7,5.6470890045166025,6.92,training
5clm,6.9146080017089835,7.36,training
5cnj,7.595232009887695,6.84,training
5cnm,6.290736198425293,6.81,training
5cp9,3.0100960731506348,3.51,training
5cqj,6.082740783691406,4.81,training
5cqu,7.922201156616211,6.54,training
5cs2,6.604762077331543,8.4,training
5cs3,4.315796852111816,2.15,training
5cs5,4.5602874755859375,1.58,training
5csz,6.7905941009521475,7.77,training
5ct1,4.135527610778809,1.52,training
5ct7,8.556204795837402,7.15,training
5ctb,6.7490596771240225,7.64,training
5ctc,6.422297477722168,6.35,training
5cte,7.414307594299316,7.8,training
5cvd,5.320574760437012,6.41,training
5cwa,4.25560998916626,4.77,training
5cxh,7.9309635162353525,8.3,training
5cxz,6.838892936706543,6.26,training
5cy3,8.215161323547362,7.8,training
5cyi,7.5133724212646475,5.88,training
5d10,6.904520034790039,7.14,training
5d11,6.472862243652344,7.55,training
5d12,6.6391944885253915,7.37,training
5d1j,7.386087417602539,7.32,training
5d1r,5.712525367736816,4.84,training
5d1s,6.557646751403809,5.02,training
5d1t,6.7643489837646475,5.77,training
5d1u,6.0001726150512695,5.96,training
5d1w,5.926811218261719,5.12,training
5d21,4.936169147491455,8.38,training
5d6p,5.519457817077637,5.6,training
5d6q,5.998372077941895,5.24,training
5d7c,7.468735694885254,6.85,training
5d7e,5.368264198303223,3.82,training
5d7r,7.827201843261719,7.89,training
5d9k,7.958287239074707,8.4,training
5d9l,6.120218276977539,7.62,training
5d9p,3.951779842376709,3.2,training
5dah,5.866484642028809,5.3,training
5dd9,7.246564865112305,6.11,training
5dda,7.4337120056152335,5.78,training
5ddb,7.567033767700195,7.09,training
5ddd,7.496232032775879,6.59,training
5dde,7.613883018493652,7.19,training
5ddf,7.3871726989746085,6.17,training
5dgu,9.633273124694824,11.35,training
5dgw,9.765632629394533,11.05,training
5dgz,7.8658552169799805,7.85,training
5dhg,8.404654502868652,9.14,training
5dhh,7.762602806091309,9.18,training
5dhj,7.173647880554199,6.7,training
5dia,8.530867576599121,10.46,training
5diq,5.03831958770752,5.17,training
5dj5,6.491168975830077,5.6,training
5djp,5.7952537536621085,5.15,training
5djr,5.497100830078125,4.86,training
5djv,6.1024169921875,7.11,training
5dk4,7.427753448486327,8.7,training
5dl1,7.3707618713378915,5.0,training
5dls,7.98980712890625,8.36,training
5dms,5.206681251525879,4.53,training
5dq8,5.59832763671875,4.14,training
5dqe,5.280439853668213,3.63,training
5dtj,6.447284698486327,4.47,training
5e0a,3.891206979751587,6.59,training
5e0l,5.730636596679688,6.4,training
5e0m,5.393747329711914,5.28,training
5e1b,5.624940872192383,4.84,training
5e1d,5.866257667541504,5.39,training
5e1e,7.612086296081543,7.66,training
5e1m,5.895010948181152,6.72,training
5e1o,5.745482444763184,5.43,training
5e1s,8.376903533935549,7.92,training
5e2o,8.279731750488281,8.7,training
5e2p,8.617546081542969,8.8,training
5e2r,8.543414115905763,7.06,training
5e4w,5.40083122253418,4.64,training
5e8r,7.661369323730469,8.7,training
5ea3,6.064827919006348,8.77,training
5ea4,5.777473449707031,8.11,training
5ea5,5.262677192687988,8.06,training
5ea6,5.6765995025634775,7.41,training
5ea7,5.941688537597656,7.96,training
5eay,6.426455497741699,4.47,training
5ece,7.629823684692383,8.05,training
5edq,8.172824859619139,8.7,training
5edr,7.760794639587402,7.46,training
5eds,7.700523376464844,5.54,training
5efc,6.171595573425293,4.85,training
5egm,7.65870475769043,8.62,training
5ek0,8.279201507568361,7.68,training
5em5,7.628318786621094,6.58,training
5em6,7.922403335571289,8.4,training
5em7,7.375974655151367,7.72,training
5em8,6.770449638366699,5.96,training
5er1,6.116379737854004,6.02,training
5er2,8.130468368530272,6.57,training
5est,7.705519676208496,6.52,training
5ew3,7.026969909667969,8.92,training
5f2k,4.9447665214538565,6.16,training
5fiv,7.778105735778809,7.66,training
5fjw,6.604228019714356,5.4,training
5fjx,5.5254974365234375,4.96,training
5fl4,8.167031288146973,7.0,training
5fl5,8.065581321716309,8.19,training
5fwg,6.274351119995117,6.72,training
5hvp,6.55769157409668,7.7,training
5lpr,6.778037071228027,6.57,training
5prc,5.273670196533203,4.89,training
5std,8.601260185241701,10.49,training
5tln,6.715113639831543,6.37,training
5tmp,5.3494486808776855,7.47,training
6abp,5.903413772583008,6.36,training
6apr,7.703184127807617,7.77,training
6cgt,7.092720031738281,6.0,training
6cha,4.889633655548097,4.4,training
6cpa,8.280978202819824,11.52,training
6fiv,7.547989845275879,8.08,training
6gch,5.744462013244629,4.7,training
6gpb,4.750134468078613,4.85,training
6lpr,7.464236259460449,7.3,training
6prc,6.238469123840332,4.77,training
6rnt,4.161871433258057,2.37,training
6rsa,4.265516281127931,4.4,training
6std,8.912038803100586,8.64,training
6tim,3.988317489624024,3.21,training
7abp,6.1916704177856445,6.46,training
7cpa,8.839803695678711,13.96,training
7gch,7.1164302825927725,5.7,training
7gpb,6.0661258697509775,5.52,training
7hvp,8.148612976074219,9.62,training
7kme,6.603569030761719,4.4,training
7lpr,6.963592529296875,7.18,training
7prc,5.9138736724853525,5.21,training
7std,8.414517402648926,10.72,training
7upj,7.704606056213379,8.49,training
830c,7.64708137512207,9.28,training
8a3h,5.460946083068848,4.06,training
8abp,6.5087528228759775,8.0,training
8cpa,8.356854438781737,9.15,training
8gpb,5.069729804992676,3.6,training
8hvp,7.533461570739746,9.0,training
8lpr,6.903031349182129,6.62,training
966c,7.366300582885742,7.64,training
9abp,5.59467887878418,8.0,training
9hvp,8.591389656066895,8.35,training
9icd,5.689441680908202,3.9,training
9lpr,7.1876630783081055,5.7,training
1a94,6.989483833312987,7.85,validation
1a9q,4.291529655456543,6.17,validation
1adl,7.210397720336914,5.36,validation
1afl,5.893400192260742,6.28,validation
1aid,6.422989845275879,4.82,validation
1amk,3.2349274158477783,4.3,validation
1atl,6.323962211608888,6.28,validation
1b1h,6.8321895599365225,7.03,validation
1b32,5.83815860748291,7.1,validation
1b3g,6.699592590332031,6.7,validation
1b57,8.091947555541992,8.0,validation
1b6h,6.187708854675293,7.82,validation
1b6k,8.639098167419434,8.74,validation
1bai,7.257558822631836,7.7,validation
1bgq,5.9248762130737305,8.57,validation
1bm7,6.757706642150879,7.52,validation
1bn4,8.272120475769043,9.31,validation
1bnn,8.352558135986326,10.0,validation
1bnq,8.615192413330076,9.49,validation
1bty,3.6511499881744394,4.74,validation
1bxr,5.733450889587402,3.4,validation
1bzy,6.968850135803223,8.34,validation
1c1r,7.234569549560548,7.63,validation
1c5o,3.6575870513916016,3.49,validation
1c5q,4.525410175323486,6.36,validation
1c5s,4.144613742828368,6.0,validation
1c5y,4.61234188079834,4.2,validation
1c70,8.844696044921875,10.3,validation
1cet,5.387710571289063,2.89,validation
1cps,5.921388626098633,6.66,validation
1ctu,5.726076126098633,11.92,validation
1d3p,7.836653709411621,7.39,validation
1d4y,8.75702953338623,11.1,validation
1d9i,8.042994499206543,9.11,validation
1drv,6.57939338684082,6.54,validation
1dud,4.6292076110839835,4.82,validation
1e5j,5.180083274841309,4.0,validation
1ebz,8.361377716064451,9.4,validation
1ec0,9.012712478637695,8.49,validation
1ec1,8.193641662597656,8.92,validation
1ec3,7.930020332336426,9.04,validation
1ec9,6.1611080169677725,3.1,validation
1ecq,6.00779914855957,3.0,validation
1eld,7.848062515258789,6.7,validation
1erb,8.246264457702638,8.1,validation
1ew9,3.472172975540161,3.22,validation
1ex8,6.104877471923827,6.33,validation
1ez9,4.339697360992432,5.1,validation
1f5k,3.1518044471740723,3.74,validation
1f73,4.652260780334473,2.39,validation
1fcy,8.18682861328125,8.52,validation
1fiv,7.089815139770508,6.59,validation
1fjs,8.520961761474611,9.96,validation
1fkg,7.071024894714356,8.0,validation
1fkn,6.5963544845581055,8.8,validation
1fl3,7.3171424865722665,6.8,validation
1ftm,6.282611846923827,7.61,validation
1fv0,7.4459800720214835,5.93,validation
1fzq,4.243604660034181,7.62,validation
1g32,7.967630386352539,6.11,validation
1g48,8.422754287719728,8.41,validation
1g54,8.119297981262207,8.82,validation
1g7q,5.326238632202148,6.06,validation
1g9r,6.5277671813964835,5.7,validation
1ghv,5.843947410583496,4.35,validation
1gj8,7.568740844726562,6.96,validation
1gja,5.141274452209473,5.42,validation
1gnn,7.829892158508301,5.68,validation
1grp,4.18626880645752,3.72,validation
1gx8,7.398755073547362,6.37,validation
1h0a,4.801220893859863,5.44,validation
1h1d,6.745604515075684,8.22,validation
1h46,5.608725547790527,3.57,validation
1hi3,5.881133079528809,4.19,validation
1hi5,6.085121154785156,4.04,validation
1hmt,5.546273231506348,5.79,validation
1hsh,8.746950149536133,9.42,validation
1hsl,5.522028923034668,7.19,validation
1hvk,8.245123863220215,10.96,validation
1hvs,8.414170265197754,10.3,validation
1hxb,9.590598106384276,9.92,validation
1hxw,8.133950233459473,10.82,validation
1i5r,6.315837860107423,8.52,validation
1i80,4.9286842346191415,6.41,validation
1i9m,8.208591461181639,8.48,validation
1i9q,8.485061645507812,8.41,validation
1iy7,5.924683570861816,6.19,validation
1izh,9.321951866149902,7.7,validation
1j14,3.935878992080689,4.49,validation
1j16,3.7942016124725337,3.84,validation
1j37,5.827618598937987,8.96,validation
1jcx,5.827409744262695,5.15,validation
1jev,6.978045463562013,6.89,validation
1jqy,5.3199806213378915,4.92,validation
1k4g,7.656982421875,5.85,validation
1k4h,6.348348617553711,5.11,validation
1k6c,8.770051002502441,7.48,validation
1k6p,8.322103500366211,7.36,validation
1k9s,9.595053672790527,6.52,validation
1km3,5.099549293518066,4.91,validation
1kmy,5.358704090118408,5.1,validation
1kpm,7.56837272644043,5.8,validation
1kzk,9.397957801818848,10.39,validation
1kzn,7.9404964447021475,8.92,validation
1lah,5.733660697937013,7.52,validation
1lcp,5.7060184478759775,6.64,validation
1li6,3.864789724349976,3.8,validation
1lpz,7.799192428588867,7.6,validation
1lst,6.358044624328612,7.85,validation
1lzq,8.986971855163574,8.39,validation
1m0n,6.827850341796875,2.22,validation
1m0o,6.242255210876465,2.31,validation
1m2p,7.369735717773437,6.11,validation
1m2q,7.399519920349121,6.1,validation
1m2r,6.893162727355957,6.46,validation
1mjj,7.6564292907714835,8.74,validation
1mrx,9.646531105041504,7.26,validation
1n0s,7.6384849548339835,7.45,validation
1n3z,3.893457174301148,4.2,validation
1nfu,8.186373710632324,7.74,validation
1nfw,7.895026206970215,8.96,validation
1nh0,8.92095947265625,9.74,validation
1nhu,6.231514930725098,5.66,validation
1nli,4.363076686859132,3.59,validation
1np0,6.923423767089844,3.57,validation
1nt1,8.086041450500487,8.89,validation
1nvs,8.227928161621094,7.82,validation
1nw4,7.049433708190918,9.07,validation
1o0m,5.412034034729004,5.15,validation
1o0n,3.9881649017333984,4.09,validation
1o2n,7.701017379760742,6.09,validation
1o2o,7.595975875854492,6.36,validation
1o2z,6.855430603027344,6.11,validation
1o33,5.7004241943359375,5.74,validation
1o38,7.1130104064941415,6.82,validation
1o3d,6.803624153137207,7.13,validation
1o5a,7.0094404220581055,6.42,validation
1o5e,7.684653282165527,5.74,validation
1oau,9.281396865844727,7.7,validation
1ocq,6.2135772705078125,5.19,validation
1odi,6.470026969909668,4.21,validation
1ogg,6.373957633972168,5.19,validation
1ogx,6.167864799499513,6.09,validation
1ohr,8.135469436645508,8.7,validation
1oif,6.144981384277344,7.72,validation
1okl,7.853992462158202,6.03,validation
1olu,5.746926307678223,4.41,validation
1onz,5.208477973937988,5.1,validation
1ork,6.910134315490723,8.81,validation
1oth,6.450521469116211,7.0,validation
1p1o,5.130003929138184,5.76,validation
1pa9,5.50543212890625,4.6,validation
1pb9,4.896770477294922,3.62,validation
1pbq,6.143259048461914,6.27,validation
1pfu,4.286602020263672,2.72,validation
1ppi,7.381552696228027,5.01,validation
1ppk,7.735161781311035,7.66,validation
1pvn,5.6304473876953125,9.82,validation
1px4,4.074626922607422,3.23,validation
1pz5,7.1018266677856445,5.4,validation
1q65,6.863912582397461,5.46,validation
1q7a,5.7045440673828125,7.19,validation
1q84,8.276742935180664,11.05,validation
1q91,7.639325141906737,4.15,validation
1qb9,7.1584510803222665,7.44,validation
1qbn,6.927044868469237,5.85,validation
1qbr,9.18675136566162,10.57,validation
1qbu,8.738697052001951,10.24,validation
1qf2,6.751605033874513,5.92,validation
1qin,6.951651573181152,8.0,validation
1qk4,5.1588478088378915,4.21,validation
1qka,6.129676818847656,5.92,validation
1ql7,7.1109619140625,5.0,validation
1r0p,8.065973281860353,8.0,validation
1r1j,7.899483680725098,8.64,validation
1r6n,6.5336856842041025,7.4,validation
1rmz,7.360461235046388,8.0,validation
1ro7,6.567549705505371,3.18,validation
1rpj,5.871868133544923,6.48,validation
1rql,3.41624116897583,2.75,validation
1rr6,7.908435821533202,10.25,validation
1s19,9.057199478149414,9.51,validation
1s89,4.3288211822509775,5.24,validation
1sbg,8.93492317199707,7.74,validation
1sbr,6.166628837585449,5.0,validation
1sdu,8.381476402282715,10.07,validation
1sgu,9.281471252441406,5.37,validation
1sh9,8.745913505554201,6.03,validation
1sl3,7.9508161544799805,11.85,validation
1sqt,6.970786094665527,6.2,validation
1ssq,3.0530967712402344,6.0,validation
1szd,5.286755561828613,4.54,validation
1t31,7.635006904602051,8.64,validation
1t4v,6.532248497009277,7.68,validation
1t5f,4.275647163391113,4.22,validation
1t7j,9.970926284790039,8.7,validation
1ta6,7.2823848724365225,9.13,validation
1tkb,5.678483009338379,8.0,validation
1tlp,7.603230476379394,7.55,validation
1tnh,3.2952861785888667,3.37,validation
1tog,4.812532424926758,3.22,validation
1tuf,3.9541509151458736,4.05,validation
1tys,5.049949645996094,5.49,validation
1ugp,3.319296836853028,2.89,validation
1uho,8.051490783691406,9.22,validation
1ui0,3.464876890182495,7.06,validation
1uml,7.983804702758789,7.52,validation
1upf,3.570085287094116,4.6,validation
1ur9,7.858083724975586,5.77,validation
1usi,7.380209922790527,6.74,validation
1uv6,5.3186683654785165,5.12,validation
1uz4,5.060629844665527,3.4,validation
1v0k,6.186767578125,5.1,validation
1v1j,4.739662170410156,4.82,validation
1v2k,8.008543968200684,6.19,validation
1v2o,6.599630355834961,4.73,validation
1v2r,6.293892860412598,3.55,validation
1v2s,3.3132114410400386,4.17,validation
1v2u,3.103322505950928,3.37,validation
1v48,6.942090034484862,7.8,validation
1vzq,8.267946243286133,7.44,validation
1w0z,7.413687705993652,7.68,validation
1w4q,3.839349031448364,5.26,validation
1w5w,9.757397651672363,8.8,validation
1w5x,9.97173023223877,8.4,validation
1w9v,5.54493522644043,6.34,validation
1wm1,5.280436038970947,6.3,validation
1wn6,6.653616905212402,4.68,validation
1ws1,7.24278450012207,9.55,validation
1wur,6.0751914978027335,6.66,validation
1x38,8.318614959716799,8.77,validation
1x39,6.2249908447265625,9.22,validation
1x8t,6.877196311950684,7.8,validation
1xh4,7.844037055969237,7.47,validation
1xh5,8.249345779418945,5.47,validation
1xjd,8.135234832763674,9.48,validation
1xkk,8.071286201477049,8.52,validation
1xow,8.517335891723633,9.28,validation
1xug,7.671563148498535,7.05,validation
1y6q,9.842637062072754,11.7,validation
1yc4,6.522483825683594,6.55,validation
1ydd,6.488229751586914,7.07,validation
1yei,5.67169189453125,7.46,validation
1yvm,6.0791120529174805,6.4,validation
1z4o,5.442416191101074,4.52,validation
1z6s,4.38836669921875,4.34,validation
1z71,7.836631774902344,9.18,validation
1zfk,8.372461318969728,7.92,validation
1zfq,7.821263313293457,7.52,validation
1zhy,7.526742935180664,6.52,validation
1zp8,8.423568725585938,8.77,validation
2a14,5.979798316955566,5.7,validation
2a5b,8.00501537322998,3.93,validation
2a5c,5.650063514709473,4.62,validation
2a5s,6.015369415283202,6.7,validation
2aj8,8.008485794067383,6.2,validation
2amt,6.3148536682128915,4.44,validation
2aoe,6.877335548400879,7.62,validation
2avm,6.425159454345702,5.7,validation
2avo,8.749754905700684,8.85,validation
2avs,9.408281326293944,7.57,validation
2b7d,7.423779487609862,8.7,validation
2boh,8.471676826477049,8.52,validation
2boj,4.42319393157959,5.77,validation
2bok,8.630609512329103,6.55,validation
2bpy,7.24415111541748,7.4,validation
2bvd,5.688629150390625,6.0,validation
2bvr,5.7394771575927725,3.7,validation
2byr,7.998896598815918,8.55,validation
2c1p,8.158960342407228,5.4,validation
2c92,5.16746711730957,5.68,validation
2ccc,7.01004695892334,7.76,validation
2ceq,6.399925231933594,7.28,validation
2cer,7.83673095703125,9.22,validation
2ces,6.428936958312987,7.25,validation
2cf9,8.299542427062987,7.82,validation
2cgr,6.7095394134521475,7.28,validation
2cht,3.951313972473145,5.52,validation
2cn0,8.279839515686035,7.66,validation
2csn,6.747917175292969,4.41,validation
2ctc,4.6347928047180185,3.89,validation
2d0k,6.706267356872559,5.02,validation
2d3z,6.881521224975586,6.64,validation
2drc,7.803903579711914,9.89,validation
2e27,7.191239356994629,9.35,validation
2e7f,6.449810028076173,6.1,validation
2e92,4.8616814613342285,6.89,validation
2e94,6.3424482345581055,8.0,validation
2evl,7.07408332824707,6.7,validation
2ez7,3.5533521175384517,4.36,validation
2f2h,7.04453182220459,5.7,validation
2f34,5.610241889953613,6.89,validation
2fdp,7.842568397521973,7.59,validation
2fle,8.37258243560791,7.85,validation
2flr,7.181830406188965,6.1,validation
2fmb,8.739529609680176,8.7,validation
2fqy,7.973237037658691,6.57,validation
2fzg,7.370343208312987,3.38,validation
2fzk,5.5337114334106445,3.6,validation
2g5u,6.922829627990723,8.49,validation
2g71,7.5429229736328125,7.46,validation
2g72,7.28458309173584,6.5,validation
2gkl,5.400557518005371,5.35,validation
2gv6,7.2873477935791025,7.34,validation
2gz2,5.748566627502441,5.22,validation
2h4g,4.89427661895752,6.52,validation
2h4k,4.68582010269165,5.49,validation
2h6t,6.773575782775879,7.22,validation
2hhn,8.838815689086914,7.49,validation
2hmu,5.0371665954589835,7.7,validation
2hzy,7.09858512878418,7.39,validation
2i2b,4.057792663574219,2.44,validation
2i2c,6.735041618347168,4.7,validation
2i3i,6.371951103210449,7.3,validation
2i4u,9.757792472839355,11.57,validation
2idw,10.178881645202637,8.89,validation
2igv,4.106425285339356,2.23,validation
2ihq,7.3567705154418945,8.49,validation
2j27,4.027211666107179,3.52,validation
2j4g,5.399209022521973,6.6,validation
2j7e,6.9661827087402335,7.32,validation
2j7f,5.942390441894531,6.35,validation
2jfh,5.526490211486816,3.06,validation
2jgs,9.506763458251953,6.62,validation
2jh0,6.946942329406737,8.7,validation
2jiw,6.8641395568847665,4.59,validation
2nn7,7.324727058410644,6.52,validation
2nsj,5.417131423950195,4.79,validation
2o4s,8.365715980529785,10.51,validation
2oag,8.120319366455076,8.47,validation
2oi0,5.898630142211914,7.55,validation
2oi2,5.34809684753418,6.3,validation
2olb,5.6053123474121085,5.54,validation
2ovy,7.405098915100098,8.4,validation
2oxn,5.06370210647583,7.44,validation
2p3c,8.405618667602539,7.62,validation
2p4j,7.234939575195312,8.96,validation
2pbw,6.8976097106933585,8.25,validation
2pk6,9.852429389953613,10.89,validation
2pqc,6.21196174621582,5.74,validation
2psu,9.441455841064453,7.62,validation
2pvh,7.587961196899414,6.59,validation
2pvl,8.316329002380371,7.62,validation
2pwc,7.327777862548827,6.57,validation
2pwr,7.920028686523437,6.59,validation
2pyn,9.485660552978516,7.57,validation
2q1q,8.287210464477539,8.15,validation
2q5k,9.431201934814453,11.3,validation
2q64,9.29774570465088,8.52,validation
2q6f,6.4681644439697275,5.44,validation
2q89,5.412755012512207,6.3,validation
2q8z,6.305098533630371,5.68,validation
2qbs,6.118891716003418,6.68,validation
2qbu,7.290752410888673,6.19,validation
2qbw,6.816704750061035,7.25,validation
2qd8,9.279531478881836,9.07,validation
2qfu,4.005405902862549,4.18,validation
2qg2,6.333792686462402,5.4,validation
2qhz,8.715091705322267,7.28,validation
2qi4,8.887466430664062,10.44,validation
2qi6,8.496363639831543,10.57,validation
2qpq,3.3482983112335205,6.37,validation
2qrh,4.515685081481934,4.71,validation
2qrl,3.3182058334350586,4.0,validation
2qrm,4.796903610229492,4.03,validation
2qrp,5.752470970153809,6.2,validation
2r0h,5.558080673217773,3.51,validation
2r0z,7.765729904174805,5.47,validation
2r2b,5.569965362548828,4.2,validation
2r38,7.794421195983888,7.44,validation
2r58,3.7432079315185542,2.0,validation
2ra6,4.5697364807128915,4.52,validation
2rcb,4.282379150390625,6.79,validation
2rka,4.164447784423828,3.0,validation
2rkd,3.7758517265319824,2.72,validation
2rkm,5.5606184005737305,3.9,validation
2usn,7.606493949890138,6.51,validation
2uwl,8.314272880554201,8.4,validation
2uz9,6.652935028076173,5.71,validation
2v54,5.598058700561523,4.6,validation
2v58,7.0065879821777335,9.09,validation
2v59,6.332919120788574,7.74,validation
2v88,5.7987060546875,4.09,validation
2vb8,4.742433547973633,4.6,validation
2vc7,8.02359676361084,3.36,validation
2vc9,4.888827323913574,8.44,validation
2ves,7.389472961425781,7.7,validation
2vfk,4.410089492797852,3.71,validation
2vh6,8.611686706542969,9.7,validation
2vj8,7.415447235107423,8.7,validation
2vk2,4.50385046005249,6.89,validation
2vk6,4.2973880767822275,5.3,validation
2vmc,4.173326492309569,2.94,validation
2vmd,3.0220510959625244,3.02,validation
2vnt,8.10866641998291,8.0,validation
2vpn,5.657620429992676,6.72,validation
2vqt,5.480404853820801,6.0,validation
2vsl,5.9906044006347665,8.4,validation
2vuk,5.29802131652832,3.9,validation
2vvp,4.174407005310059,3.4,validation
2vvu,8.776998519897461,8.1,validation
2vw1,5.386210441589356,3.52,validation
2vyt,4.1784000396728525,2.74,validation
2w5g,5.720301628112793,6.07,validation
2w67,4.529571056365967,4.96,validation
2w8j,7.191316604614258,2.96,validation
2w8w,6.5604448318481445,2.12,validation
2w8y,8.426029205322267,9.09,validation
2w9h,6.776811599731445,6.37,validation
2wc3,6.319357872009277,6.08,validation
2web,7.45728874206543,5.12,validation
2wed,7.439826011657715,6.1,validation
2weo,6.388872146606445,6.93,validation
2wkz,8.613121032714844,8.77,validation
2wos,5.021697998046875,3.9,validation
2wyf,3.9018158912658687,4.43,validation
2x4z,7.8833045959472665,8.57,validation
2x95,7.3370933532714835,4.95,validation
2x96,7.300349235534668,4.03,validation
2xb7,7.882186889648437,9.19,validation
2xc0,7.903242111206055,6.72,validation
2xdx,5.909727096557617,6.46,validation
2xht,6.399463653564452,5.96,validation
2xib,5.862438201904298,7.26,validation
2xj2,7.853353500366211,7.18,validation
2xm1,5.215526580810547,5.07,validation
2xog,5.58554744720459,3.43,validation
2xxt,6.757842063903809,8.05,validation
2xxx,6.0555267333984375,6.41,validation
2y7x,8.618928909301758,8.89,validation
2y9g,3.4378643035888667,3.77,validation
2ya6,4.339168071746826,5.7,validation
2yaz,6.035529136657715,5.14,validation
2yfx,7.6300411224365225,8.09,validation
2yi7,7.270408630371094,8.32,validation
2yix,8.067763328552246,8.48,validation
2yk1,7.490279197692871,8.13,validation
2ypi,3.501800537109375,4.82,validation
2ypo,4.263301372528076,4.68,validation
2ypp,5.336779594421387,4.41,validation
2yxj,8.585446357727049,9.3,validation
2z4o,9.699674606323242,9.57,validation
2za5,7.486614227294923,8.43,validation
2zcs,7.1221046447753915,8.22,validation
2zdl,7.4181251525878915,6.4,validation
2zdn,7.224042892456055,6.25,validation
2zfp,6.514374732971191,5.17,validation
2zfs,6.300192832946777,6.54,validation
2zft,6.779833793640138,6.52,validation
2zq0,7.449422836303711,6.82,validation
2zxg,6.196377754211426,8.82,validation
2zym,6.20396900177002,6.14,validation
3a1s,5.728422164916992,4.83,validation
3a6t,6.328783988952638,7.28,validation
3aas,6.129059791564941,4.51,validation
3aau,7.646810531616211,5.05,validation
3afk,3.99249267578125,3.6,validation
3agl,5.979870796203612,7.8,validation
3ahn,6.959808349609375,7.05,validation
3ai8,4.540809631347656,3.81,validation
3ama,8.056787490844728,6.53,validation
3arr,5.399542808532715,5.4,validation
3b26,7.414848327636719,6.64,validation
3b2q,4.99806022644043,4.55,validation
3b50,4.7009477615356445,7.55,validation
3b66,7.853886604309082,8.6,validation
3bbf,5.774947166442871,5.28,validation
3be9,9.05029582977295,7.62,validation
3bgb,9.23475170135498,6.05,validation
3bgq,8.511364936828612,7.96,validation
3bgs,7.381218910217285,9.42,validation
3bkl,8.044249534606934,6.17,validation
3bqc,7.089526176452638,5.73,validation
3buf,3.7769079208374015,3.1,validation
3bwj,5.826117515563965,6.5,validation
3bxg,4.424337387084961,4.96,validation
3bzf,6.275077819824219,4.52,validation
3c2o,3.1376640796661377,3.35,validation
3c2r,3.1279375553131104,3.11,validation
3c39,3.1883935928344727,3.96,validation
3c88,6.165167808532715,6.8,validation
3c8b,6.31429386138916,6.1,validation
3c8e,5.395769119262695,4.15,validation
3ccz,7.80838680267334,7.29,validation
3cdb,8.465207099914549,7.02,validation
3cfn,5.304524421691895,5.0,validation
3ckp,7.4755859375,6.35,validation
3cow,5.660196304321289,6.9,validation
3cs7,8.51515007019043,10.68,validation
3cyw,8.975667953491211,7.77,validation
3d1x,8.290566444396973,8.66,validation
3d1y,8.445710182189941,8.22,validation
3d1z,9.504939079284668,8.8,validation
3d51,4.538180351257324,4.15,validation
3d6o,4.492258548736572,4.11,validation
3d7b,4.1166162490844735,3.69,validation
3d7k,5.990501403808594,4.6,validation
3d8y,4.533943176269531,3.4,validation
3d8z,4.901494979858398,3.37,validation
3d91,7.300169944763184,9.15,validation
3d9z,8.27366828918457,8.7,validation
3dhv,4.256220817565918,2.96,validation
3djk,10.036328315734863,10.59,validation
3dln,5.80985164642334,6.6,validation
3dp4,6.972641944885254,7.37,validation
3dx4,5.865633010864258,7.12,validation
3ebh,7.006072998046875,6.32,validation
3ebi,7.675518989562987,7.1,validation
3eeb,7.762382507324219,5.89,validation
3egt,5.605526924133301,8.9,validation
3ekp,8.341827392578125,8.89,validation
3el4,8.362021446228027,7.17,validation
3el5,7.386709213256836,7.72,validation
3eqr,8.319507598876951,8.7,validation
3evd,5.488340377807617,6.91,validation
3exe,5.500934600830078,6.96,validation
3exh,5.702803611755371,4.88,validation
3f34,4.6896629333496085,3.16,validation
3f3u,6.554070472717285,4.74,validation
3f5j,4.645378112792969,4.28,validation
3f5l,7.387187957763673,3.72,validation
3f6g,6.476947784423827,4.72,validation
3f7h,6.14493465423584,7.09,validation
3f8c,7.537312507629394,7.68,validation
3ff3,4.711974143981934,3.57,validation
3fj7,4.709151268005371,3.71,validation
3fjg,5.388266563415527,3.73,validation
3fqe,7.25067138671875,8.3,validation
3fuz,6.064373016357423,6.54,validation
3fvh,5.677725791931152,6.35,validation
3fx6,5.716031074523926,6.8,validation
3g0i,6.257187843322754,3.6,validation
3g1v,4.6595797538757315,3.19,validation
3g2h,4.291102409362793,3.82,validation
3g2l,6.117463111877441,3.87,validation
3g3r,6.128745079040527,6.48,validation
3gc4,7.686781883239746,7.6,validation
3gdt,4.017435073852538,7.19,validation
3gsm,4.414848327636719,6.48,validation
3gtc,4.34340238571167,2.35,validation
3gx0,5.861560821533202,3.48,validation
3h5b,9.958941459655762,10.0,validation
3hcm,5.11453914642334,3.3,validation
3hkt,6.911768913269043,5.39,validation
3hky,8.207695960998535,7.1,validation
3hp9,5.097691059112549,4.59,validation
3hs4,6.552580833435059,8.0,validation
3i4b,8.257524490356445,8.15,validation
3i4y,6.766469955444336,7.05,validation
3i5z,8.226783752441406,8.7,validation
3i6o,10.006216049194336,10.35,validation
3i7e,9.5093994140625,10.85,validation
3i9g,7.287993431091309,8.96,validation
3ibu,7.734621047973633,9.15,validation
3iof,5.905763626098633,5.22,validation
3ipq,8.200954437255861,7.57,validation
3iue,5.889092445373535,5.82,validation
3jdw,5.26801872253418,3.6,validation
3juo,6.65394401550293,5.07,validation
3juq,5.852018356323242,4.91,validation
3jy0,6.9151859283447275,8.3,validation
3jzg,5.007970809936523,4.4,validation
3k02,5.90404224395752,5.0,validation
3k1j,5.796621322631836,6.4,validation
3k99,6.7756290435791025,7.22,validation
3kdm,8.000227928161621,7.0,validation
3kmc,6.070535659790039,6.4,validation
3kmy,4.6155219078063965,4.49,validation
3kyq,4.908503532409668,4.22,validation
3l0v,7.5628299713134775,7.64,validation
3l3l,6.488039016723633,7.48,validation
3l6h,5.677298545837402,5.4,validation
3l7d,6.586808204650879,2.18,validation
3ldp,5.850404739379883,5.62,validation
3ldq,6.60697078704834,5.36,validation
3le9,7.1465253829956055,8.22,validation
3ljg,7.527423858642577,7.73,validation
3ljz,8.44588565826416,8.14,validation
3lpi,7.891242027282715,8.52,validation
3lxk,9.478750228881836,9.8,validation
3m35,6.715156555175781,7.22,validation
3m36,8.567283630371094,9.82,validation
3m37,8.427600860595701,9.04,validation
3m3x,8.278136253356934,6.82,validation
3m8u,5.840422630310059,4.89,validation
3mho,7.778900146484375,6.49,validation
3mhw,3.6383657455444336,2.3,validation
3miy,7.52202033996582,7.68,validation
3ml5,7.0110626220703125,8.52,validation
3mna,8.268478393554688,7.39,validation
3moe,6.623624801635742,4.3,validation
3mv0,4.068115234375,3.85,validation
3n1c,4.691072463989258,5.22,validation
3n2p,7.850714683532715,7.82,validation
3n2v,7.533550262451173,7.51,validation
3n7h,5.0094990730285645,4.5,validation
3nht,7.929491996765138,7.01,validation
3nu4,8.629659652709961,8.82,validation
3nu5,9.258000373840332,8.35,validation
3o5x,6.665312767028809,5.28,validation
3o99,10.622504234313963,10.82,validation
3oaf,6.9791507720947275,8.8,validation
3obx,5.063800811767578,3.89,validation
3ohi,7.487264633178711,4.85,validation
3ove,6.195058822631836,6.57,validation
3ovn,4.088839054107666,2.55,validation
3own,6.963949203491211,7.47,validation
3oyw,3.4586281776428223,4.11,validation
3ozj,6.451231956481934,5.11,validation
3p2e,4.563640594482422,6.22,validation
3p3g,7.7042236328125,9.74,validation
3p3t,6.90834903717041,7.24,validation
3p58,5.946653366088867,7.6,validation
3p8z,7.5007972717285165,6.09,validation
3pb7,6.467052459716798,5.74,validation
3pce,4.381561279296875,2.0,validation
3pcf,4.632743835449219,6.05,validation
3pgl,5.9395952224731445,5.3,validation
3pgu,6.587181091308594,6.7,validation
3pn1,7.381397247314452,6.96,validation
3ppr,5.369873046875,2.82,validation
3q71,5.407990455627441,5.22,validation
3qaa,10.075933456420898,11.54,validation
3qfd,6.5759315490722665,4.17,validation
3qfz,4.339552879333496,3.24,validation
3qox,5.381688594818115,6.57,validation
3qt6,5.453105926513672,5.37,validation
3qxt,7.1598472595214835,5.22,validation
3r0y,4.993077278137207,4.84,validation
3r1v,7.073385238647461,6.92,validation
3r24,6.028487205505371,5.25,validation
3rbu,7.737062454223633,9.43,validation
3rdo,8.2659912109375,9.85,validation
3rf5,4.708307266235352,5.63,validation
3rlb,9.121496200561523,9.92,validation
3rsr,5.893482208251952,4.36,validation
3rux,9.236333847045898,9.28,validation
3rv4,5.306841850280762,2.3,validation
3ryx,7.822206497192383,8.14,validation
3rz5,8.441322326660156,7.89,validation
3s43,9.00479793548584,8.6,validation
3s75,5.15104341506958,6.82,validation
3s76,4.602754592895508,5.05,validation
3s77,5.874095916748048,7.21,validation
3s8x,8.898600578308105,7.3,validation
3s9e,6.108834266662598,5.13,validation
3s9t,8.752607345581055,6.82,validation
3sap,8.196442604064941,7.59,validation
3sax,8.392730712890625,6.57,validation
3slz,8.0621337890625,6.99,validation
3spf,5.2108192443847665,3.86,validation
3st5,10.759243965148926,11.3,validation
3su0,8.19054126739502,6.79,validation
3su1,8.111052513122559,6.68,validation
3sue,8.459882736206055,9.08,validation
3sug,7.9981327056884775,6.21,validation
3sus,6.561697006225586,4.15,validation
3sw8,6.702757835388184,4.5,validation
3t09,4.304979324340819,3.8,validation
3t1a,8.759416580200195,8.37,validation
3t1l,4.183664321899413,3.26,validation
3t2q,3.727499723434448,3.66,validation
3t3c,9.857292175292967,10.23,validation
3t3u,8.282119750976562,8.6,validation
3tao,5.159414291381836,5.14,validation
3tcg,6.041501045227051,5.87,validation
3tfp,7.893092155456543,6.47,validation
3tfu,5.692344665527344,3.28,validation
3ts4,7.676057815551758,8.72,validation
3tvc,7.542957305908202,7.74,validation
3u7m,7.651829719543457,7.45,validation
3u7s,9.01455307006836,8.43,validation
3u8l,8.027782440185549,8.05,validation
3u92,6.836387634277344,7.48,validation
3ug2,6.909789085388184,8.25,validation
3uu1,4.20168399810791,5.2,validation
3uw4,7.201869010925293,7.77,validation
3uxl,5.448798179626465,5.57,validation
3v5t,8.099167823791504,8.22,validation
3vd9,4.024912357330321,4.0,validation
3veh,5.785745620727539,4.96,validation
3vf5,9.22014331817627,9.34,validation
3vfb,9.655364990234377,9.04,validation
3vha,7.654667854309082,7.4,validation
3vw2,6.3039913177490225,4.75,validation
3w07,5.5288047790527335,3.38,validation
3w9r,6.332209587097168,6.18,validation
3wha,7.991503715515138,9.32,validation
3wtm,7.017474174499513,7.0,validation
3wtn,5.798818588256836,7.04,validation
3wto,6.677193641662598,6.92,validation
3zll,4.399044990539551,6.4,validation
3zln,7.996021270751952,8.47,validation
3zpu,8.175746917724611,8.38,validation
3zq9,5.202889442443848,6.02,validation
3zt3,4.99558162689209,2.86,validation
3zxz,8.897257804870605,8.4,validation
4a6b,8.7095947265625,8.38,validation
4a6c,8.549335479736326,7.92,validation
4a6l,8.55938720703125,8.0,validation
4abb,4.058097839355469,4.51,validation
4abf,4.57410192489624,4.62,validation
4abh,3.726895570755005,4.15,validation
4ad6,4.664733409881592,4.78,validation
4agm,5.292159080505371,3.98,validation
4ahr,3.907975673675537,2.19,validation
4ahs,3.7078487873077393,2.19,validation
4aia,5.487611770629883,3.66,validation
4alx,9.344027519226074,7.28,validation
4aoi,9.3537015914917,8.4,validation
4ap7,7.889594078063965,7.96,validation
4aq4,4.166260719299316,6.17,validation
4auj,6.461196899414063,7.74,validation
4az6,5.95850944519043,9.1,validation
4azc,4.992704391479492,5.86,validation
4azg,5.348038196563722,7.1,validation
4b32,3.826795101165772,3.34,validation
4b33,4.178408622741698,3.37,validation
4b5d,5.727297782897949,7.89,validation
4b5t,3.812243938446045,3.33,validation
4b5w,3.919450283050537,3.33,validation
4b6p,8.157628059387207,7.13,validation
4b6s,7.098246574401856,6.01,validation
4b73,6.408576011657715,7.21,validation
4b7r,5.697741508483888,9.64,validation
4b9k,6.210371971130371,6.17,validation
4b9z,6.85096549987793,4.09,validation
4bah,7.558794021606445,8.7,validation
4bak,8.103721618652344,8.91,validation
4bcm,7.535530090332031,6.91,validation
4bs0,6.406857490539551,5.7,validation
4bt3,5.792742729187013,3.12,validation
4bup,7.06309986114502,4.95,validation
4c52,6.8242149353027335,5.68,validation
4ca5,8.481687545776367,9.39,validation
4ca7,7.653648376464844,7.36,validation
4cd0,8.17961311340332,9.7,validation
4ceb,6.0868778228759775,2.97,validation
4cg8,7.8884944915771475,6.96,validation
4cgi,6.6144752502441415,3.12,validation
4cmo,7.855038642883301,9.07,validation
4cpy,6.628915786743164,6.31,validation
4cpz,7.569883346557617,7.68,validation
4crl,7.367341995239258,9.71,validation
4css,6.172457695007324,8.46,validation
4cst,7.294736862182617,8.89,validation
4cu7,5.193849563598633,7.59,validation
4cwq,8.207967758178711,7.06,validation
4cwt,8.182238578796388,6.75,validation
4d1j,3.07077431678772,6.31,validation
4d8z,5.4424781799316415,6.29,validation
4daf,5.586010932922363,7.12,validation
4del,6.569409370422362,7.68,validation
4dju,5.283104419708252,5.44,validation
4djx,6.799393653869629,7.23,validation
4dko,7.014900207519531,6.52,validation
4dkq,6.879935264587402,6.6,validation
4dkr,6.4311065673828125,6.52,validation
4dmw,5.044149398803711,4.94,validation
4do5,5.25602912902832,5.83,validation
4dst,4.5454607009887695,2.96,validation
4dsu,3.524057626724243,2.82,validation
4duh,6.970335006713867,5.18,validation
4dy6,6.214192390441895,4.4,validation
4e6d,9.260808944702148,8.92,validation
4e9u,6.942048072814941,5.82,validation
4eb8,7.177474021911621,9.82,validation
4efs,7.987653732299805,8.6,validation
4ejl,5.058801651000977,5.14,validation
4emf,7.3535118103027335,7.08,validation
4en4,4.37974214553833,5.52,validation
4eo6,6.545657157897949,8.7,validation
4er2,7.639942169189452,9.3,validation
4erf,6.695140838623048,9.4,validation
4etz,5.57502555847168,6.3,validation
4eu0,5.533814430236816,6.4,validation
4euo,5.1094088554382315,5.05,validation
4ew2,6.278990745544434,6.68,validation
4ewn,4.718655586242676,6.7,validation
4f6w,7.558428764343263,7.52,validation
4f7v,6.278472900390625,5.38,validation
4fm8,7.018492698669434,5.97,validation
4fut,5.988767623901367,6.51,validation
4fxp,7.231687545776367,4.09,validation
4fys,7.054238319396973,4.82,validation
4g0q,3.6054456233978267,2.52,validation
4g8n,6.038826942443848,7.2,validation
4gah,5.91751766204834,6.1,validation
4gbd,7.805214881896973,11.32,validation
4gkh,6.18927001953125,4.67,validation
4gny,6.8028812408447275,4.22,validation
4gu6,8.304484367370605,7.36,validation
4gzt,6.924234390258789,7.77,validation
4gzw,6.858277320861816,4.52,validation
4h3f,7.240142822265625,9.0,validation
4h3g,7.418588638305664,8.22,validation
4ha5,6.297697067260742,7.24,validation
4hbm,7.353811264038086,7.92,validation
4hdf,8.707420349121094,8.49,validation
4hdp,9.181375503540039,7.51,validation
4hla,9.646376609802246,10.8,validation
4ht2,8.51474666595459,6.54,validation
4hws,7.52685546875,9.1,validation
4hy1,8.053534507751465,8.7,validation
4hym,8.104429244995117,8.22,validation
4i71,8.82041072845459,7.74,validation
4i8w,9.143054962158203,10.9,validation
4ibc,5.480354309082031,2.98,validation
4ibd,5.8440589904785165,3.67,validation
4ibg,6.174589157104492,3.97,validation
4ibj,6.4415283203125,4.33,validation
4ibk,5.568138122558594,4.3,validation
4ieh,8.27727222442627,7.85,validation
4io4,4.688934326171875,4.61,validation
4io5,4.291264533996582,5.03,validation
4io6,6.287814140319824,4.82,validation
4ipi,4.650550842285156,5.32,validation
4isu,4.487164497375488,3.68,validation
4iwz,7.716607093811035,7.29,validation
4j44,5.262762546539307,5.73,validation
4jc1,3.19632339477539,4.3,validation
4jyb,5.86327075958252,6.96,validation
4jyc,5.699908256530763,6.7,validation
4jym,4.085990905761719,5.04,validation
4k3h,7.97688102722168,6.85,validation
4k55,4.0076904296875,5.51,validation
4k6i,8.037922859191895,6.2,validation
4kax,5.845438957214356,4.77,validation
4kcx,6.593211174011231,4.43,validation
4kiu,6.18996524810791,3.85,validation
4knn,9.089505195617676,7.78,validation
4kp8,7.834317207336426,5.48,validation
4ks1,6.843619346618652,8.82,validation
4kwf,6.447845458984375,4.82,validation
4kwg,6.903691291809082,6.0,validation
4kx8,7.542244911193848,7.13,validation
4kxb,6.386734008789063,4.12,validation
4kxn,5.685383796691895,6.1,validation
4kyk,6.594834327697754,4.74,validation
4kzb,5.790558815002441,2.89,validation
4l4z,4.740293502807617,5.68,validation
4lar,4.483448028564453,4.68,validation
4lhm,4.923457622528076,3.39,validation
4lkq,4.849860191345215,3.35,validation
4llp,3.558967113494873,4.8,validation
4lm2,4.219237327575684,3.03,validation
4lm3,5.002220630645752,2.92,validation
4lrr,7.588757514953612,5.22,validation
4ly1,8.262214660644531,7.26,validation
4m0f,8.12177848815918,8.77,validation
4m12,7.683426856994629,6.05,validation
4m2r,8.498852729797362,8.49,validation
4m8e,7.3757991790771475,7.89,validation
4m8h,7.6652774810791025,7.6,validation
4mc1,8.176591873168945,7.85,validation
4mhy,7.668444633483888,6.47,validation
4mhz,6.044618606567383,6.87,validation
4mmm,3.8100626468658447,3.82,validation
4mo4,4.777002334594727,4.22,validation
4n3l,7.87370491027832,7.0,validation
4n5d,4.1701393127441415,3.22,validation
4n6g,5.337018489837647,5.47,validation
4n6h,7.518380165100098,9.28,validation
4n7m,4.131192207336427,5.47,validation
4n8q,3.990580320358277,3.42,validation
4na9,7.725594520568848,7.39,validation
4nbk,4.909250259399414,3.87,validation
4nkt,5.056056022644043,5.97,validation
4nku,5.700753211975098,4.67,validation
4nl1,4.362004280090332,3.89,validation
4nnr,7.1546125411987305,7.26,validation
4non,5.616710662841797,5.24,validation
4np3,4.5640525817871085,3.3,validation
4nra,4.844058036804199,4.19,validation
4nuc,6.772225379943848,6.04,validation
4o07,6.953186988830566,7.38,validation
4o0b,7.459358215332031,8.3,validation
4o2c,6.155876159667969,8.0,validation
4o2p,7.866555213928223,6.7,validation
4o61,3.6542816162109375,4.3,validation
4oc1,8.168825149536133,6.6,validation
4oeu,5.822327613830566,7.66,validation
4oiv,8.411273956298826,5.08,validation
4oks,6.519797325134277,4.48,validation
4or4,4.813557624816895,4.57,validation
4owv,3.9806396961212163,4.35,validation
4ozj,6.259135246276856,5.4,validation
4p5d,7.925263404846191,5.82,validation
4pft,6.6673078536987305,8.64,validation
4pfu,5.282326698303223,6.17,validation
4pp3,7.812241554260254,7.82,validation
4q19,7.0677127838134775,8.05,validation
4q1w,10.059563636779783,11.7,validation
4q1x,10.009232521057127,11.15,validation
4q46,4.7223472595214835,3.77,validation
4q6e,8.588543891906737,6.18,validation
4q7v,5.10887622833252,3.59,validation
4q81,5.8212337493896475,3.02,validation
4q93,5.141783714294434,4.65,validation
4q99,4.742124557495117,6.28,validation
4q9y,5.1821866035461435,5.68,validation
4qb3,5.866997718811035,5.47,validation
4qem,3.3517241477966313,7.8,validation
4qf7,6.408402442932129,8.6,validation
4qf9,5.246222496032715,4.43,validation
4qfp,5.357032775878906,4.23,validation
4qhc,5.931427955627441,6.7,validation
4qj0,7.971595764160156,7.32,validation
4qjo,8.086601257324219,7.4,validation
4qnb,6.657488822937013,6.59,validation
4qp2,4.118101119995116,3.03,validation
4qpd,5.823298454284668,7.82,validation
4qsv,4.460890293121338,2.0,validation
4qtl,8.14905834197998,6.92,validation
4qxo,6.447161674499513,5.51,validation
4qxq,6.148419380187987,5.7,validation
4r75,6.4964332580566415,7.24,validation
4ra1,4.691521644592285,5.94,validation
4rd6,5.718616485595702,6.28,validation
4rfd,8.008353233337402,8.05,validation
4riu,8.305142402648926,7.3,validation
4rn4,7.49526309967041,6.94,validation
4rpn,7.3396968841552725,6.96,validation
4rqv,5.7646751403808585,5.05,validation
4rvr,5.045914649963379,6.87,validation
4ryd,7.203524589538574,11.26,validation
4tim,3.890902996063232,2.16,validation
4tjz,5.896702766418457,5.97,validation
4tln,4.814406871795653,3.72,validation
4tmk,5.449711799621582,7.7,validation
4tun,4.4989776611328125,5.41,validation
4u0f,4.825185775756836,5.92,validation
4u54,4.494743347167969,2.06,validation
4u5o,5.4597816467285165,2.42,validation
4ua8,4.329470634460448,6.26,validation
4ufh,4.42009973526001,6.42,validation
4uof,4.960906982421875,4.84,validation
4up5,4.6425323486328125,2.6,validation
4us3,8.094786643981934,5.32,validation
4w9f,6.718094825744629,5.49,validation
4w9k,7.617509841918945,6.54,validation
4w9o,7.566390037536621,7.77,validation
4w9p,8.038121223449707,7.8,validation
4whs,3.720893144607544,4.12,validation
4wup,7.670177459716798,9.82,validation
4x3k,5.2654147148132315,4.56,validation
4x50,7.374168395996094,7.75,validation
4x5z,7.810505867004394,7.63,validation
4x6o,8.544557571411133,8.72,validation
4x8o,5.464941024780273,6.6,validation
4x8u,3.594020128250122,2.46,validation
4xaq,6.7587890625,7.14,validation
4xt2,7.749814987182617,7.15,validation
4xtv,8.588190078735353,9.27,validation
4xtw,8.002262115478517,9.03,validation
4xtx,7.7799482345581055,10.57,validation
4xu1,9.10389232635498,9.49,validation
4xxh,6.60068416595459,5.0,validation
4xya,6.4174442291259775,5.86,validation
4y79,8.147619247436522,7.96,validation
4yhq,9.615150451660156,8.77,validation
4yml,9.520482063293457,8.35,validation
4ymq,7.453737258911133,5.8,validation
4ysl,4.8458571434021,5.8,validation
4yzu,6.137805938720702,5.05,validation
4z0q,8.407079696655272,8.17,validation
4z1e,8.024744033813478,8.24,validation
4z6i,5.952352523803711,6.31,validation
4zbi,7.247690200805664,6.51,validation
4zhm,6.707869529724121,8.05,validation
4zls,9.166990280151367,9.09,validation
4zo5,7.616790771484375,9.82,validation
4zwx,6.9307003021240225,8.7,validation
4zzx,6.9467124938964835,6.9,validation
4zzy,7.029726028442383,5.6,validation
5a5q,4.924571514129639,4.68,validation
5ahw,5.2403178215026855,5.17,validation
5alb,9.210472106933594,10.71,validation
5am6,7.5395164489746085,6.73,validation
5am7,7.787114143371582,7.19,validation
5amd,8.886652946472168,8.55,validation
5aol,4.206221580505371,2.32,validation
5boj,6.25966739654541,7.0,validation
5btx,5.720804214477539,3.55,validation
5bv3,5.554476737976074,7.17,validation
5c2a,8.149868011474611,8.32,validation
5c5t,5.461833953857422,3.13,validation
5c8n,8.194385528564451,7.55,validation
5cas,8.464396476745605,8.85,validation
5cbs,6.2314958572387695,5.41,validation
5cjf,7.965374946594237,9.59,validation
5ct2,6.011394500732423,2.92,validation
5dit,7.692585945129394,6.15,validation
5e13,6.3836212158203125,4.24,validation
5e8f,5.2221412658691415,8.64,validation
5efa,6.323834419250487,4.83,validation
5fl6,7.811948776245117,7.36,validation
5upj,6.550423622131348,7.12,validation
5yas,4.019509792327882,3.26,validation
6upj,6.521462440490723,6.32,validation
1a30,5.806934356689452,4.3,test
1bcu,5.096983432769775,3.28,test
1bzc,5.77125358581543,4.92,test
1c5z,3.5457677841186523,4.01,test
1e66,8.247431755065918,9.89,test
1eby,8.608455657958983,9.7,test
1gpk,7.076024055480957,5.37,test
1gpn,7.1291351318359375,6.48,test
1h22,7.525664329528809,9.1,test
1h23,7.0633583068847665,8.35,test
1k1i,6.947897911071777,6.58,test
1lpg,7.597628593444824,7.09,test
1mq6,8.468389511108397,11.15,test
1nc1,8.668210029602049,6.12,test
1nc3,7.614428520202638,5.0,test
1nvq,8.564992904663086,8.25,test
1o0h,4.598017692565918,5.92,test
1o3f,6.6923179626464835,7.96,test
1o5b,5.345117568969727,5.77,test
1owh,6.623366355895996,7.4,test
1oyt,7.979779243469237,7.24,test
1p1n,7.484923362731934,6.8,test
1p1q,6.711033821105957,4.89,test
1ps3,6.239703178405763,2.28,test
1pxn,6.614398002624513,7.15,test
1q8t,4.674905776977539,4.76,test
1q8u,7.128249168395996,5.96,test
1qf1,7.328186988830566,7.32,test
1qkt,7.201357841491699,9.04,test
1r5y,6.494922637939452,6.46,test
1s38,6.500791549682617,5.15,test
1sqa,6.770081520080566,9.21,test
1syi,7.409412384033202,5.44,test
1u1b,6.523639678955077,7.8,test
1uto,3.35019850730896,2.27,test
1vso,5.008971214294434,4.72,test
1w4o,4.62568473815918,5.22,test
1y6r,10.398118019104004,10.11,test
1yc1,7.721250534057617,6.17,test
1ydr,7.169066429138184,5.52,test
1ydt,6.656308174133301,7.32,test
1z6e,8.67938232421875,9.72,test
1z95,8.588521003723145,7.12,test
1z9g,5.7352638244628915,5.64,test
2al5,6.259818077087402,8.4,test
2br1,7.980653762817383,5.14,test
2brb,6.780844688415527,4.86,test
2c3i,7.031857490539551,7.6,test
2cbv,6.413311958312987,5.48,test
2cet,8.518525123596191,8.02,test
2fvd,8.071550369262695,8.52,test
2fxs,6.1542253494262695,6.06,test
2hb1,3.3263602256774902,3.8,test
2iwx,6.788897514343263,6.68,test
2j78,6.477198600769043,6.42,test
2j7h,5.9563026428222665,7.19,test
2p15,8.403839111328125,10.3,test
2p4y,7.8012189865112305,9.0,test
2pog,7.462690353393555,9.54,test
2qbp,7.726195335388184,8.4,test
2qbq,6.586963653564452,7.44,test
2qbr,6.320413589477539,6.33,test
2qe4,8.036133766174316,7.96,test
2qnq,7.336381912231445,6.11,test
2r9w,5.740487098693848,5.1,test
2v00,4.367109298706056,3.66,test
2v7a,8.268653869628906,8.3,test
2vkm,7.774062156677246,8.74,test
2vvn,5.974510192871094,7.3,test
2vw5,6.618098258972168,8.52,test
2w4x,3.6629233360290527,4.85,test
2w66,5.55609130859375,4.05,test
2wbg,5.178508758544922,4.45,test
2wca,5.117690563201903,5.6,test
2weg,6.969717979431152,6.5,test
2wer,6.523359298706055,7.05,test
2wn9,5.384064674377441,8.52,test
2wnc,6.09779167175293,6.32,test
2wtv,8.596479415893555,8.74,test
2wvt,5.464818000793457,6.12,test
2x00,7.142608642578125,11.33,test
2xb8,6.752006530761719,7.59,test
2xbv,8.587735176086426,8.43,test
2xdl,5.452783584594727,3.1,test
2xii,8.401149749755861,7.2,test
2xj7,6.072101593017577,6.66,test
2xnb,8.121795654296875,6.83,test
2xys,7.159339904785156,7.42,test
2y5h,8.339557647705076,5.79,test
2yfe,6.3169145584106445,6.63,test
2yge,6.092215538024902,5.06,test
2yki,8.299234390258789,9.46,test
2ymd,6.8112525939941415,3.16,test
2zb1,7.322620391845702,6.32,test
2zcq,7.6533660888671875,8.82,test
2zcr,7.648993492126465,6.87,test
2zda,7.163689613342285,8.4,test
2zy1,6.923810005187987,7.4,test
3acw,7.122161865234375,4.76,test
3ag9,5.496053695678711,8.05,test
3ao4,5.974072456359862,2.07,test
3arp,7.0897865295410165,7.15,test
3arq,5.869624137878418,6.4,test
3aru,4.394595146179198,3.22,test
3arv,5.261857509613037,5.64,test
3ary,4.997077465057373,6.0,test
3b1m,7.340826988220215,8.48,test
3b27,7.341008186340332,5.16,test
3b5r,8.823901176452637,8.77,test
3b65,7.288233757019043,9.27,test
3b68,7.3993892669677725,8.4,test
3bgz,7.5002899169921875,6.26,test
3bv9,7.348320960998535,5.36,test
3cj4,5.931968688964844,6.51,test
3coy,6.1657161712646475,6.02,test
3coz,6.219411849975586,5.57,test
3cyx,7.936674118041992,8.0,test
3d4z,6.19643497467041,4.89,test
3d6q,4.0374908447265625,3.76,test
3dd0,8.347420692443848,9.0,test
3dx1,4.806769371032715,3.58,test
3dx2,6.807822227478027,6.82,test
3dxg,4.013207912445068,2.4,test
3e5a,7.626075744628906,8.23,test
3e92,8.275748252868652,8.0,test
3e93,8.999778747558594,8.85,test
3ebp,5.770560264587402,5.91,test
3ehy,7.350113868713379,5.85,test
3ejr,7.6308021545410165,8.57,test
3f3a,5.718197822570801,4.19,test
3f3c,5.70849609375,6.02,test
3f3d,7.083046913146973,7.16,test
3f3e,6.621037483215332,7.7,test
3fcq,5.497045516967773,2.77,test
3fur,8.478012084960938,8.0,test
3fv1,8.418190002441406,9.3,test
3fv2,7.94892692565918,8.11,test
3g0w,7.59428596496582,9.52,test
3g2n,3.8065025806427,4.09,test
3g2z,3.413902282714844,2.36,test
3g31,4.519672393798828,2.89,test
3gbb,7.630412101745605,6.9,test
3gc5,7.589629173278809,7.26,test
3ge7,7.616738319396973,8.7,test
3gnw,8.295019149780272,9.1,test
3gr2,4.244487762451172,2.52,test
3gv9,4.342702865600587,2.12,test
3gy4,3.9857017993927,5.1,test
3ivg,6.862319946289063,4.3,test
3jvr,6.4509525299072275,5.72,test
3jvs,6.956941604614258,6.54,test
3jya,6.7510833740234375,6.89,test
3k5v,7.448311805725098,6.3,test
3kgp,3.742486715316773,2.57,test
3kr8,7.3987979888916025,8.1,test
3kwa,6.593325614929199,4.08,test
3l7b,3.9874424934387207,2.4,test
3lka,5.044499397277832,2.82,test
3mss,5.218466758728027,4.66,test
3myg,8.584445953369139,10.7,test
3n76,6.904914855957031,6.85,test
3n7a,4.116898059844972,3.7,test
3n86,6.962733268737793,5.64,test
3nq9,4.753496170043945,4.03,test
3nw9,7.843879699707031,9.0,test
3nx7,7.539405822753906,8.1,test
3o9i,10.620473861694336,11.82,test
3oe4,7.457732200622559,7.47,test
3oe5,6.567572593688965,6.88,test
3ozs,6.489956855773926,5.33,test
3ozt,6.723705291748048,4.13,test
3p5o,6.7962608337402335,7.26,test
3prs,7.347105026245117,7.82,test
3pww,7.691123962402344,7.32,test
3pxf,4.830389022827148,4.43,test
3pyy,7.488125801086426,6.86,test
3qgy,7.079249382019043,7.8,test
3qqs,4.696946144104004,5.82,test
3r88,4.072847843170166,4.82,test
3rlr,7.855437278747559,7.52,test
3rr4,6.61385440826416,4.55,test
3rsx,5.67164421081543,4.41,test
3ryj,8.39426326751709,7.8,test
3syr,4.311078071594238,5.1,test
3tsk,7.40645694732666,7.17,test
3twp,3.017566204071045,3.92,test
3u5j,6.229957580566406,5.61,test
3u8k,7.983685493469237,8.66,test
3u8n,8.808857917785645,10.17,test
3u9q,6.011575698852539,4.38,test
3udh,5.130309104919434,2.85,test
3ueu,5.9504337310791025,5.24,test
3uev,6.621304512023926,5.89,test
3uew,6.792641639709473,6.31,test
3uex,7.381429672241211,6.92,test
3ui7,8.332110404968263,9.0,test
3uo4,7.347237586975098,6.52,test
3up2,7.969327926635742,7.4,test
3uri,7.046445846557617,9.0,test
3utu,7.554413795471191,10.92,test
3uuo,7.509343147277832,7.96,test
3wtj,8.355815887451174,6.53,test
3wz8,6.43161678314209,5.82,test
3zdg,5.572868347167969,7.1,test
3zso,6.026734352111816,5.12,test
3zsx,5.036333084106445,3.28,test
3zt2,5.018655776977539,2.84,test
4abg,4.8889570236206055,3.57,test
4agn,4.97829532623291,3.97,test
4agp,6.820071220397949,4.69,test
4agq,7.0431060791015625,5.01,test
4bkt,4.95592212677002,3.62,test
4cig,5.593572616577148,3.67,test
4ciw,5.648702621459961,4.82,test
4cr9,5.194465637207031,4.1,test
4cra,8.252168655395508,7.22,test
4crc,8.831194877624512,8.72,test
4ddh,4.653359413146973,3.3,test
4ddk,3.7070407867431636,2.29,test
4de1,6.047165870666504,5.96,test
4de2,6.309354782104492,4.12,test
4de3,5.17404842376709,5.52,test
4djv,6.359382629394531,6.72,test
4dld,6.7900800704956055,5.82,test
4dli,6.010405540466309,5.62,test
4e5w,8.227133750915527,7.66,test
4e6q,8.321186065673826,8.36,test
4ea2,7.929757118225098,6.44,test
4eky,5.889213562011719,3.52,test
4eo8,6.6440467834472665,8.15,test
4eor,6.678574562072754,6.3,test
4f09,7.742173194885254,6.7,test
4f2w,10.249260902404783,11.3,test
4f3c,8.37430477142334,11.82,test
4f9w,6.657414436340332,6.94,test
4gfm,7.636741638183594,7.22,test
4gid,8.218932151794434,10.77,test
4gkm,4.9226417541503915,5.17,test
4gr0,8.759061813354492,9.55,test
4hge,8.301411628723145,7.92,test
4ih5,5.100457191467285,4.11,test
4ih7,6.803682327270508,5.24,test
4ivb,9.156659126281738,8.72,test
4ivc,8.953250885009766,10.0,test
4ivd,8.845752716064453,9.52,test
4j21,7.624265670776367,7.41,test
4j28,7.691305160522461,5.7,test
4j3l,7.688429832458496,7.8,test
4jfs,7.6739463806152335,5.27,test
4jia,7.537482261657715,9.22,test
4jsz,4.1731958389282235,2.3,test
4jxs,5.86522388458252,4.74,test
4k18,8.059787750244139,8.96,test
4k77,6.421969413757324,6.63,test
4kz6,5.579503059387207,3.1,test
4kzq,6.944060325622559,6.1,test
4kzu,7.5332279205322275,6.5,test
4llx,4.168782234191895,2.89,test
4lzs,4.7604660987854,4.8,test
4m0y,5.554368019104004,6.46,test
4m0z,7.320555686950684,5.19,test
4mgd,7.81418514251709,4.69,test
4mme,6.561911582946777,6.5,test
4mrw,5.10543155670166,3.3,test
4mrz,4.581033229827881,3.52,test
4msc,6.408836364746094,5.96,test
4msn,4.688268661499023,4.03,test
4ogj,6.631875991821289,6.79,test
4owm,3.672310113906861,2.96,test
4pcs,6.698542594909668,7.85,test
4qac,7.027547836303711,9.4,test
4qd6,6.964350700378418,8.64,test
4rfm,8.338371276855469,10.05,test
4tmn,6.899813652038574,10.17,test
4twp,7.812273025512695,10.0,test
4ty7,7.930657386779785,9.52,test
4u4s,5.664427757263184,2.92,test
4w9c,5.948561668395996,4.65,test
4w9h,6.5228538513183585,6.73,test
4w9i,6.197998046875,5.96,test
4w9l,7.187065124511719,5.02,test
4wiv,7.05338191986084,6.26,test
4x6p,7.8059444427490225,8.3,test
5a7b,6.573208808898926,3.57,test
5aba,5.636918067932129,2.98,test
5c1w,5.791587829589844,5.06,test
5c28,4.509221076965332,5.66,test
5c2h,8.319559097290039,11.09,test
5dwr,8.315049171447754,11.22,test
5tmn,7.370217323303223,8.04,test
10gs,5.911812782287598,6.4,core2013
1a30,5.807048797607422,4.3,core2013
1bcu,5.097307205200195,3.28,core2013
1e66,8.247394561767578,9.89,core2013
1f8b,4.216489791870117,5.4,core2013
1f8c,4.873335361480713,7.4,core2013
1f8d,4.537747383117676,3.4,core2013
1gpk,7.076157569885254,5.37,core2013
1h23,7.06307315826416,8.35,core2013
1hfs,7.932094573974609,8.7,core2013
1hnn,7.359901428222656,6.24,core2013
1igj,7.310688018798828,10.0,core2013
1jyq,6.725190162658691,8.7,core2013
1kel,5.871364593505859,7.28,core2013
1lbk,4.297205924987793,3.18,core2013
1lol,4.654623985290527,6.39,core2013
1loq,5.230619430541992,3.7,core2013
1lor,6.1358842849731445,11.06,core2013
1mq6,8.468432426452637,11.15,core2013
1n1m,5.311714172363281,5.7,core2013
1n2v,6.6863250732421875,4.08,core2013
1nvq,8.565152168273926,8.25,core2013
1o3f,6.69248104095459,7.96,core2013
1o5b,5.345401287078857,5.77,core2013
1os0,7.712780952453613,6.03,core2013
1oyt,7.979853630065918,7.24,core2013
1p1q,6.711456298828125,4.89,core2013
1ps3,6.239961624145508,2.28,core2013
1q8t,4.6749725341796875,4.76,core2013
1q8u,7.128192901611328,5.96,core2013
1qi0,4.531004905700684,2.35,core2013
1r5y,6.495394706726074,6.46,core2013
1sln,6.401213645935059,6.64,core2013
1sqa,6.7701520919799805,9.21,core2013
1u1b,6.52346134185791,7.8,core2013
1u33,6.0363616943359375,4.6,core2013
1uto,3.350414752960205,2.27,core2013
1vso,5.009133338928223,4.72,core2013
1w3k,5.290989875793457,4.3,core2013
1w3l,5.071074485778809,6.28,core2013
1w4o,4.62594747543335,5.22,core2013
1xd0,7.021854400634766,7.12,core2013
1yc1,7.721285820007324,6.17,core2013
1z95,8.588467597961426,7.12,core2013
1zea,6.377261161804199,5.22,core2013
2brb,6.7810564041137695,4.86,core2013
2cbj,4.984285354614258,8.27,core2013
2cet,8.519004821777344,8.02,core2013
2d1o,6.877344131469727,7.7,core2013
2d3u,7.178952217102051,6.92,core2013
2fvd,8.071718215942383,8.52,core2013
2g70,5.529694557189941,7.77,core2013
2gss,5.594727516174316,4.94,core2013
2hb1,3.3266077041625977,3.8,core2013
2iwx,6.789087295532227,6.68,core2013
2j62,8.16119384765625,11.34,core2013
2j78,6.477739334106445,6.42,core2013
2jdm,3.700749635696411,5.4,core2013
2jdu,4.026494026184082,6.72,core2013
2jdy,5.115924835205078,4.37,core2013
2obf,7.644177436828613,8.85,core2013
2ole,8.052236557006836,7.25,core2013
2p4y,7.801197052001953,9.0,core2013
2pcp,7.4423627853393555,8.7,core2013
2pq9,6.253735542297363,8.11,core2013
2qbp,7.726408958435059,8.4,core2013
2qbr,6.320555686950684,6.33,core2013
2qft,4.012529373168945,5.26,core2013
2qmj,5.906721115112305,4.21,core2013
2r23,4.758572578430176,3.72,core2013
2v00,4.367476463317871,3.66,core2013
2v7a,8.268560409545898,8.3,core2013
2vl4,7.558794021606445,6.01,core2013
2vo5,8.786369323730469,4.89,core2013
2vot,8.868779182434082,7.14,core2013
2vvn,5.974617958068848,7.3,core2013
2vw5,6.618157386779785,8.52,core2013
2w66,5.556434631347656,4.05,core2013
2wbg,5.178803443908691,4.45,core2013
2wca,5.117897987365723,5.6,core2013
2weg,6.969666481018066,6.5,core2013
2wtv,8.596478462219238,8.74,core2013
2x00,7.1426239013671875,11.33,core2013
2x0y,5.518916130065918,4.6,core2013
2x8z,5.480476379394531,7.96,core2013
2x97,5.963130950927734,5.66,core2013
2xb8,6.752494812011719,7.59,core2013
2xbv,8.58780288696289,8.43,core2013
2xdl,5.452971458435059,3.1,core2013
2xhm,6.266060829162598,6.8,core2013
2xnb,8.121813774108887,6.83,core2013
2xy9,8.009928703308105,9.19,core2013
2xys,7.159122467041016,7.42,core2013
2y5h,8.339694023132324,5.79,core2013
2yfe,6.3169050216674805,6.63,core2013
2yge,6.092338562011719,5.06,core2013
2yki,8.2991361618042,9.46,core2013
2ymd,6.811816215515137,3.16,core2013
2zcq,7.653216361999512,8.82,core2013
2zcr,7.648843765258789,6.87,core2013
2zjw,7.356449127197266,7.7,core2013
2zwz,6.760787010192871,7.79,core2013
2zx6,8.489689826965332,10.6,core2013
2zxd,5.4189605712890625,5.22,core2013
3acw,7.122312545776367,4.76,core2013
3ag9,5.496058464050293,8.05,core2013
3ao4,5.974605560302734,2.07,core2013
3b3s,6.089319229125977,2.55,core2013
3b3w,5.289214134216309,4.19,core2013
3b68,7.399435997009277,8.4,core2013
3bfu,7.376128196716309,6.27,core2013
3bkk,7.48836612701416,6.08,core2013
3bpc,4.288581848144531,4.8,core2013
3cft,5.319643974304199,4.19,core2013
3cj2,6.212865829467773,4.85,core2013
3coy,6.16580867767334,6.02,core2013
3cyx,7.936532974243164,8.0,core2013
3d4z,6.196781158447266,4.89,core2013
3dd0,8.347424507141113,9.0,core2013
3dxg,4.013482093811035,2.4,core2013
3e93,8.999785423278809,8.85,core2013
3ebp,5.770687103271484,5.91,core2013
3ehy,7.349980354309082,5.85,core2013
3ejr,7.63077449798584,8.57,core2013
3f17,8.075472831726074,8.63,core2013
3f3a,5.718474388122559,4.19,core2013
3f3c,5.709046363830566,6.02,core2013
3f3e,6.621315956115723,7.7,core2013
3f80,6.451193809509277,4.22,core2013
3fcq,5.497135162353516,2.77,core2013
3fk1,3.9212570190429688,2.62,core2013
3fv1,8.417917251586914,9.3,core2013
3g0w,7.594254493713379,9.52,core2013
3g2n,3.8067684173583984,4.09,core2013
3g2z,3.4141221046447754,2.36,core2013
3gbb,7.630524635314941,6.9,core2013
3gcs,7.705562591552734,7.25,core2013
3ge7,7.616792678833008,8.7,core2013
3gnw,8.29509162902832,9.1,core2013
3gy4,3.986177682876587,5.1,core2013
3huc,7.912026405334473,5.99,core2013
3i3b,3.584465980529785,2.23,core2013
3imc,4.117654800415039,2.96,core2013
3ivg,6.862381935119629,4.3,core2013
3jvs,6.95703125,6.54,core2013
3k5v,7.448407173156738,6.3,core2013
3kgp,3.7427680492401123,2.57,core2013
3kv2,4.233752250671387,7.32,core2013
3kwa,6.593231201171875,4.08,core2013
3l3n,8.333277702331543,8.18,core2013
3l4u,5.870595932006836,7.52,core2013
3l4w,5.308574676513672,6.0,core2013
3l7b,3.9877872467041016,2.4,core2013
3lka,5.04457950592041,2.82,core2013
3mfv,4.931604385375977,2.52,core2013
3mss,5.218561172485352,4.66,core2013
3muz,3.725087881088257,3.46,core2013
3myg,8.584489822387695,10.7,core2013
3n7a,4.117684364318848,3.7,core2013
3n86,6.963338851928711,5.64,core2013
3nox,8.437935829162598,8.66,core2013
3nq3,5.7156267166137695,3.78,core2013
3nw9,7.8436174392700195,9.0,core2013
3oe5,6.56740665435791,6.88,core2013
3ov1,6.370654106140137,5.2,core2013
3owj,6.691633224487305,6.07,core2013
3ozt,6.723687171936035,4.13,core2013
3pe2,7.913140296936035,9.76,core2013
3pww,7.691261291503906,7.32,core2013
3pxf,4.830451011657715,4.43,core2013
3s8o,7.188427925109863,6.85,core2013
3su2,8.425549507141113,7.35,core2013
3su3,8.370625495910645,9.13,core2013
3su5,8.387261390686035,5.58,core2013
3u9q,6.011626243591309,4.38,core2013
3udh,5.130698204040527,2.85,core2013
3ueu,5.950381278991699,5.24,core2013
3uex,7.381342887878418,6.92,core2013
3uo4,7.347241401672363,6.52,core2013
3uri,7.046255111694336,9.0,core2013
3utu,7.554291725158691,10.92,core2013
3vd4,4.657891273498535,4.82,core2013
3vh9,5.551445960998535,6.24,core2013
3zso,6.026873588562012,5.12,core2013
3zsx,5.0363874435424805,3.28,core2013
4de1,6.0477447509765625,5.96,core2013
4de2,6.309922218322754,4.12,core2013
4des,7.026158332824707,5.85,core2013
4dew,6.570764541625977,7.0,core2013
4djr,10.091032028198242,11.52,core2013
4djv,6.359513282775879,6.72,core2013
4g8m,6.244329452514648,7.89,core2013
4gid,8.218754768371582,10.77,core2013
4gqq,4.390222549438477,2.89,core2013
4tmn,6.899890899658203,10.17,core2013
